user_id,business_id,name,neighborhood,stars
Y76nS3L426UCz7N_1pUfUQ,u-67zd1ImTv3EEr5kIdWrA,"""House of Blues - Music Venue""",The Strip,4
jierO7pbroyHWTjDDhMubQ,CCRgGKhzxSpl38w7yhqKUw,"""Noodles""",The Strip,3
CZs1Eq7t1fqpXV1yox-CVg,u-67zd1ImTv3EEr5kIdWrA,"""House of Blues - Music Venue""",The Strip,4
Zqk-ye_OHeH_sS1JsdsLgg,pKk7jCFIm96qDdk0laVT2w,"""StripSteak""",The Strip,4
2xoQviFaWZyVtvcxUsD1Xw,pKk7jCFIm96qDdk0laVT2w,"""StripSteak""",The Strip,3
fVh5YZ4acN8mLqJBS8Q_Kg,Cni2l-VKG_pdospJ6xliXQ,"""Burger Bar""",The Strip,4
xxI7Yz6jYRIgsatip7NoZQ,CCRgGKhzxSpl38w7yhqKUw,"""Noodles""",The Strip,4
8lL-554wLEOxCrroFa4aeg,Cni2l-VKG_pdospJ6xliXQ,"""Burger Bar""",The Strip,4
3wB-JjsUjkvdNUDRnChsVg,u-67zd1ImTv3EEr5kIdWrA,"""House of Blues - Music Venue""",The Strip,2
3wB-JjsUjkvdNUDRnChsVg,pKk7jCFIm96qDdk0laVT2w,"""StripSteak""",The Strip,4
3wB-JjsUjkvdNUDRnChsVg,Cni2l-VKG_pdospJ6xliXQ,"""Burger Bar""",The Strip,4
wrZOLGBk5kLs4mnEijSEZw,u-67zd1ImTv3EEr5kIdWrA,"""House of Blues - Music Venue""",The Strip,5
m8nDqQ7a3zQWfkNK1_vwnQ,pKk7jCFIm96qDdk0laVT2w,"""StripSteak""",The Strip,5
-hxUwfo3cMnLTv-CAaP69A,u-67zd1ImTv3EEr5kIdWrA,"""House of Blues - Music Venue""",The Strip,3
-hxUwfo3cMnLTv-CAaP69A,7fxebHYUwIF6CakxSr70iQ,"""Carnevino""",The Strip,3
LWym-jt0No9S5INdISPgUA,pik4ebdFa0UcUhnNkivFcg,"""Carmine's Italian Restaurant - Las Vegas""",The Strip,4
vsycMyAF-KPR7jsMJXbIEw,7fxebHYUwIF6CakxSr70iQ,"""Carnevino""",The Strip,4
rTP_xCgLW691is5U9Pw3OA,pKk7jCFIm96qDdk0laVT2w,"""StripSteak""",The Strip,4
xP1IYu2eGfxMWV9tjrurIw,pKk7jCFIm96qDdk0laVT2w,"""StripSteak""",The Strip,4
dfSYbfNcN2xV4IoR2QqDCw,u-67zd1ImTv3EEr5kIdWrA,"""House of Blues - Music Venue""",The Strip,2
DQYMtGFO1-DUGB0yX3a4Qg,Cni2l-VKG_pdospJ6xliXQ,"""Burger Bar""",The Strip,4
aerGPzZggTV_KGOzaemG3Q,Cni2l-VKG_pdospJ6xliXQ,"""Burger Bar""",The Strip,2
mxwMqra7TEZ6K4ML3DgPmA,Cni2l-VKG_pdospJ6xliXQ,"""Burger Bar""",The Strip,3
JXHrhT72U6sZJQSkFfNzjw,CCRgGKhzxSpl38w7yhqKUw,"""Noodles""",The Strip,2
JXHrhT72U6sZJQSkFfNzjw,7fxebHYUwIF6CakxSr70iQ,"""Carnevino""",The Strip,5
pnl0f96Q1ge8LmQbZ3lYWQ,7fxebHYUwIF6CakxSr70iQ,"""Carnevino""",The Strip,1
JlwWHBFT76iSJe5mWIcZ4A,Cni2l-VKG_pdospJ6xliXQ,"""Burger Bar""",The Strip,4
aD263WOD4RShoqgvVhcKqQ,Cni2l-VKG_pdospJ6xliXQ,"""Burger Bar""",The Strip,3
3sBwgZwlReW5koErzBFhLw,pKk7jCFIm96qDdk0laVT2w,"""StripSteak""",The Strip,4
myzqUU3QKOrRihONZ7LqmQ,pik4ebdFa0UcUhnNkivFcg,"""Carmine's Italian Restaurant - Las Vegas""",The Strip,5
Vi5tkhwsnQd9b7W3Y4hFmQ,pik4ebdFa0UcUhnNkivFcg,"""Carmine's Italian Restaurant - Las Vegas""",The Strip,4
TQHiVTP-g3mYyDxwv784_A,Cni2l-VKG_pdospJ6xliXQ,"""Burger Bar""",The Strip,3
eRi1tFtC0wk96JRK6suMrg,CCRgGKhzxSpl38w7yhqKUw,"""Noodles""",The Strip,3
hqTKSWOdOK7d3IMciHvZxQ,pik4ebdFa0UcUhnNkivFcg,"""Carmine's Italian Restaurant - Las Vegas""",The Strip,1
kE6iPQ_V5CioWX872vPQaw,Cni2l-VKG_pdospJ6xliXQ,"""Burger Bar""",The Strip,4
srfI-CaiKekRspL1CeU-Bw,7fxebHYUwIF6CakxSr70iQ,"""Carnevino""",The Strip,3
yVbkCC9YVJ01Y6Hz5v3C8A,pKk7jCFIm96qDdk0laVT2w,"""StripSteak""",The Strip,5
GnfXMcbFNEtE5oMUHINdnw,pKk7jCFIm96qDdk0laVT2w,"""StripSteak""",The Strip,5
BhkkJQbSy_womFDYIYTgQg,CCRgGKhzxSpl38w7yhqKUw,"""Noodles""",The Strip,2
cmAOi-jtZi8idHo9cpjUvA,CCRgGKhzxSpl38w7yhqKUw,"""Noodles""",The Strip,5
XYmzsPTqWacTGxuvBHPnlA,pik4ebdFa0UcUhnNkivFcg,"""Carmine's Italian Restaurant - Las Vegas""",The Strip,1
On07LboilFAEaDARXKOQCA,Cni2l-VKG_pdospJ6xliXQ,"""Burger Bar""",The Strip,5
4eFwyVYwILISHh4eGUQsBQ,pKk7jCFIm96qDdk0laVT2w,"""StripSteak""",The Strip,5
DaEuyn1GgLeZ3Jn-bcZnvA,7fxebHYUwIF6CakxSr70iQ,"""Carnevino""",The Strip,4
KxrKVxdXGkfMJ9XwJZzoLQ,CCRgGKhzxSpl38w7yhqKUw,"""Noodles""",The Strip,3
LuO3Bn4f3rlhyHIaNfTlnA,pKk7jCFIm96qDdk0laVT2w,"""StripSteak""",The Strip,5
TasQXfy038MqNOd2uCDPXQ,7fxebHYUwIF6CakxSr70iQ,"""Carnevino""",The Strip,5
AXKAPbhr0O9XHGPfhruAhw,Cni2l-VKG_pdospJ6xliXQ,"""Burger Bar""",The Strip,4
r3uDOovs5SypG5GKv5-FVg,Cni2l-VKG_pdospJ6xliXQ,"""Burger Bar""",The Strip,3
YwaKGmRNnSa3R3N4Hf9jLw,u-67zd1ImTv3EEr5kIdWrA,"""House of Blues - Music Venue""",The Strip,4
i86XXjLN3e0sOl6MD_qzDw,Cni2l-VKG_pdospJ6xliXQ,"""Burger Bar""",The Strip,3
mqzisCyZ_tlpQt6HkNnhOw,Cni2l-VKG_pdospJ6xliXQ,"""Burger Bar""",The Strip,3
KZYByy2aD1lPfvVQcyOJmg,CCRgGKhzxSpl38w7yhqKUw,"""Noodles""",The Strip,1
FVLaz-4v1g11hKCtD-N6lQ,7fxebHYUwIF6CakxSr70iQ,"""Carnevino""",The Strip,5
I92rbN5La6UqlVO1E8Af3A,CCRgGKhzxSpl38w7yhqKUw,"""Noodles""",The Strip,2
GEmSOw8sOipSn4oa5WeKQA,CCRgGKhzxSpl38w7yhqKUw,"""Noodles""",The Strip,4
1PAYxBmN4iOcrh5p-vS2Ag,7fxebHYUwIF6CakxSr70iQ,"""Carnevino""",The Strip,4
NZoik0wEOHhwf8onr0AA3w,CCRgGKhzxSpl38w7yhqKUw,"""Noodles""",The Strip,5
zeI_flqkFhz38fGTzP6UFA,CCRgGKhzxSpl38w7yhqKUw,"""Noodles""",The Strip,4
6YmRpoIuiq8I19Q8dHKTHw,7fxebHYUwIF6CakxSr70iQ,"""Carnevino""",The Strip,5
vqNhX1nzCwThy3XHom08-w,pKk7jCFIm96qDdk0laVT2w,"""StripSteak""",The Strip,5
yz0s55qwi_WqVjmbyZ9ICw,Cni2l-VKG_pdospJ6xliXQ,"""Burger Bar""",The Strip,3
fYSNnu17Y63dI-56SqAzLA,Cni2l-VKG_pdospJ6xliXQ,"""Burger Bar""",The Strip,4
N9HEaAnwrXEmHZ5E8QXa4w,Cni2l-VKG_pdospJ6xliXQ,"""Burger Bar""",The Strip,5
K0smJHWZeKZQ4ca0eXPnWQ,pik4ebdFa0UcUhnNkivFcg,"""Carmine's Italian Restaurant - Las Vegas""",The Strip,1
D7DuNGPWZUmqFvAF-Otqyw,u-67zd1ImTv3EEr5kIdWrA,"""House of Blues - Music Venue""",The Strip,5
HfL8yXi6AcOxc5UhEe-dKA,Cni2l-VKG_pdospJ6xliXQ,"""Burger Bar""",The Strip,4
rdWqubsf5kLT4RtN3JW0Rw,7fxebHYUwIF6CakxSr70iQ,"""Carnevino""",The Strip,5
e6fU2rOLDXSzTpbhwhRQkg,Cni2l-VKG_pdospJ6xliXQ,"""Burger Bar""",The Strip,3
ABm3ocOu7J6XzB9cYYUViQ,Cni2l-VKG_pdospJ6xliXQ,"""Burger Bar""",The Strip,3
lIIf3E3jkPLzDn4XzK0JPQ,pKk7jCFIm96qDdk0laVT2w,"""StripSteak""",The Strip,2
PD-L5UImaZZQdpKIgmZh5A,Cni2l-VKG_pdospJ6xliXQ,"""Burger Bar""",The Strip,5
ufVTXR_WG4L7rjm2nyMbVg,Cni2l-VKG_pdospJ6xliXQ,"""Burger Bar""",The Strip,5
uddL2W9V3ThfShnFBdP9PQ,pik4ebdFa0UcUhnNkivFcg,"""Carmine's Italian Restaurant - Las Vegas""",The Strip,5
HWye3JP0TVrW1QrvAMisOQ,Cni2l-VKG_pdospJ6xliXQ,"""Burger Bar""",The Strip,2
DJuCp6NVHAmfolqDAsSQpQ,pKk7jCFIm96qDdk0laVT2w,"""StripSteak""",The Strip,5
lM19Y0-Zj3E_4Q2ygZz9FQ,Cni2l-VKG_pdospJ6xliXQ,"""Burger Bar""",The Strip,4
OyfuYYvfKRBalPAH7PqpNg,Cni2l-VKG_pdospJ6xliXQ,"""Burger Bar""",The Strip,4
UEPG6AafC_CWDLCDEfLy2A,Cni2l-VKG_pdospJ6xliXQ,"""Burger Bar""",The Strip,3
bZtS-YcNzOI-xTQnA2Dezg,pKk7jCFIm96qDdk0laVT2w,"""StripSteak""",The Strip,5
R-8VuPFv0OisoJZlTFalsQ,pKk7jCFIm96qDdk0laVT2w,"""StripSteak""",The Strip,4
R-8VuPFv0OisoJZlTFalsQ,Cni2l-VKG_pdospJ6xliXQ,"""Burger Bar""",The Strip,3
otbu_-MnzC9XsD11g4j5SQ,Cni2l-VKG_pdospJ6xliXQ,"""Burger Bar""",The Strip,5
H2ypgSQanDLuP3wkVJM1Vw,7fxebHYUwIF6CakxSr70iQ,"""Carnevino""",The Strip,1
Pn31zPx6H3fmvjWweg1U2A,u-67zd1ImTv3EEr5kIdWrA,"""House of Blues - Music Venue""",The Strip,2
mQ2fhdXToxGFaNUKuaT91Q,u-67zd1ImTv3EEr5kIdWrA,"""House of Blues - Music Venue""",The Strip,4
7a2ESiDMb2v00-5dOXHbYw,CCRgGKhzxSpl38w7yhqKUw,"""Noodles""",The Strip,5
C8RNWBpSPtmnhdJJSTOa7g,7fxebHYUwIF6CakxSr70iQ,"""Carnevino""",The Strip,5
UJPy-RaihCkZM0cduqKpBg,Cni2l-VKG_pdospJ6xliXQ,"""Burger Bar""",The Strip,4
yYWXDCaKA_6vH9FnLwlu8w,7fxebHYUwIF6CakxSr70iQ,"""Carnevino""",The Strip,4
h9q_4XP5XpTxwUUVJW-5qg,Cni2l-VKG_pdospJ6xliXQ,"""Burger Bar""",The Strip,5
hSpmR2fg4tOikTXyAx_X2Q,pik4ebdFa0UcUhnNkivFcg,"""Carmine's Italian Restaurant - Las Vegas""",The Strip,5
gakhurT9xcjCdPCBY541Gg,pik4ebdFa0UcUhnNkivFcg,"""Carmine's Italian Restaurant - Las Vegas""",The Strip,5
7ofNr44pXEe6CnIWO_qW2A,pKk7jCFIm96qDdk0laVT2w,"""StripSteak""",The Strip,5
H7x9sZ0aXkI6zU1yy6NuEw,Cni2l-VKG_pdospJ6xliXQ,"""Burger Bar""",The Strip,4
nr2Pffau3I3rjE0mDGeE1Q,CCRgGKhzxSpl38w7yhqKUw,"""Noodles""",The Strip,5
VeiabAPM1lsmD7aoCMWrWw,u-67zd1ImTv3EEr5kIdWrA,"""House of Blues - Music Venue""",The Strip,5
h0CvRLRx8grsteP6qYTdnw,pKk7jCFIm96qDdk0laVT2w,"""StripSteak""",The Strip,5
h0CvRLRx8grsteP6qYTdnw,Cni2l-VKG_pdospJ6xliXQ,"""Burger Bar""",The Strip,4
ZKIZEDFPtyeTCjctwqWw_Q,CCRgGKhzxSpl38w7yhqKUw,"""Noodles""",The Strip,4
WnCgHejW56lBgQRZvwOLhw,CCRgGKhzxSpl38w7yhqKUw,"""Noodles""",The Strip,5
q93KSB8PtxchdgcY17bH8Q,Cni2l-VKG_pdospJ6xliXQ,"""Burger Bar""",The Strip,5
HkFKRrXkNnXdJm58Eo4I7Q,7fxebHYUwIF6CakxSr70iQ,"""Carnevino""",The Strip,5
D8PJTlkMlwAyDjow3pup_Q,CCRgGKhzxSpl38w7yhqKUw,"""Noodles""",The Strip,2
_kEAWMqaESeMWPZ0a7oKjQ,7fxebHYUwIF6CakxSr70iQ,"""Carnevino""",The Strip,5
2hvRUj7K1HCrPyqicuS7gw,7fxebHYUwIF6CakxSr70iQ,"""Carnevino""",The Strip,4
rjTa7RlDuyMY49zf7olXYg,Cni2l-VKG_pdospJ6xliXQ,"""Burger Bar""",The Strip,5
-bj4evSejxRDuvYnmcGNrg,Cni2l-VKG_pdospJ6xliXQ,"""Burger Bar""",The Strip,5
aDFymRXdpTgNl1XFGsrVTA,Cni2l-VKG_pdospJ6xliXQ,"""Burger Bar""",The Strip,5
xkGP6IEypSiyGziN7w1KAw,pKk7jCFIm96qDdk0laVT2w,"""StripSteak""",The Strip,5
LsFQyJ7-rSD8J7qxHuVX9Q,u-67zd1ImTv3EEr5kIdWrA,"""House of Blues - Music Venue""",The Strip,4
rPjKsctfGJXy-AIJdxBhHw,7fxebHYUwIF6CakxSr70iQ,"""Carnevino""",The Strip,2
axzZY66fuQDjwdUzP4EyOQ,pKk7jCFIm96qDdk0laVT2w,"""StripSteak""",The Strip,5
FK_JfGRA_r0HwqDQ_-KTVA,Cni2l-VKG_pdospJ6xliXQ,"""Burger Bar""",The Strip,3
U08821SGyUmcjnoxAhA94Q,Cni2l-VKG_pdospJ6xliXQ,"""Burger Bar""",The Strip,3
jR00ESlM7Rmg9tFYwMbh4A,Cni2l-VKG_pdospJ6xliXQ,"""Burger Bar""",The Strip,3
0JzIDpRUdnc_qgo5MEy5rA,7fxebHYUwIF6CakxSr70iQ,"""Carnevino""",The Strip,3
9d45b2HFZUTffGP3MwzNyQ,Cni2l-VKG_pdospJ6xliXQ,"""Burger Bar""",The Strip,2
gIreVYvrWe9zPvHOCujs8g,pik4ebdFa0UcUhnNkivFcg,"""Carmine's Italian Restaurant - Las Vegas""",The Strip,4
YwaKGmRNnSa3R3N4Hf9jLw,Cni2l-VKG_pdospJ6xliXQ,"""Burger Bar""",The Strip,4
8OT2HCFRjj6IeaNif1gJaQ,Cni2l-VKG_pdospJ6xliXQ,"""Burger Bar""",The Strip,4
PQ6-FZpUn2oFLyBGvdiG3w,pKk7jCFIm96qDdk0laVT2w,"""StripSteak""",The Strip,4
nLzTX0cRlTNj87qLTm6j7A,CCRgGKhzxSpl38w7yhqKUw,"""Noodles""",The Strip,3
tt45ZyFCy4LvFm2kek8RUw,Cni2l-VKG_pdospJ6xliXQ,"""Burger Bar""",The Strip,5
g5UbFGRWYgzy-pgt4992xA,pik4ebdFa0UcUhnNkivFcg,"""Carmine's Italian Restaurant - Las Vegas""",The Strip,1
PPQd20F20eIWBdnrf2iArg,pKk7jCFIm96qDdk0laVT2w,"""StripSteak""",The Strip,3
A4f0YM-YV8Ycb7U74XytWQ,Cni2l-VKG_pdospJ6xliXQ,"""Burger Bar""",The Strip,2
hkxE87uTHGgOlVBvzhVfhw,7fxebHYUwIF6CakxSr70iQ,"""Carnevino""",The Strip,1
xYKP-R3XhIqYOe07_U9a7w,u-67zd1ImTv3EEr5kIdWrA,"""House of Blues - Music Venue""",The Strip,2
L7xRncCG-irmaFlDNhMHiA,pik4ebdFa0UcUhnNkivFcg,"""Carmine's Italian Restaurant - Las Vegas""",The Strip,4
Il5HndUQ22apHtiRPvVRuQ,Cni2l-VKG_pdospJ6xliXQ,"""Burger Bar""",The Strip,3
PtqfnjV_oL4TF7I1tDPsdg,7fxebHYUwIF6CakxSr70iQ,"""Carnevino""",The Strip,5
U9yWtQO_0LPjtaU9jN0JsA,7fxebHYUwIF6CakxSr70iQ,"""Carnevino""",The Strip,3
vJIORM_fgihqqdxM1BcaFA,Cni2l-VKG_pdospJ6xliXQ,"""Burger Bar""",The Strip,2
Qh4-Rne1vfwFwTwcV2_lBA,7fxebHYUwIF6CakxSr70iQ,"""Carnevino""",The Strip,5
AXwXOmzNHLkoB3BZSVXTXg,Cni2l-VKG_pdospJ6xliXQ,"""Burger Bar""",The Strip,5
EJPBXvEdaodsPQuYBT6low,u-67zd1ImTv3EEr5kIdWrA,"""House of Blues - Music Venue""",The Strip,3
qt1b6zXExL-uoJGRRouQYw,7fxebHYUwIF6CakxSr70iQ,"""Carnevino""",The Strip,3
8yJwzY5kRfRTqg5UdoMAsA,pKk7jCFIm96qDdk0laVT2w,"""StripSteak""",The Strip,4
f3ok0Mee8kF8f6ljjPo_hA,pik4ebdFa0UcUhnNkivFcg,"""Carmine's Italian Restaurant - Las Vegas""",The Strip,5
Q4vP8t8lNj6JjXyw3fR-jg,Cni2l-VKG_pdospJ6xliXQ,"""Burger Bar""",The Strip,3
rvkfj-mc7fKQCx87WuqneA,Cni2l-VKG_pdospJ6xliXQ,"""Burger Bar""",The Strip,3
89jHtPMRv7iPj0Wa9RWhFQ,pik4ebdFa0UcUhnNkivFcg,"""Carmine's Italian Restaurant - Las Vegas""",The Strip,5
QNTKyTrV5mOSIO0lPI1T8Q,pik4ebdFa0UcUhnNkivFcg,"""Carmine's Italian Restaurant - Las Vegas""",The Strip,1
5wmd2ZhhZ9zwCpnhmWgGyw,7fxebHYUwIF6CakxSr70iQ,"""Carnevino""",The Strip,1
nOJl2Hsyhnun1o98uRUtzg,pKk7jCFIm96qDdk0laVT2w,"""StripSteak""",The Strip,5
Ef6GGxdv-AoTmwP93lTQmw,pKk7jCFIm96qDdk0laVT2w,"""StripSteak""",The Strip,3
0mGnLZaS85vWnNKPUDHDxQ,Cni2l-VKG_pdospJ6xliXQ,"""Burger Bar""",The Strip,1
EwVOzPejkAkYyaxRBdm8Ow,u-67zd1ImTv3EEr5kIdWrA,"""House of Blues - Music Venue""",The Strip,2
xhMschtYAWMwJNhBXzAkVA,Cni2l-VKG_pdospJ6xliXQ,"""Burger Bar""",The Strip,1
J9LYbG5nH2pw_F_0kyUVZg,Cni2l-VKG_pdospJ6xliXQ,"""Burger Bar""",The Strip,2
YRTAg6K2nJ1SgBMKMyBl4Q,7fxebHYUwIF6CakxSr70iQ,"""Carnevino""",The Strip,1
jaeStT5rpWrdSA_5MjWelA,7fxebHYUwIF6CakxSr70iQ,"""Carnevino""",The Strip,4
M6ceu8Yqi13TEEQ8XuGnZQ,Cni2l-VKG_pdospJ6xliXQ,"""Burger Bar""",The Strip,4
et_GDGFfG2BFVkLzRK2mTQ,7fxebHYUwIF6CakxSr70iQ,"""Carnevino""",The Strip,4
huwzmJvpvXmqeoGoE5PGbw,pKk7jCFIm96qDdk0laVT2w,"""StripSteak""",The Strip,5
5XAXkk6WENi0OW_HSSXRWA,CCRgGKhzxSpl38w7yhqKUw,"""Noodles""",The Strip,2
-Cfdld6UqO6rx72WNE9yvg,Cni2l-VKG_pdospJ6xliXQ,"""Burger Bar""",The Strip,5
c2WZFb2MiYCTJUNJ0tU51g,7fxebHYUwIF6CakxSr70iQ,"""Carnevino""",The Strip,3
j_C7CSrufcrOoglKrYygKw,Cni2l-VKG_pdospJ6xliXQ,"""Burger Bar""",The Strip,5
mKl0XBCWrNQEMgaHHmcNPg,u-67zd1ImTv3EEr5kIdWrA,"""House of Blues - Music Venue""",The Strip,4
Z4Q2qAL7fjr931r9qK9G7Q,CCRgGKhzxSpl38w7yhqKUw,"""Noodles""",The Strip,4
CRlIhFoFQZQPw0GAU65YsQ,Cni2l-VKG_pdospJ6xliXQ,"""Burger Bar""",The Strip,4
CRlIhFoFQZQPw0GAU65YsQ,7fxebHYUwIF6CakxSr70iQ,"""Carnevino""",The Strip,5
kcLuh-ck_Zj07TsodaaNUA,7fxebHYUwIF6CakxSr70iQ,"""Carnevino""",The Strip,5
VTnac8xbxK-ULLCg0aNkhw,Cni2l-VKG_pdospJ6xliXQ,"""Burger Bar""",The Strip,5
7dAGDV9HiFqCMIg24Rw5dg,CCRgGKhzxSpl38w7yhqKUw,"""Noodles""",The Strip,2
PV0VEhlmhc2BjzMZEbpWlg,Cni2l-VKG_pdospJ6xliXQ,"""Burger Bar""",The Strip,3
8HrCHH3zrBiZRQtCmKh2XA,pKk7jCFIm96qDdk0laVT2w,"""StripSteak""",The Strip,3
7KCu-jnTDVwlBiwRk3Uj3A,u-67zd1ImTv3EEr5kIdWrA,"""House of Blues - Music Venue""",The Strip,1
weB4EqFvwkvbjq1II2yjKA,Cni2l-VKG_pdospJ6xliXQ,"""Burger Bar""",The Strip,2
ZRig-eQQZ-VGiyIPr1t-gA,pKk7jCFIm96qDdk0laVT2w,"""StripSteak""",The Strip,5
mY3mROf28N-vY1fpR-FFUw,7fxebHYUwIF6CakxSr70iQ,"""Carnevino""",The Strip,4
edZ6kTxithgtctw1crIkBA,7fxebHYUwIF6CakxSr70iQ,"""Carnevino""",The Strip,5
y80788j8cq_WZu3AmR68Gg,Cni2l-VKG_pdospJ6xliXQ,"""Burger Bar""",The Strip,4
Vkj42md-5O3VoOD9pBg6Sw,7fxebHYUwIF6CakxSr70iQ,"""Carnevino""",The Strip,3
xRbBt5MVKZ5-_8HhhfI26g,CCRgGKhzxSpl38w7yhqKUw,"""Noodles""",The Strip,2
xRbBt5MVKZ5-_8HhhfI26g,Cni2l-VKG_pdospJ6xliXQ,"""Burger Bar""",The Strip,5
r1D3I2QXRgbsvN8OTGSB7w,CCRgGKhzxSpl38w7yhqKUw,"""Noodles""",The Strip,3
4q1GOTm23q-qG3o5Kpz81Q,7fxebHYUwIF6CakxSr70iQ,"""Carnevino""",The Strip,5
qRmMrlv0px3qbCZ_qPIbJA,Cni2l-VKG_pdospJ6xliXQ,"""Burger Bar""",The Strip,2
mY3mROf28N-vY1fpR-FFUw,Cni2l-VKG_pdospJ6xliXQ,"""Burger Bar""",The Strip,5
8IQd8sdAxiKWnG9tO0YCRA,7fxebHYUwIF6CakxSr70iQ,"""Carnevino""",The Strip,2
_140va28kpIvV4qH5AtaNA,Cni2l-VKG_pdospJ6xliXQ,"""Burger Bar""",The Strip,2
OpXfAiFvy1M9GKCJrYezqA,pKk7jCFIm96qDdk0laVT2w,"""StripSteak""",The Strip,4
OpXfAiFvy1M9GKCJrYezqA,Cni2l-VKG_pdospJ6xliXQ,"""Burger Bar""",The Strip,5
qza0ko5uyVZPp31N6gdr5A,Cni2l-VKG_pdospJ6xliXQ,"""Burger Bar""",The Strip,1
ZkOmb0VTGQRQEWhhvBn0Zw,Cni2l-VKG_pdospJ6xliXQ,"""Burger Bar""",The Strip,4
i3pJ8vAWMiitHXJAmu7BhA,Cni2l-VKG_pdospJ6xliXQ,"""Burger Bar""",The Strip,5
CcJAs3QyoPdnTTKKpsbA_A,pKk7jCFIm96qDdk0laVT2w,"""StripSteak""",The Strip,5
FSVx_X_zlzTthi2cegzUMw,pKk7jCFIm96qDdk0laVT2w,"""StripSteak""",The Strip,3
lUPSEbFRd3jDOM5agGnjWQ,7fxebHYUwIF6CakxSr70iQ,"""Carnevino""",The Strip,3
9ZPpYg6GX2rsaasLeoVwkg,pik4ebdFa0UcUhnNkivFcg,"""Carmine's Italian Restaurant - Las Vegas""",The Strip,1
mvcz586D4WoLcrhT3dwEHg,7fxebHYUwIF6CakxSr70iQ,"""Carnevino""",The Strip,4
p6_VRzQMYM-JTTpsdBFOeA,pKk7jCFIm96qDdk0laVT2w,"""StripSteak""",The Strip,4
R37L-xsl69dUwQn4fUHtcw,u-67zd1ImTv3EEr5kIdWrA,"""House of Blues - Music Venue""",The Strip,5
QZrVgKxdD-FH4cHleS0WYQ,Cni2l-VKG_pdospJ6xliXQ,"""Burger Bar""",The Strip,4
5P9y1rlgX5fuauKvXatopQ,Cni2l-VKG_pdospJ6xliXQ,"""Burger Bar""",The Strip,4
tuNY2ySogVQQI-Twgqeb-w,Cni2l-VKG_pdospJ6xliXQ,"""Burger Bar""",The Strip,5
BfWm-stpIQ2ztIrm66emBQ,7fxebHYUwIF6CakxSr70iQ,"""Carnevino""",The Strip,3
qM860LaOe0n0CpBEPQKycQ,u-67zd1ImTv3EEr5kIdWrA,"""House of Blues - Music Venue""",The Strip,4
N00VoXdiyEBwOIWwD5PYKA,Cni2l-VKG_pdospJ6xliXQ,"""Burger Bar""",The Strip,4
n-DehtBwQ79dJnFY9BQseQ,Cni2l-VKG_pdospJ6xliXQ,"""Burger Bar""",The Strip,4
TSjtZHE0KCvy2KoWQuwt2Q,pik4ebdFa0UcUhnNkivFcg,"""Carmine's Italian Restaurant - Las Vegas""",The Strip,1
fBdD69y-O15tDxy2yXZBUA,Cni2l-VKG_pdospJ6xliXQ,"""Burger Bar""",The Strip,5
CgtFm96LKYXy9jBOms1Nuw,Cni2l-VKG_pdospJ6xliXQ,"""Burger Bar""",The Strip,1
DULDKEiC9QqDJHUZDk6Ojg,7fxebHYUwIF6CakxSr70iQ,"""Carnevino""",The Strip,1
uOnTXLITkZEIE-5twIbEDQ,CCRgGKhzxSpl38w7yhqKUw,"""Noodles""",The Strip,2
mnoe2vwouRADn97dTDkw4A,pKk7jCFIm96qDdk0laVT2w,"""StripSteak""",The Strip,5
_TcEFH5wuD34G_wkIFPVbA,CCRgGKhzxSpl38w7yhqKUw,"""Noodles""",The Strip,4
EE9txZm_zUFqWeYGVGaFNg,Cni2l-VKG_pdospJ6xliXQ,"""Burger Bar""",The Strip,4
TmwNxKndiBtliYqirkVL8w,Cni2l-VKG_pdospJ6xliXQ,"""Burger Bar""",The Strip,5
UVUIi0q38pAvsfuEEppe0Q,CCRgGKhzxSpl38w7yhqKUw,"""Noodles""",The Strip,4
pl9w4iMnxzOu-R76YNC20Q,pik4ebdFa0UcUhnNkivFcg,"""Carmine's Italian Restaurant - Las Vegas""",The Strip,5
lgopQzXCir1OiBVMOsX9jA,7fxebHYUwIF6CakxSr70iQ,"""Carnevino""",The Strip,5
QJW33YrUGp-wVMI8M5mObg,7fxebHYUwIF6CakxSr70iQ,"""Carnevino""",The Strip,4
y1wxzjHrr6O4ZfvWjgf5iw,u-67zd1ImTv3EEr5kIdWrA,"""House of Blues - Music Venue""",The Strip,1
a9UymHuKxZKMnHXOo3nLKA,CCRgGKhzxSpl38w7yhqKUw,"""Noodles""",The Strip,5
3TCjUW662RHizV8ED4CrRQ,CCRgGKhzxSpl38w7yhqKUw,"""Noodles""",The Strip,4
RvVNfrVXso5NClIPbWl95w,Cni2l-VKG_pdospJ6xliXQ,"""Burger Bar""",The Strip,5
b1eIktt0jIY0ha9r4d064A,7fxebHYUwIF6CakxSr70iQ,"""Carnevino""",The Strip,1
E66cUwrSnNdusUJaugARMw,u-67zd1ImTv3EEr5kIdWrA,"""House of Blues - Music Venue""",The Strip,1
YMgZqBUAddmFErxLtCfK_w,u-67zd1ImTv3EEr5kIdWrA,"""House of Blues - Music Venue""",The Strip,2
YMgZqBUAddmFErxLtCfK_w,Cni2l-VKG_pdospJ6xliXQ,"""Burger Bar""",The Strip,4
WzZf0tkegf17U_IPz9v7Nw,pKk7jCFIm96qDdk0laVT2w,"""StripSteak""",The Strip,3
rB9OumhbR1lchfoODzsYTA,pik4ebdFa0UcUhnNkivFcg,"""Carmine's Italian Restaurant - Las Vegas""",The Strip,5
1NqSELTjVV9pz0ONuA8T5w,pik4ebdFa0UcUhnNkivFcg,"""Carmine's Italian Restaurant - Las Vegas""",The Strip,1
gKTwRj0X5iuJa1Qeax0Kmg,7fxebHYUwIF6CakxSr70iQ,"""Carnevino""",The Strip,3
QmHXDmZIECBwPoebdQq5Vg,CCRgGKhzxSpl38w7yhqKUw,"""Noodles""",The Strip,3
-gzH91WI8-RphjXAfuR8xQ,Cni2l-VKG_pdospJ6xliXQ,"""Burger Bar""",The Strip,4
wfLG_G9aiFfWRyR0kQzaGQ,Cni2l-VKG_pdospJ6xliXQ,"""Burger Bar""",The Strip,5
1k5SjWVPJPFTkuzpa_jNzQ,pik4ebdFa0UcUhnNkivFcg,"""Carmine's Italian Restaurant - Las Vegas""",The Strip,5
WtlcF7JTNF0NGar86Uqn2A,CCRgGKhzxSpl38w7yhqKUw,"""Noodles""",The Strip,1
Iz1ElYIwdJLu9rKDSpPxtg,CCRgGKhzxSpl38w7yhqKUw,"""Noodles""",The Strip,4
pulQZUMraaj0AT3n8mIW-g,Cni2l-VKG_pdospJ6xliXQ,"""Burger Bar""",The Strip,4
lGj7s42BJx_Xg7ZgaO_dmA,pKk7jCFIm96qDdk0laVT2w,"""StripSteak""",The Strip,5
lGj7s42BJx_Xg7ZgaO_dmA,Cni2l-VKG_pdospJ6xliXQ,"""Burger Bar""",The Strip,4
ySlTAGfTmPiyp6yVsWW2pg,u-67zd1ImTv3EEr5kIdWrA,"""House of Blues - Music Venue""",The Strip,3
F2al8xNz2KcMqQjqoRfywg,pKk7jCFIm96qDdk0laVT2w,"""StripSteak""",The Strip,5
s7SWZawo1E_Bw0wmEdxitA,CCRgGKhzxSpl38w7yhqKUw,"""Noodles""",The Strip,4
-c9G-JHNqrPY0_UU9j7BJA,u-67zd1ImTv3EEr5kIdWrA,"""House of Blues - Music Venue""",The Strip,4
t8mdnPdc2n5YO_sdtJc43A,pKk7jCFIm96qDdk0laVT2w,"""StripSteak""",The Strip,5
t8mdnPdc2n5YO_sdtJc43A,7fxebHYUwIF6CakxSr70iQ,"""Carnevino""",The Strip,3
t8mdnPdc2n5YO_sdtJc43A,Cni2l-VKG_pdospJ6xliXQ,"""Burger Bar""",The Strip,5
YVtdDSKqBmoTzcOhsqxQxQ,Cni2l-VKG_pdospJ6xliXQ,"""Burger Bar""",The Strip,5
BsfZ3P6huGAVXG1TdZpQ6A,Cni2l-VKG_pdospJ6xliXQ,"""Burger Bar""",The Strip,4
cEFRQxkOX0cic8lCOu7K3w,7fxebHYUwIF6CakxSr70iQ,"""Carnevino""",The Strip,4
g24n4lNqTFXevfSfLMOLuA,CCRgGKhzxSpl38w7yhqKUw,"""Noodles""",The Strip,4
7zQEQkiukL0_Mhkl9X8emw,Cni2l-VKG_pdospJ6xliXQ,"""Burger Bar""",The Strip,5
LDrlnKdFreaVp3bRX44e5A,pKk7jCFIm96qDdk0laVT2w,"""StripSteak""",The Strip,5
FOI4fDb8Z7yiBgEco862ng,7fxebHYUwIF6CakxSr70iQ,"""Carnevino""",The Strip,1
dfYNTBw--CYlZbFz581kYQ,CCRgGKhzxSpl38w7yhqKUw,"""Noodles""",The Strip,4
vqZCDJ8RpOU6nPJhUWi2jw,Cni2l-VKG_pdospJ6xliXQ,"""Burger Bar""",The Strip,2
HULFFk5a_bGtXbTlJhr-rw,Cni2l-VKG_pdospJ6xliXQ,"""Burger Bar""",The Strip,5
ABYJ_vl-sFVUC8Yj4uv1QQ,Cni2l-VKG_pdospJ6xliXQ,"""Burger Bar""",The Strip,5
On_1ZwRgD2Ry0eoKYC29iQ,u-67zd1ImTv3EEr5kIdWrA,"""House of Blues - Music Venue""",The Strip,4
fRqXvDy9VK4l0Yf3YvKsLw,Cni2l-VKG_pdospJ6xliXQ,"""Burger Bar""",The Strip,4
6-JYvYMK4gDl9P6w4WLCZQ,Cni2l-VKG_pdospJ6xliXQ,"""Burger Bar""",The Strip,5
ksbW8EM2R_P__2Bjed3deQ,7fxebHYUwIF6CakxSr70iQ,"""Carnevino""",The Strip,5
lIqkAm4irl1mPEK2Rd0GIQ,u-67zd1ImTv3EEr5kIdWrA,"""House of Blues - Music Venue""",The Strip,3
kQGIMp_2UEgGq0IPETFQSQ,Cni2l-VKG_pdospJ6xliXQ,"""Burger Bar""",The Strip,3
kQGIMp_2UEgGq0IPETFQSQ,pKk7jCFIm96qDdk0laVT2w,"""StripSteak""",The Strip,3
GqJRlbga27rUpolN-SP9Ig,7fxebHYUwIF6CakxSr70iQ,"""Carnevino""",The Strip,4
XtMtZZpgHy1HJAYMFv2YoQ,u-67zd1ImTv3EEr5kIdWrA,"""House of Blues - Music Venue""",The Strip,3
XtMtZZpgHy1HJAYMFv2YoQ,pKk7jCFIm96qDdk0laVT2w,"""StripSteak""",The Strip,4
yEijvmDU_mQTj5LLG57zTQ,CCRgGKhzxSpl38w7yhqKUw,"""Noodles""",The Strip,4
Y8NjDb3-hcmsrKmx_XVYqg,7fxebHYUwIF6CakxSr70iQ,"""Carnevino""",The Strip,5
NJMCGlw9fEmbDkezIuFlhg,Cni2l-VKG_pdospJ6xliXQ,"""Burger Bar""",The Strip,2
YGhfM-MzZ10FQuMyWqh4Vg,Cni2l-VKG_pdospJ6xliXQ,"""Burger Bar""",The Strip,5
wa40Yx8wrZfiRqTgZsdd0g,CCRgGKhzxSpl38w7yhqKUw,"""Noodles""",The Strip,2
XDLBaO6zNZReUox7eccpbA,Cni2l-VKG_pdospJ6xliXQ,"""Burger Bar""",The Strip,4
I4RdbpabKYfVd82HaTO1qA,Cni2l-VKG_pdospJ6xliXQ,"""Burger Bar""",The Strip,5
_9WZbGp4xB549LSy7-zKpA,pKk7jCFIm96qDdk0laVT2w,"""StripSteak""",The Strip,1
K9YPLzmz-c0qKTKia9jFKw,u-67zd1ImTv3EEr5kIdWrA,"""House of Blues - Music Venue""",The Strip,5
TGUHArRbDv-0L1eheOkiCg,pKk7jCFIm96qDdk0laVT2w,"""StripSteak""",The Strip,5
dhA678bd_3MFCwa0AV676A,pik4ebdFa0UcUhnNkivFcg,"""Carmine's Italian Restaurant - Las Vegas""",The Strip,5
ubPIvYWx8F75d1kZDyPUQw,pik4ebdFa0UcUhnNkivFcg,"""Carmine's Italian Restaurant - Las Vegas""",The Strip,5
wK2xhCFqZvzxUyt7FvhOdg,Cni2l-VKG_pdospJ6xliXQ,"""Burger Bar""",The Strip,4
F_WfNGoYHAHDQy2abIYoNg,Cni2l-VKG_pdospJ6xliXQ,"""Burger Bar""",The Strip,3
cic_UTColMGeB3umbuYX3g,u-67zd1ImTv3EEr5kIdWrA,"""House of Blues - Music Venue""",The Strip,3
VDTvXteVDWfWtKyXCnFY3w,pKk7jCFIm96qDdk0laVT2w,"""StripSteak""",The Strip,4
VDTvXteVDWfWtKyXCnFY3w,Cni2l-VKG_pdospJ6xliXQ,"""Burger Bar""",The Strip,1
vfBUFBso--zpOwx3y09QTA,CCRgGKhzxSpl38w7yhqKUw,"""Noodles""",The Strip,3
IuiiFNh3ATUTWy-p8EiQyg,7fxebHYUwIF6CakxSr70iQ,"""Carnevino""",The Strip,5
0UYAMbuCvSpfOc4HSTP6lA,CCRgGKhzxSpl38w7yhqKUw,"""Noodles""",The Strip,3
KWuhhiY3FHLnm9Edu9LdAg,Cni2l-VKG_pdospJ6xliXQ,"""Burger Bar""",The Strip,4
6uBS_RKzKV-5rKroghjG3Q,7fxebHYUwIF6CakxSr70iQ,"""Carnevino""",The Strip,5
2cVom9LMyOtKnRTWOpUi_A,pKk7jCFIm96qDdk0laVT2w,"""StripSteak""",The Strip,5
BFFrJ9Xdq3fhEWYmWM7vwg,pik4ebdFa0UcUhnNkivFcg,"""Carmine's Italian Restaurant - Las Vegas""",The Strip,5
0cgPk_bDgRFqMElOj6JYZw,Cni2l-VKG_pdospJ6xliXQ,"""Burger Bar""",The Strip,3
PEY6gB4PG2k0RTbfzVYUhQ,Cni2l-VKG_pdospJ6xliXQ,"""Burger Bar""",The Strip,4
0Kyh0ayZhSlcZCREmgrmkA,pKk7jCFIm96qDdk0laVT2w,"""StripSteak""",The Strip,5
0CRdDT9v9kNDDQ69AIqwZA,7fxebHYUwIF6CakxSr70iQ,"""Carnevino""",The Strip,3
0FDxFFTJ6K-j1slywkNPeA,7fxebHYUwIF6CakxSr70iQ,"""Carnevino""",The Strip,1
X-vcl3qEX-2TyXeQIVCGaA,CCRgGKhzxSpl38w7yhqKUw,"""Noodles""",The Strip,3
VdkAX9khigCjpMGuMNWYMQ,7fxebHYUwIF6CakxSr70iQ,"""Carnevino""",The Strip,5
TRGLobxLAinIegCH-s9Ysg,pKk7jCFIm96qDdk0laVT2w,"""StripSteak""",The Strip,3
V7OzjAtoFPTzKPmixuR91g,pKk7jCFIm96qDdk0laVT2w,"""StripSteak""",The Strip,1
K-hG6GT2axQDAcQrqBxDLQ,Cni2l-VKG_pdospJ6xliXQ,"""Burger Bar""",The Strip,4
Sr0z-yojwKg1Ky2pIvg8PQ,Cni2l-VKG_pdospJ6xliXQ,"""Burger Bar""",The Strip,1
hT-vFc-udPOg_QqLc6BE9A,pik4ebdFa0UcUhnNkivFcg,"""Carmine's Italian Restaurant - Las Vegas""",The Strip,4
nzdDOKtOAdHChtpdxyV6_w,7fxebHYUwIF6CakxSr70iQ,"""Carnevino""",The Strip,2
wLRP1iW4aA1diW3Uvt2pGQ,CCRgGKhzxSpl38w7yhqKUw,"""Noodles""",The Strip,2
aWdNecGnXLkV8D3Q57q6tQ,Cni2l-VKG_pdospJ6xliXQ,"""Burger Bar""",The Strip,5
H0LgO2_A2ZDqjUFRDaAYyA,pKk7jCFIm96qDdk0laVT2w,"""StripSteak""",The Strip,3
tyefaa756jDT6AmTuUkGgA,Cni2l-VKG_pdospJ6xliXQ,"""Burger Bar""",The Strip,4
Mi7MFlmuSx6GSMoORXT1xQ,pKk7jCFIm96qDdk0laVT2w,"""StripSteak""",The Strip,5
mgtjGHTZlnDa11YuyqEy1w,Cni2l-VKG_pdospJ6xliXQ,"""Burger Bar""",The Strip,4
7fWEeyNtuElQF8AttRZf1g,u-67zd1ImTv3EEr5kIdWrA,"""House of Blues - Music Venue""",The Strip,5
A2HbQtcuK2tkegX7BXcEtg,u-67zd1ImTv3EEr5kIdWrA,"""House of Blues - Music Venue""",The Strip,5
cITFGeLx2e_PSxRQJJUTHg,pKk7jCFIm96qDdk0laVT2w,"""StripSteak""",The Strip,4
6Y7k5BpPaWVWsL4Ix_AuVw,pKk7jCFIm96qDdk0laVT2w,"""StripSteak""",The Strip,5
prcaoOGVscLn8Vox3SG5yQ,Cni2l-VKG_pdospJ6xliXQ,"""Burger Bar""",The Strip,4
xdCWXqq-db_KZ-5ZfehVuQ,7fxebHYUwIF6CakxSr70iQ,"""Carnevino""",The Strip,3
P84gd32fOsPqoBMu1jQj5w,Cni2l-VKG_pdospJ6xliXQ,"""Burger Bar""",The Strip,4
W7wMz04Wc5xvzmh1Pf2GHA,pKk7jCFIm96qDdk0laVT2w,"""StripSteak""",The Strip,5
rqYtlPYnW7LP1gzWk1lMww,7fxebHYUwIF6CakxSr70iQ,"""Carnevino""",The Strip,2
GIIajbHmXQN_M4KGQt5OKA,Cni2l-VKG_pdospJ6xliXQ,"""Burger Bar""",The Strip,5
LlOpRDOjA34WCjl8K1bUjA,CCRgGKhzxSpl38w7yhqKUw,"""Noodles""",The Strip,2
-8F13O-CmxEvVuclE8o0lQ,Cni2l-VKG_pdospJ6xliXQ,"""Burger Bar""",The Strip,4
9RQRqUbZFa_K0tlUbDvVXA,Cni2l-VKG_pdospJ6xliXQ,"""Burger Bar""",The Strip,5
-t0QCNycjxXk57iGDUYWRg,7fxebHYUwIF6CakxSr70iQ,"""Carnevino""",The Strip,3
EXXdXcxflkg9moppilHoCA,Cni2l-VKG_pdospJ6xliXQ,"""Burger Bar""",The Strip,4
Ti5Bpj0eRmRYTBnep63S1Q,Cni2l-VKG_pdospJ6xliXQ,"""Burger Bar""",The Strip,5
B241kBo5MTtbX0eeKW_V9g,CCRgGKhzxSpl38w7yhqKUw,"""Noodles""",The Strip,4
ri13A5y7jxFIgeHOAMmAiw,pKk7jCFIm96qDdk0laVT2w,"""StripSteak""",The Strip,2
AMlrT5EPdonx-Uan3X_w6g,Cni2l-VKG_pdospJ6xliXQ,"""Burger Bar""",The Strip,4
ScRSRdlow5sx1Jpky8yWzw,pKk7jCFIm96qDdk0laVT2w,"""StripSteak""",The Strip,4
xc0ueDu3iFH_Cp-jNffvkg,CCRgGKhzxSpl38w7yhqKUw,"""Noodles""",The Strip,1
WHkFuY52MKLZfWOrQ7Wsgg,CCRgGKhzxSpl38w7yhqKUw,"""Noodles""",The Strip,5
Ct3W9OQWzftnevZVS_MjSw,CCRgGKhzxSpl38w7yhqKUw,"""Noodles""",The Strip,4
Who59AWRJXWfAexitcR6bw,7fxebHYUwIF6CakxSr70iQ,"""Carnevino""",The Strip,4
vIBrYhRM-inGSijfpbP2wQ,CCRgGKhzxSpl38w7yhqKUw,"""Noodles""",The Strip,2
83C0_tXlJrg4ly4y6t7yBw,Cni2l-VKG_pdospJ6xliXQ,"""Burger Bar""",The Strip,4
TvsPmBJt_Ei1RdOtVhjjiQ,CCRgGKhzxSpl38w7yhqKUw,"""Noodles""",The Strip,3
7iDk3GBiIH7FJR2F4fLY_g,pik4ebdFa0UcUhnNkivFcg,"""Carmine's Italian Restaurant - Las Vegas""",The Strip,5
6gLAjpSE6Cw092SGqZliNg,pik4ebdFa0UcUhnNkivFcg,"""Carmine's Italian Restaurant - Las Vegas""",The Strip,2
Z67zFhSzaTDiIMKtVcuFFw,CCRgGKhzxSpl38w7yhqKUw,"""Noodles""",The Strip,4
owlUazXSDLaxlOV7z8181g,7fxebHYUwIF6CakxSr70iQ,"""Carnevino""",The Strip,4
mnoe2vwouRADn97dTDkw4A,Cni2l-VKG_pdospJ6xliXQ,"""Burger Bar""",The Strip,4
brUkqQ9xscCSTUFow-SutA,Cni2l-VKG_pdospJ6xliXQ,"""Burger Bar""",The Strip,5
yqmI68haCjxswqL5LSUIHA,pKk7jCFIm96qDdk0laVT2w,"""StripSteak""",The Strip,4
JaqcCU3nxReTW2cBLHounA,pik4ebdFa0UcUhnNkivFcg,"""Carmine's Italian Restaurant - Las Vegas""",The Strip,3
HQF0jsricHg6n35DXjvh3w,Cni2l-VKG_pdospJ6xliXQ,"""Burger Bar""",The Strip,5
LP6obdqLfvQYTR_5kPUbww,pik4ebdFa0UcUhnNkivFcg,"""Carmine's Italian Restaurant - Las Vegas""",The Strip,4
y4-2if_X7PXKsuSBGbg1cw,7fxebHYUwIF6CakxSr70iQ,"""Carnevino""",The Strip,5
-iBUZFbX7m2IrnraAhhQHg,7fxebHYUwIF6CakxSr70iQ,"""Carnevino""",The Strip,4
JaqcCU3nxReTW2cBLHounA,7fxebHYUwIF6CakxSr70iQ,"""Carnevino""",The Strip,4
rWU63Zbcs0EYTFv5TNc46Q,7fxebHYUwIF6CakxSr70iQ,"""Carnevino""",The Strip,1
_CfYTgDSnjV7Y0z1acFrcg,Cni2l-VKG_pdospJ6xliXQ,"""Burger Bar""",The Strip,5
B5BdoJ17gbXDt71XhhJO2w,pKk7jCFIm96qDdk0laVT2w,"""StripSteak""",The Strip,5
HMFAz4K5ZeMXcAhbEmMS-Q,pKk7jCFIm96qDdk0laVT2w,"""StripSteak""",The Strip,5
pkHLgHsxYoC6A7oHWgVwRg,u-67zd1ImTv3EEr5kIdWrA,"""House of Blues - Music Venue""",The Strip,4
QUGK3WduEPsZ3TSrfyRcGw,7fxebHYUwIF6CakxSr70iQ,"""Carnevino""",The Strip,5
7H7-j1Ny5Ai044OPs-9LsA,u-67zd1ImTv3EEr5kIdWrA,"""House of Blues - Music Venue""",The Strip,4
7H7-j1Ny5Ai044OPs-9LsA,Cni2l-VKG_pdospJ6xliXQ,"""Burger Bar""",The Strip,4
p7jqrXhY3bB4hn9Fmll2zQ,pik4ebdFa0UcUhnNkivFcg,"""Carmine's Italian Restaurant - Las Vegas""",The Strip,1
k7c7r1xLdIwFRtis4fl9WQ,CCRgGKhzxSpl38w7yhqKUw,"""Noodles""",The Strip,3
AJrWgcAeQsSXkijE_Y60Fw,pik4ebdFa0UcUhnNkivFcg,"""Carmine's Italian Restaurant - Las Vegas""",The Strip,5
sXupWlaY5iJo3Y9kdu5V1g,7fxebHYUwIF6CakxSr70iQ,"""Carnevino""",The Strip,3
97TjZvvXtVZY91NEPZXZBQ,Cni2l-VKG_pdospJ6xliXQ,"""Burger Bar""",The Strip,4
Fjk2oT1hqy-790SOqlJpFg,Cni2l-VKG_pdospJ6xliXQ,"""Burger Bar""",The Strip,4
IixIxVQJvJg7SDQM_WCMmw,CCRgGKhzxSpl38w7yhqKUw,"""Noodles""",The Strip,5
J5P-t50ZaXQFtCgNTi64_g,Cni2l-VKG_pdospJ6xliXQ,"""Burger Bar""",The Strip,5
jXjwOrVAZKlm6yJkQxbOJA,Cni2l-VKG_pdospJ6xliXQ,"""Burger Bar""",The Strip,2
-sR2albgZFlImYFGmSCgkQ,7fxebHYUwIF6CakxSr70iQ,"""Carnevino""",The Strip,1
-SkdK9egKMc7GhkR1GWghw,Cni2l-VKG_pdospJ6xliXQ,"""Burger Bar""",The Strip,3
0JJrchH24gp_6Mobc-pFgQ,7fxebHYUwIF6CakxSr70iQ,"""Carnevino""",The Strip,3
H9PlkayE0u2_rFC7lg0MAA,Cni2l-VKG_pdospJ6xliXQ,"""Burger Bar""",The Strip,4
t2RvfTcnXCnil3WOs4kC4Q,u-67zd1ImTv3EEr5kIdWrA,"""House of Blues - Music Venue""",The Strip,5
xa0EUfFxlzv9KSJd_Sj26Q,Cni2l-VKG_pdospJ6xliXQ,"""Burger Bar""",The Strip,5
fcWM-oqjgS94yi1INhZa0g,u-67zd1ImTv3EEr5kIdWrA,"""House of Blues - Music Venue""",The Strip,3
x9O4WzbH9gPhGibsys9ILg,Cni2l-VKG_pdospJ6xliXQ,"""Burger Bar""",The Strip,4
sab0Qid7vCk3sWUnmwXSfA,CCRgGKhzxSpl38w7yhqKUw,"""Noodles""",The Strip,4
tms6_40-Urwp6AmsUQNEJA,Cni2l-VKG_pdospJ6xliXQ,"""Burger Bar""",The Strip,2
wVuT8FJ9tBJPurPnBayh0A,pik4ebdFa0UcUhnNkivFcg,"""Carmine's Italian Restaurant - Las Vegas""",The Strip,4
6oPGTc1U40G11qM4J_inXw,7fxebHYUwIF6CakxSr70iQ,"""Carnevino""",The Strip,2
yYX_u8on4XjlOLAR19NYzQ,Cni2l-VKG_pdospJ6xliXQ,"""Burger Bar""",The Strip,4
tuCE0__ZY_Yc3UIVe4JYlg,Cni2l-VKG_pdospJ6xliXQ,"""Burger Bar""",The Strip,5
aWDd4vJtY5uOA9euq7VACg,Cni2l-VKG_pdospJ6xliXQ,"""Burger Bar""",The Strip,3
FqxpcdoaotPCL59XODK-AA,7fxebHYUwIF6CakxSr70iQ,"""Carnevino""",The Strip,5
Y_Buw5LXMPl1JU3BoCg4zA,pKk7jCFIm96qDdk0laVT2w,"""StripSteak""",The Strip,5
D2a8LbG2W8usmRzCkmu8uA,CCRgGKhzxSpl38w7yhqKUw,"""Noodles""",The Strip,4
D2a8LbG2W8usmRzCkmu8uA,pKk7jCFIm96qDdk0laVT2w,"""StripSteak""",The Strip,3
MopyJvrcBSgQYfyA4wyP7w,u-67zd1ImTv3EEr5kIdWrA,"""House of Blues - Music Venue""",The Strip,2
d7cZg_Uehw3JZ6MFbqC-TA,7fxebHYUwIF6CakxSr70iQ,"""Carnevino""",The Strip,5
HeJi6YB9z1Q5C9y5puV5yw,7fxebHYUwIF6CakxSr70iQ,"""Carnevino""",The Strip,1
7vFWz2YcWWC5UnPYNm7KNA,pKk7jCFIm96qDdk0laVT2w,"""StripSteak""",The Strip,5
s1Hsu9cFf5qJym5-ujO2MQ,Cni2l-VKG_pdospJ6xliXQ,"""Burger Bar""",The Strip,5
gZBAENqjq7Lq6TwO5lcFZg,CCRgGKhzxSpl38w7yhqKUw,"""Noodles""",The Strip,3
c1r_BOJ1WHp_8Yx-RGO-Cg,pKk7jCFIm96qDdk0laVT2w,"""StripSteak""",The Strip,5
RbkvJdofmDoYYf1HAgIidw,Cni2l-VKG_pdospJ6xliXQ,"""Burger Bar""",The Strip,5
nDkbBOyFCXtwKO7dP7Vzlg,u-67zd1ImTv3EEr5kIdWrA,"""House of Blues - Music Venue""",The Strip,3
wnO99pBbGqwqOoTQM25iCw,Cni2l-VKG_pdospJ6xliXQ,"""Burger Bar""",The Strip,3
yoLVLRUSDcYN37Rgr87JEA,pik4ebdFa0UcUhnNkivFcg,"""Carmine's Italian Restaurant - Las Vegas""",The Strip,5
9GrIgigmXT0LV3fQJ9KGOg,7fxebHYUwIF6CakxSr70iQ,"""Carnevino""",The Strip,4
KdxJ2_jbX2gXzehwUrzOWA,Cni2l-VKG_pdospJ6xliXQ,"""Burger Bar""",The Strip,5
kh4RiUu2BSl78wGbzZb7XQ,CCRgGKhzxSpl38w7yhqKUw,"""Noodles""",The Strip,2
4ejuKVZ9VfvxMFtQXg0qxA,pKk7jCFIm96qDdk0laVT2w,"""StripSteak""",The Strip,5
F2RU8DNi5dEIfi4JGiR2wg,Cni2l-VKG_pdospJ6xliXQ,"""Burger Bar""",The Strip,5
qdR0j6FkenzepKhGASB1-A,u-67zd1ImTv3EEr5kIdWrA,"""House of Blues - Music Venue""",The Strip,3
qdR0j6FkenzepKhGASB1-A,Cni2l-VKG_pdospJ6xliXQ,"""Burger Bar""",The Strip,4
zQqtnrwhNKIQ6fec6KAARQ,pik4ebdFa0UcUhnNkivFcg,"""Carmine's Italian Restaurant - Las Vegas""",The Strip,4
P0Y8s69QlWPKAdpe743kQw,7fxebHYUwIF6CakxSr70iQ,"""Carnevino""",The Strip,2
EcBA3IWe4S8UXqJZySQfeA,7fxebHYUwIF6CakxSr70iQ,"""Carnevino""",The Strip,3
FiRCRJYOOHN6IZZpO-B1gQ,CCRgGKhzxSpl38w7yhqKUw,"""Noodles""",The Strip,4
ejuvMKtBnd46ue93kTa-3Q,u-67zd1ImTv3EEr5kIdWrA,"""House of Blues - Music Venue""",The Strip,5
owlUazXSDLaxlOV7z8181g,Cni2l-VKG_pdospJ6xliXQ,"""Burger Bar""",The Strip,3
DzdKwVTMxtRm-Oh8m7BMjw,Cni2l-VKG_pdospJ6xliXQ,"""Burger Bar""",The Strip,4
MWmIKAzfaZ51Ogl5gH1c9g,7fxebHYUwIF6CakxSr70iQ,"""Carnevino""",The Strip,4
scdcdhg3ZTuoB3ViAaHv_g,u-67zd1ImTv3EEr5kIdWrA,"""House of Blues - Music Venue""",The Strip,4
sWBC8wpDHxU-LCu9zHE2Fw,u-67zd1ImTv3EEr5kIdWrA,"""House of Blues - Music Venue""",The Strip,1
WuXZ552WwkSjpZSDBDao2Q,7fxebHYUwIF6CakxSr70iQ,"""Carnevino""",The Strip,2
ubF5zarbyXJVMTOZrSUFyQ,Cni2l-VKG_pdospJ6xliXQ,"""Burger Bar""",The Strip,4
0CW9kcYLLdGf9NGG2qR75g,pKk7jCFIm96qDdk0laVT2w,"""StripSteak""",The Strip,4
cANZWzTaKsXh_T53alx09w,pKk7jCFIm96qDdk0laVT2w,"""StripSteak""",The Strip,5
5Kr0xS7eiBIJKFLp52P9kQ,CCRgGKhzxSpl38w7yhqKUw,"""Noodles""",The Strip,4
JfnY0VcP63s5RF1sfOHjBQ,Cni2l-VKG_pdospJ6xliXQ,"""Burger Bar""",The Strip,4
qvYd5b8-gba3-aeZYvVPgQ,Cni2l-VKG_pdospJ6xliXQ,"""Burger Bar""",The Strip,4
bpteCaskGCUGsqVh2knJAg,Cni2l-VKG_pdospJ6xliXQ,"""Burger Bar""",The Strip,2
GIAu7utkTWoEKrMkO1tG3w,u-67zd1ImTv3EEr5kIdWrA,"""House of Blues - Music Venue""",The Strip,3
g7nyt0Kgp9C4X1fGhCy0hA,7fxebHYUwIF6CakxSr70iQ,"""Carnevino""",The Strip,4
rtNEzfuN8fJULB7r1lgQOQ,pKk7jCFIm96qDdk0laVT2w,"""StripSteak""",The Strip,1
GZVQlhgHKmITnMlMqfGucw,7fxebHYUwIF6CakxSr70iQ,"""Carnevino""",The Strip,4
JLsCvDV67e20s0S4vp2oYA,u-67zd1ImTv3EEr5kIdWrA,"""House of Blues - Music Venue""",The Strip,1
wfKXoj3AIl_wGi61pzQ63A,u-67zd1ImTv3EEr5kIdWrA,"""House of Blues - Music Venue""",The Strip,4
wfKXoj3AIl_wGi61pzQ63A,Cni2l-VKG_pdospJ6xliXQ,"""Burger Bar""",The Strip,5
IUGK-E2AJdcTC24FIv1SjA,7fxebHYUwIF6CakxSr70iQ,"""Carnevino""",The Strip,2
OncUhjpW9aoA4nDdyIDX0w,CCRgGKhzxSpl38w7yhqKUw,"""Noodles""",The Strip,5
5fq4qPi5gShRhG0dsvcmWQ,Cni2l-VKG_pdospJ6xliXQ,"""Burger Bar""",The Strip,4
1n7lrCdSmIpe1ofqwO1Rug,Cni2l-VKG_pdospJ6xliXQ,"""Burger Bar""",The Strip,1
KVVc5PpKtmuR1-6dA5dFnQ,pik4ebdFa0UcUhnNkivFcg,"""Carmine's Italian Restaurant - Las Vegas""",The Strip,5
MsFzmAB-i4xYeawXnGR7rg,Cni2l-VKG_pdospJ6xliXQ,"""Burger Bar""",The Strip,5
bZPJ_usq8eDJSO0UggoulA,u-67zd1ImTv3EEr5kIdWrA,"""House of Blues - Music Venue""",The Strip,5
OMRu0QCn5_LHKjV2j1idpg,pik4ebdFa0UcUhnNkivFcg,"""Carmine's Italian Restaurant - Las Vegas""",The Strip,2
i9HE9cu3zs26xvnrytwWHQ,Cni2l-VKG_pdospJ6xliXQ,"""Burger Bar""",The Strip,2
fDqcYLdV8UgXnIswzbWe-w,Cni2l-VKG_pdospJ6xliXQ,"""Burger Bar""",The Strip,4
dklwVxUxWNASsyOmHY0btA,7fxebHYUwIF6CakxSr70iQ,"""Carnevino""",The Strip,2
jzZY9AOkpVt8qhx1qkI5zA,CCRgGKhzxSpl38w7yhqKUw,"""Noodles""",The Strip,1
J7LYRYe3kJFU9muhM9SXGA,Cni2l-VKG_pdospJ6xliXQ,"""Burger Bar""",The Strip,5
eMzduuBiHhT1IjcnNgZ9kQ,CCRgGKhzxSpl38w7yhqKUw,"""Noodles""",The Strip,5
r4_XcrRt08sADOdIT5ex3A,Cni2l-VKG_pdospJ6xliXQ,"""Burger Bar""",The Strip,4
GYG_cFRJRVyT5DdVWKjx_Q,u-67zd1ImTv3EEr5kIdWrA,"""House of Blues - Music Venue""",The Strip,5
bdZLmvZg7ibzD0YbLfru6A,7fxebHYUwIF6CakxSr70iQ,"""Carnevino""",The Strip,2
yB3opg3ChRydS1JMrykK9A,pKk7jCFIm96qDdk0laVT2w,"""StripSteak""",The Strip,5
oUv5DXjWYzMH3ljAa7Dfgw,pKk7jCFIm96qDdk0laVT2w,"""StripSteak""",The Strip,4
OlrkG5M0vd8O-mzdvzFOEA,u-67zd1ImTv3EEr5kIdWrA,"""House of Blues - Music Venue""",The Strip,5
UOx6LxM8oyxzsSXPo4ocrw,pKk7jCFIm96qDdk0laVT2w,"""StripSteak""",The Strip,4
0k53jJvA_69VJHI7jizsnA,7fxebHYUwIF6CakxSr70iQ,"""Carnevino""",The Strip,5
X8FgLsnZwDIsmahebRTjAg,Cni2l-VKG_pdospJ6xliXQ,"""Burger Bar""",The Strip,4
hHVkahiev66fTMb-bKmfaw,7fxebHYUwIF6CakxSr70iQ,"""Carnevino""",The Strip,1
ovvdoz5b4MFEgJ2L-4HyIA,7fxebHYUwIF6CakxSr70iQ,"""Carnevino""",The Strip,5
CiJat5Up2jAO3B0qTbiN5Q,CCRgGKhzxSpl38w7yhqKUw,"""Noodles""",The Strip,2
-2UOdDlzg7XLuUuyOrldhA,Cni2l-VKG_pdospJ6xliXQ,"""Burger Bar""",The Strip,3
ex3p_Qnza72AuCG1pme6Xg,pKk7jCFIm96qDdk0laVT2w,"""StripSteak""",The Strip,4
rkI4Rv9NUJyHsgZYztyeXw,7fxebHYUwIF6CakxSr70iQ,"""Carnevino""",The Strip,4
tpXSNpBjMGQiCSWdW1DHfQ,pik4ebdFa0UcUhnNkivFcg,"""Carmine's Italian Restaurant - Las Vegas""",The Strip,5
Y4GbNWIePPRj-1ryi3EIiA,Cni2l-VKG_pdospJ6xliXQ,"""Burger Bar""",The Strip,2
GfBJcMMB6nv2A1w5U_du7A,CCRgGKhzxSpl38w7yhqKUw,"""Noodles""",The Strip,3
fEeZ5YOwZRDLLg7SQXVVzw,Cni2l-VKG_pdospJ6xliXQ,"""Burger Bar""",The Strip,3
tSsrI0UKvfMfur7Kbww0-w,Cni2l-VKG_pdospJ6xliXQ,"""Burger Bar""",The Strip,5
cpqKGSFDQsoATWRuQwT3ng,7fxebHYUwIF6CakxSr70iQ,"""Carnevino""",The Strip,1
44nAJkkIhnJA0DrF431i_A,CCRgGKhzxSpl38w7yhqKUw,"""Noodles""",The Strip,1
KSZdqN_-uhrWXeyFoJzSQQ,pKk7jCFIm96qDdk0laVT2w,"""StripSteak""",The Strip,5
IjgzF9swWThw46rz-Fx0bw,u-67zd1ImTv3EEr5kIdWrA,"""House of Blues - Music Venue""",The Strip,3
jM-RZH9WbMcaj9rDFY885w,pik4ebdFa0UcUhnNkivFcg,"""Carmine's Italian Restaurant - Las Vegas""",The Strip,1
xbGx7T1R3v599Yw3PM_2yw,7fxebHYUwIF6CakxSr70iQ,"""Carnevino""",The Strip,5
5OSy3cNQ9xQZ09Ug9kVsPg,pik4ebdFa0UcUhnNkivFcg,"""Carmine's Italian Restaurant - Las Vegas""",The Strip,2
UIdX_cI1awxvPH7kIFKpXw,Cni2l-VKG_pdospJ6xliXQ,"""Burger Bar""",The Strip,4
N2_xCBrlfDAa7YAA5iNX0Q,Cni2l-VKG_pdospJ6xliXQ,"""Burger Bar""",The Strip,4
yyjDUy7NID8XkqgbtmvVNg,u-67zd1ImTv3EEr5kIdWrA,"""House of Blues - Music Venue""",The Strip,3
iV3DnkGJMEos85uS3f02Ag,pKk7jCFIm96qDdk0laVT2w,"""StripSteak""",The Strip,1
RiEgy-PgtQ-2Y-usSr50iA,u-67zd1ImTv3EEr5kIdWrA,"""House of Blues - Music Venue""",The Strip,4
dC0x1wWD5mOvCyiKw8tSSw,7fxebHYUwIF6CakxSr70iQ,"""Carnevino""",The Strip,5
a3D4H3wlmecIGutD4njt8A,pKk7jCFIm96qDdk0laVT2w,"""StripSteak""",The Strip,5
wkrFqNxwTEEkG3mJV88Izw,u-67zd1ImTv3EEr5kIdWrA,"""House of Blues - Music Venue""",The Strip,3
0xgcrVXSZDvrt0Y6E_CeGQ,pik4ebdFa0UcUhnNkivFcg,"""Carmine's Italian Restaurant - Las Vegas""",The Strip,4
PqMkwtWpl_AlySlPl70_jg,Cni2l-VKG_pdospJ6xliXQ,"""Burger Bar""",The Strip,2
SAyOkOSPL-8er9DIAJCztA,pik4ebdFa0UcUhnNkivFcg,"""Carmine's Italian Restaurant - Las Vegas""",The Strip,5
kV1HGBzhEBxOwTV_7eDGcw,pKk7jCFIm96qDdk0laVT2w,"""StripSteak""",The Strip,4
VXDAXs83aJm1fuXZ-9_Wig,u-67zd1ImTv3EEr5kIdWrA,"""House of Blues - Music Venue""",The Strip,5
jj3xuo_Q3oG0F9ScGszgwA,CCRgGKhzxSpl38w7yhqKUw,"""Noodles""",The Strip,5
58EwckrpHon7FUoWHw4IAQ,pKk7jCFIm96qDdk0laVT2w,"""StripSteak""",The Strip,5
NYxQwZ7ftzfBeE0HJolpEg,Cni2l-VKG_pdospJ6xliXQ,"""Burger Bar""",The Strip,3
U8lcfjRZhdGGOEXaK4-7BA,Cni2l-VKG_pdospJ6xliXQ,"""Burger Bar""",The Strip,2
wZEDZtOye6QrQo1wCOHNmA,CCRgGKhzxSpl38w7yhqKUw,"""Noodles""",The Strip,3
lcPkkpLnOPZkKMoNycgwPg,Cni2l-VKG_pdospJ6xliXQ,"""Burger Bar""",The Strip,5
Vd9G-SeTKdDyjehdkLfnLw,u-67zd1ImTv3EEr5kIdWrA,"""House of Blues - Music Venue""",The Strip,1
Vd9G-SeTKdDyjehdkLfnLw,Cni2l-VKG_pdospJ6xliXQ,"""Burger Bar""",The Strip,4
uAJNBvcJA2kIsGx_sSofEw,pKk7jCFIm96qDdk0laVT2w,"""StripSteak""",The Strip,3
yLsn4mfj-WVPlC4iTUksoA,pKk7jCFIm96qDdk0laVT2w,"""StripSteak""",The Strip,5
YQgMbwm5uTm6QJADmbmExQ,Cni2l-VKG_pdospJ6xliXQ,"""Burger Bar""",The Strip,5
D6suEdg6reTsgg_yGRCrig,Cni2l-VKG_pdospJ6xliXQ,"""Burger Bar""",The Strip,5
HEzVlIJeVpwjiNCPXNM-aA,pKk7jCFIm96qDdk0laVT2w,"""StripSteak""",The Strip,4
HEzVlIJeVpwjiNCPXNM-aA,Cni2l-VKG_pdospJ6xliXQ,"""Burger Bar""",The Strip,2
JlNWZ_lBYzkBMsQAqBLvCw,pKk7jCFIm96qDdk0laVT2w,"""StripSteak""",The Strip,4
4k9-LoufKfGflVzQfmkrdw,pKk7jCFIm96qDdk0laVT2w,"""StripSteak""",The Strip,5
2ieyvSWqR0qHb5QkOp1cHQ,Cni2l-VKG_pdospJ6xliXQ,"""Burger Bar""",The Strip,5
WDY6laq5CANUUTPN6HwjPw,u-67zd1ImTv3EEr5kIdWrA,"""House of Blues - Music Venue""",The Strip,4
XsfRCeuOt4xUDQ769Wb8Kw,7fxebHYUwIF6CakxSr70iQ,"""Carnevino""",The Strip,5
ZbOeKLc79J217r2YWyrXtg,Cni2l-VKG_pdospJ6xliXQ,"""Burger Bar""",The Strip,4
Qxm1plYx7mU5yd5gsJJvBA,7fxebHYUwIF6CakxSr70iQ,"""Carnevino""",The Strip,4
3zb6GO3NLQzatWt3qrmrGA,pik4ebdFa0UcUhnNkivFcg,"""Carmine's Italian Restaurant - Las Vegas""",The Strip,4
wsc5Aqmsw2imqWlWVJOz9g,Cni2l-VKG_pdospJ6xliXQ,"""Burger Bar""",The Strip,4
wvB9Rzn3BHzUUMUzLL4u2w,Cni2l-VKG_pdospJ6xliXQ,"""Burger Bar""",The Strip,5
-TYLSDw7shK8gfkbKpVcpA,CCRgGKhzxSpl38w7yhqKUw,"""Noodles""",The Strip,5
HcxzN4546dQDCu71ivLpPQ,7fxebHYUwIF6CakxSr70iQ,"""Carnevino""",The Strip,5
QtuzG4-zmGTdB0jSMC54tg,7fxebHYUwIF6CakxSr70iQ,"""Carnevino""",The Strip,5
QtuzG4-zmGTdB0jSMC54tg,u-67zd1ImTv3EEr5kIdWrA,"""House of Blues - Music Venue""",The Strip,3
Zk7XnX8tVvJncQKa-9298A,Cni2l-VKG_pdospJ6xliXQ,"""Burger Bar""",The Strip,4
Ktnzz02aHxGvdaiP0BhHow,CCRgGKhzxSpl38w7yhqKUw,"""Noodles""",The Strip,2
NtYhK3robhRL4vGR1SAsCw,7fxebHYUwIF6CakxSr70iQ,"""Carnevino""",The Strip,3
zlahAxWe_wdd23XpngzQ2A,Cni2l-VKG_pdospJ6xliXQ,"""Burger Bar""",The Strip,2
PvtobCaluW-ZrGA6BprpLQ,pKk7jCFIm96qDdk0laVT2w,"""StripSteak""",The Strip,5
C9aipyN2JvkWWjMRRWFB2g,u-67zd1ImTv3EEr5kIdWrA,"""House of Blues - Music Venue""",The Strip,4
kIUVD6fHUTj5Rz1Z7DZtJQ,Cni2l-VKG_pdospJ6xliXQ,"""Burger Bar""",The Strip,4
o-vYcgSBvMqmVIrHd0X1ug,7fxebHYUwIF6CakxSr70iQ,"""Carnevino""",The Strip,5
1anyv8ecofh42cieF9zocQ,pKk7jCFIm96qDdk0laVT2w,"""StripSteak""",The Strip,1
-4pU1kYulMf2L07Rk579fA,Cni2l-VKG_pdospJ6xliXQ,"""Burger Bar""",The Strip,5
h5twO4YMtb9ejUJ2uxzINg,CCRgGKhzxSpl38w7yhqKUw,"""Noodles""",The Strip,2
LBIQGSYuVIVznLzKIAPoow,CCRgGKhzxSpl38w7yhqKUw,"""Noodles""",The Strip,4
Wnp7fqAsWbbIekmDXENbqw,7fxebHYUwIF6CakxSr70iQ,"""Carnevino""",The Strip,3
YN4ch0W_wnzyUMtDYrUXAw,7fxebHYUwIF6CakxSr70iQ,"""Carnevino""",The Strip,5
YhkMLyEsQd2-nG4BLkUs6w,Cni2l-VKG_pdospJ6xliXQ,"""Burger Bar""",The Strip,5
n86B7IkbU20AkxlFX_5aew,Cni2l-VKG_pdospJ6xliXQ,"""Burger Bar""",The Strip,3
YB4EBwFFLRxvqPUVCQYdww,7fxebHYUwIF6CakxSr70iQ,"""Carnevino""",The Strip,5
VyYiA5WHCN7SgujdxDdHGw,Cni2l-VKG_pdospJ6xliXQ,"""Burger Bar""",The Strip,1
QPex8-8KEe7xa0l4VNml4g,7fxebHYUwIF6CakxSr70iQ,"""Carnevino""",The Strip,5
CQFjyCiEaOrEd-95c5fxpg,pKk7jCFIm96qDdk0laVT2w,"""StripSteak""",The Strip,5
ABGHr-89uNNi23q28wNU_g,Cni2l-VKG_pdospJ6xliXQ,"""Burger Bar""",The Strip,4
eFPVAJp3jICBEjchM5yiPg,u-67zd1ImTv3EEr5kIdWrA,"""House of Blues - Music Venue""",The Strip,3
2sYeZfuYkVv82PFPjA2Zmg,Cni2l-VKG_pdospJ6xliXQ,"""Burger Bar""",The Strip,5
4HJq40AaPlfLyIWX2d2KTg,Cni2l-VKG_pdospJ6xliXQ,"""Burger Bar""",The Strip,5
V9ba5QgmKsHUIzymo895sA,u-67zd1ImTv3EEr5kIdWrA,"""House of Blues - Music Venue""",The Strip,5
VkUNno5rJqPExJVpD2olcA,CCRgGKhzxSpl38w7yhqKUw,"""Noodles""",The Strip,1
rlVP9ay1WZ7jNVPfcegT3A,pik4ebdFa0UcUhnNkivFcg,"""Carmine's Italian Restaurant - Las Vegas""",The Strip,5
4CKILe1Si3ck0Oj864wrog,pKk7jCFIm96qDdk0laVT2w,"""StripSteak""",The Strip,2
PtVJmwHo8A4Cmt2mUm6jtA,pKk7jCFIm96qDdk0laVT2w,"""StripSteak""",The Strip,2
0hLVJl7R7CTDw920RPerDA,u-67zd1ImTv3EEr5kIdWrA,"""House of Blues - Music Venue""",The Strip,5
3SqQO4CsGZUd4pwzT8opjw,Cni2l-VKG_pdospJ6xliXQ,"""Burger Bar""",The Strip,3
eLNRFwGDP1wAIsSy5oeXtw,Cni2l-VKG_pdospJ6xliXQ,"""Burger Bar""",The Strip,5
kku_5HqhFvvDyu_y9XIPnw,pKk7jCFIm96qDdk0laVT2w,"""StripSteak""",The Strip,5
p06eLZfXUeMu9zXeibPBfg,7fxebHYUwIF6CakxSr70iQ,"""Carnevino""",The Strip,3
k54pgAD0yXDlPQ3OTJzqYA,u-67zd1ImTv3EEr5kIdWrA,"""House of Blues - Music Venue""",The Strip,3
RP9QEruR9H1wABYrYRBZdQ,pKk7jCFIm96qDdk0laVT2w,"""StripSteak""",The Strip,5
gjrAYifaN8OlGKWYh9Pi-g,Cni2l-VKG_pdospJ6xliXQ,"""Burger Bar""",The Strip,2
YPTlCgghsAZymvbzMljdHw,u-67zd1ImTv3EEr5kIdWrA,"""House of Blues - Music Venue""",The Strip,4
5nJd8SF7exzwZoER5dm5Yw,Cni2l-VKG_pdospJ6xliXQ,"""Burger Bar""",The Strip,4
VFXKRVzEMbnsDcYFdwiiuA,7fxebHYUwIF6CakxSr70iQ,"""Carnevino""",The Strip,3
DfITaemWeqaz_0LZzLDnPA,Cni2l-VKG_pdospJ6xliXQ,"""Burger Bar""",The Strip,5
WQaLsXE80ZT52Do2jshDtw,u-67zd1ImTv3EEr5kIdWrA,"""House of Blues - Music Venue""",The Strip,3
L77gGBLCS_7p38Ts1UfvIw,Cni2l-VKG_pdospJ6xliXQ,"""Burger Bar""",The Strip,4
BtkfjLEmzcHwm-FAyb30Ow,CCRgGKhzxSpl38w7yhqKUw,"""Noodles""",The Strip,2
6os8JC-er3d9_GMkmNOuVg,7fxebHYUwIF6CakxSr70iQ,"""Carnevino""",The Strip,1
HeNrUXWWofX-7rNij8tnkg,Cni2l-VKG_pdospJ6xliXQ,"""Burger Bar""",The Strip,4
z0ZLCi3OwtPMe-Jcjnj4Zw,7fxebHYUwIF6CakxSr70iQ,"""Carnevino""",The Strip,1
ljyPPUGyvZpdIEBPVj3xig,7fxebHYUwIF6CakxSr70iQ,"""Carnevino""",The Strip,5
qpSrJxrgzDrsnIttrlLB3Q,7fxebHYUwIF6CakxSr70iQ,"""Carnevino""",The Strip,5
Dqr8khF2axF7ge-43_zuqQ,pKk7jCFIm96qDdk0laVT2w,"""StripSteak""",The Strip,5
GkK2CrXnHq0mIEcW4TPceQ,Cni2l-VKG_pdospJ6xliXQ,"""Burger Bar""",The Strip,5
frDhiWlHK4tWTUf7OLIF_w,pik4ebdFa0UcUhnNkivFcg,"""Carmine's Italian Restaurant - Las Vegas""",The Strip,4
an6CY3qTgs86sg2C9M1i9Q,Cni2l-VKG_pdospJ6xliXQ,"""Burger Bar""",The Strip,3
A_xd7iwTQ9fhtduHYboudg,Cni2l-VKG_pdospJ6xliXQ,"""Burger Bar""",The Strip,4
wKeT51nXR4hCfngpxVHg5g,Cni2l-VKG_pdospJ6xliXQ,"""Burger Bar""",The Strip,2
fOmegBn5F8gD6id6PAnePw,Cni2l-VKG_pdospJ6xliXQ,"""Burger Bar""",The Strip,4
af3BVcnDgBZJzV_wLzO4HA,7fxebHYUwIF6CakxSr70iQ,"""Carnevino""",The Strip,5
_nFgc5-ues7vOkrZw4Ld6g,Cni2l-VKG_pdospJ6xliXQ,"""Burger Bar""",The Strip,1
AFVGx2ke2XNdzjt9sX2kYA,u-67zd1ImTv3EEr5kIdWrA,"""House of Blues - Music Venue""",The Strip,5
U015oQpgHPoDxTWZ3RBD3g,u-67zd1ImTv3EEr5kIdWrA,"""House of Blues - Music Venue""",The Strip,4
yuoaisepxm6QaBKiBxz6AA,pik4ebdFa0UcUhnNkivFcg,"""Carmine's Italian Restaurant - Las Vegas""",The Strip,4
3k8ozb_HyMW3IK9bG7t4cQ,pik4ebdFa0UcUhnNkivFcg,"""Carmine's Italian Restaurant - Las Vegas""",The Strip,5
B6jpRixDy1v7cd0nIYtsSA,Cni2l-VKG_pdospJ6xliXQ,"""Burger Bar""",The Strip,1
3nRjHZEJOMFrM_LEWXBXMQ,pik4ebdFa0UcUhnNkivFcg,"""Carmine's Italian Restaurant - Las Vegas""",The Strip,4
58VeQ6Lfyl7MEQTYE8CkkQ,7fxebHYUwIF6CakxSr70iQ,"""Carnevino""",The Strip,2
F31h8Ye5EBniI91y9uAIEw,u-67zd1ImTv3EEr5kIdWrA,"""House of Blues - Music Venue""",The Strip,4
aK_IdNCJUdk2haKC3GuM_Q,Cni2l-VKG_pdospJ6xliXQ,"""Burger Bar""",The Strip,3
s6kwbDcLZ7Y7XAL0QEm4mA,7fxebHYUwIF6CakxSr70iQ,"""Carnevino""",The Strip,5
qX82xyXoO9K7kgs_0anAIA,Cni2l-VKG_pdospJ6xliXQ,"""Burger Bar""",The Strip,4
8sWFlvOo_1GXq-cTHF_9Lg,7fxebHYUwIF6CakxSr70iQ,"""Carnevino""",The Strip,4
PdRGgOSqYQZ-oq25eN_K7w,7fxebHYUwIF6CakxSr70iQ,"""Carnevino""",The Strip,2
PzNcdJaz0ld6TaTD43S4cw,Cni2l-VKG_pdospJ6xliXQ,"""Burger Bar""",The Strip,3
aqa1HxhbaNTxBnW4K7v12A,pKk7jCFIm96qDdk0laVT2w,"""StripSteak""",The Strip,2
IbX9kmlWrobRIe140W64wA,7fxebHYUwIF6CakxSr70iQ,"""Carnevino""",The Strip,4
3M2__97fXk6_SfxdQDncnw,Cni2l-VKG_pdospJ6xliXQ,"""Burger Bar""",The Strip,5
TVEZ4pVmU0iOJHK5dlQyqg,CCRgGKhzxSpl38w7yhqKUw,"""Noodles""",The Strip,1
Ik8PLdmfOR7j3WaQzP1PJQ,Cni2l-VKG_pdospJ6xliXQ,"""Burger Bar""",The Strip,5
AwWWxN2E77o0udcdpvYyNA,pKk7jCFIm96qDdk0laVT2w,"""StripSteak""",The Strip,5
J-y55bQIlqeXjMg9JZuVng,7fxebHYUwIF6CakxSr70iQ,"""Carnevino""",The Strip,4
Hn3YDlQtGCfHmHvT-0MALw,pKk7jCFIm96qDdk0laVT2w,"""StripSteak""",The Strip,2
Y0h-QxE754tBx7QabhjxhQ,pKk7jCFIm96qDdk0laVT2w,"""StripSteak""",The Strip,5
5BC31_MojYpWZCfcHfXZmw,7fxebHYUwIF6CakxSr70iQ,"""Carnevino""",The Strip,5
POAKZScwldLTMCtvezW5mA,Cni2l-VKG_pdospJ6xliXQ,"""Burger Bar""",The Strip,5
TGHd7U_U_N1DMAscE_Ap7g,CCRgGKhzxSpl38w7yhqKUw,"""Noodles""",The Strip,2
Iai5P75Qb0_--tScUTDhiA,Cni2l-VKG_pdospJ6xliXQ,"""Burger Bar""",The Strip,4
Cm3jrFTO6vQghQMc52MDvQ,Cni2l-VKG_pdospJ6xliXQ,"""Burger Bar""",The Strip,4
bxtIUkopH313FAV-jer3QQ,7fxebHYUwIF6CakxSr70iQ,"""Carnevino""",The Strip,5
WUE6G4OdTkIdrhqK0blrOg,Cni2l-VKG_pdospJ6xliXQ,"""Burger Bar""",The Strip,4
8Lq0UFN3az60KZIAwQHJpg,pKk7jCFIm96qDdk0laVT2w,"""StripSteak""",The Strip,5
6esVcPs_-ijZit2yAR2uGQ,Cni2l-VKG_pdospJ6xliXQ,"""Burger Bar""",The Strip,5
cfgzxRIwQ6j-pHzDlUdEXA,Cni2l-VKG_pdospJ6xliXQ,"""Burger Bar""",The Strip,5
mn2dBGX5-brzrPr8gx8XoQ,Cni2l-VKG_pdospJ6xliXQ,"""Burger Bar""",The Strip,5
Lga4lg-1sfHwu-OTlyRfWA,CCRgGKhzxSpl38w7yhqKUw,"""Noodles""",The Strip,2
A6zYXofgFj6UhonFPrEDHw,pKk7jCFIm96qDdk0laVT2w,"""StripSteak""",The Strip,5
xxB5F6TJ4J1MlNufCdqz2Q,CCRgGKhzxSpl38w7yhqKUw,"""Noodles""",The Strip,3
Cc7R6mxDwgii19xCLvoFDw,u-67zd1ImTv3EEr5kIdWrA,"""House of Blues - Music Venue""",The Strip,5
kv3yrDkT6ylqC01NlMDuzQ,Cni2l-VKG_pdospJ6xliXQ,"""Burger Bar""",The Strip,3
7DByt_wEdvkG2ikyvG6RfA,u-67zd1ImTv3EEr5kIdWrA,"""House of Blues - Music Venue""",The Strip,2
7DByt_wEdvkG2ikyvG6RfA,Cni2l-VKG_pdospJ6xliXQ,"""Burger Bar""",The Strip,2
n1bzRC_0Vbb6I2YMdqTPLg,pKk7jCFIm96qDdk0laVT2w,"""StripSteak""",The Strip,5
4jpNMgGZVCcZYYE1wubmug,pKk7jCFIm96qDdk0laVT2w,"""StripSteak""",The Strip,5
ugGd3ctRaKfc19JHxcrgyQ,Cni2l-VKG_pdospJ6xliXQ,"""Burger Bar""",The Strip,3
TL1_iQ5WBQNZ3FwtAhcwKg,u-67zd1ImTv3EEr5kIdWrA,"""House of Blues - Music Venue""",The Strip,4
aOFy2NB3nUoFYnqLrciyYw,7fxebHYUwIF6CakxSr70iQ,"""Carnevino""",The Strip,4
E_T8-qIew4gRPGRqUa4hDA,Cni2l-VKG_pdospJ6xliXQ,"""Burger Bar""",The Strip,5
5tKmkEZGtz3hGJYSs37Jaw,7fxebHYUwIF6CakxSr70iQ,"""Carnevino""",The Strip,4
VFXKRVzEMbnsDcYFdwiiuA,Cni2l-VKG_pdospJ6xliXQ,"""Burger Bar""",The Strip,4
PfndFktY6vVZdr_dKzDr2A,CCRgGKhzxSpl38w7yhqKUw,"""Noodles""",The Strip,2
Fr_rLfBcfvVVXkLTanrkvA,7fxebHYUwIF6CakxSr70iQ,"""Carnevino""",The Strip,3
5tFUXNnFh7g1V2waWvQfbA,7fxebHYUwIF6CakxSr70iQ,"""Carnevino""",The Strip,5
LN29IczQ-KWyGGHi96he7g,pik4ebdFa0UcUhnNkivFcg,"""Carmine's Italian Restaurant - Las Vegas""",The Strip,3
jW3A-9VqWBChw8iG_Qs8dg,7fxebHYUwIF6CakxSr70iQ,"""Carnevino""",The Strip,1
oRA280oOTG7CEypwC1YLiw,CCRgGKhzxSpl38w7yhqKUw,"""Noodles""",The Strip,1
awQhT121Pe0R33sukfTyuA,CCRgGKhzxSpl38w7yhqKUw,"""Noodles""",The Strip,2
07gdGKMkho4maba0lQyoQQ,Cni2l-VKG_pdospJ6xliXQ,"""Burger Bar""",The Strip,5
eu19K9KfnvvubzWuv4l6Wg,Cni2l-VKG_pdospJ6xliXQ,"""Burger Bar""",The Strip,5
6-qpAfnj8RtdfsT_cmwsow,pKk7jCFIm96qDdk0laVT2w,"""StripSteak""",The Strip,4
xLUGB-0O0xYPw7yMmeb3rQ,Cni2l-VKG_pdospJ6xliXQ,"""Burger Bar""",The Strip,5
OqLSrRwsOIkDM2mcd635mg,Cni2l-VKG_pdospJ6xliXQ,"""Burger Bar""",The Strip,4
nEfgsjRDRmxx7nNFVZi0jw,Cni2l-VKG_pdospJ6xliXQ,"""Burger Bar""",The Strip,5
xz-dSs6D_4cy3YXR4ZleSw,pik4ebdFa0UcUhnNkivFcg,"""Carmine's Italian Restaurant - Las Vegas""",The Strip,5
xCt4ygvLV9FXs83jyCiUmA,7fxebHYUwIF6CakxSr70iQ,"""Carnevino""",The Strip,5
tGgTIueZy1JNTzQD9rkZLQ,pKk7jCFIm96qDdk0laVT2w,"""StripSteak""",The Strip,3
5nr8mg_kwaBK3z52Q13IUg,Cni2l-VKG_pdospJ6xliXQ,"""Burger Bar""",The Strip,3
DeVGAiOf2mHVUDfxvuhVlQ,u-67zd1ImTv3EEr5kIdWrA,"""House of Blues - Music Venue""",The Strip,2
3Gx7T1tC5YemGKIGizLBoQ,u-67zd1ImTv3EEr5kIdWrA,"""House of Blues - Music Venue""",The Strip,3
CPwJQQC7HMwCZxZmx7Tm3A,pKk7jCFIm96qDdk0laVT2w,"""StripSteak""",The Strip,5
CPwJQQC7HMwCZxZmx7Tm3A,u-67zd1ImTv3EEr5kIdWrA,"""House of Blues - Music Venue""",The Strip,4
g4U2LQkF7YytYVRfqslGcQ,Cni2l-VKG_pdospJ6xliXQ,"""Burger Bar""",The Strip,3
awQhT121Pe0R33sukfTyuA,7fxebHYUwIF6CakxSr70iQ,"""Carnevino""",The Strip,2
awQhT121Pe0R33sukfTyuA,pik4ebdFa0UcUhnNkivFcg,"""Carmine's Italian Restaurant - Las Vegas""",The Strip,1
awQhT121Pe0R33sukfTyuA,pKk7jCFIm96qDdk0laVT2w,"""StripSteak""",The Strip,5
awQhT121Pe0R33sukfTyuA,Cni2l-VKG_pdospJ6xliXQ,"""Burger Bar""",The Strip,2
gbP2rpbmdc-GD_IQQJiLmw,u-67zd1ImTv3EEr5kIdWrA,"""House of Blues - Music Venue""",The Strip,5
RJVpaFHx3MwynTM8TNjz0A,Cni2l-VKG_pdospJ6xliXQ,"""Burger Bar""",The Strip,4
ta6rhSJBGhitFE_tE5IjQw,Cni2l-VKG_pdospJ6xliXQ,"""Burger Bar""",The Strip,4
2onScbifl3OVnepJ_vkFpA,u-67zd1ImTv3EEr5kIdWrA,"""House of Blues - Music Venue""",The Strip,4
r6mHg08kHeoeTqYJSy-irg,7fxebHYUwIF6CakxSr70iQ,"""Carnevino""",The Strip,5
bM4G1S3gsGclsyQ6JaD_Ig,pik4ebdFa0UcUhnNkivFcg,"""Carmine's Italian Restaurant - Las Vegas""",The Strip,5
0w6hsCmR_syjLV22y_XXYQ,CCRgGKhzxSpl38w7yhqKUw,"""Noodles""",The Strip,1
5tFUXNnFh7g1V2waWvQfbA,Cni2l-VKG_pdospJ6xliXQ,"""Burger Bar""",The Strip,4
IM-8qmASL463BCTAq8ktYw,pKk7jCFIm96qDdk0laVT2w,"""StripSteak""",The Strip,3
qy2RkoEwPk0dPTPSjpNZ-Q,7fxebHYUwIF6CakxSr70iQ,"""Carnevino""",The Strip,5
NppW9SFDMKioUAx_87QQhw,CCRgGKhzxSpl38w7yhqKUw,"""Noodles""",The Strip,4
NppW9SFDMKioUAx_87QQhw,Cni2l-VKG_pdospJ6xliXQ,"""Burger Bar""",The Strip,4
5fmRouEWGp0PvxyKYesq0Q,pKk7jCFIm96qDdk0laVT2w,"""StripSteak""",The Strip,1
tOUpKBB26eAt8AZXuvVS9Q,7fxebHYUwIF6CakxSr70iQ,"""Carnevino""",The Strip,3
W1AN4kBUQVTvVTvg5IbP5w,Cni2l-VKG_pdospJ6xliXQ,"""Burger Bar""",The Strip,5
qu2PjfqHEmLx0hXDzlEqLw,Cni2l-VKG_pdospJ6xliXQ,"""Burger Bar""",The Strip,4
lktbTz2WgN14R_C7_rr_Qg,CCRgGKhzxSpl38w7yhqKUw,"""Noodles""",The Strip,3
14eEtVAGaSjPwCuF2uiJlA,Cni2l-VKG_pdospJ6xliXQ,"""Burger Bar""",The Strip,2
2eMnXTsiqdY-UMvGlL4N_g,Cni2l-VKG_pdospJ6xliXQ,"""Burger Bar""",The Strip,3
OWBkExYHRxRyVdF4q1af_Q,pik4ebdFa0UcUhnNkivFcg,"""Carmine's Italian Restaurant - Las Vegas""",The Strip,5
cMxMVGdYEzIZnQXW7RZ46g,Cni2l-VKG_pdospJ6xliXQ,"""Burger Bar""",The Strip,5
fVILhIglx6RNOXQba5t4kQ,pKk7jCFIm96qDdk0laVT2w,"""StripSteak""",The Strip,3
fVILhIglx6RNOXQba5t4kQ,pik4ebdFa0UcUhnNkivFcg,"""Carmine's Italian Restaurant - Las Vegas""",The Strip,5
Us3ZuNZvLTK5FEvs6aABCw,7fxebHYUwIF6CakxSr70iQ,"""Carnevino""",The Strip,4
RscoPhnfz9HFXN7X8czFlg,pKk7jCFIm96qDdk0laVT2w,"""StripSteak""",The Strip,5
dbKl8X9Zff3x3v_bMmBDcw,u-67zd1ImTv3EEr5kIdWrA,"""House of Blues - Music Venue""",The Strip,5
QbYNoTyvRaOq8KEd4_08UQ,7fxebHYUwIF6CakxSr70iQ,"""Carnevino""",The Strip,1
Gza7yrsGVHDZ5Fx7_nxbaA,u-67zd1ImTv3EEr5kIdWrA,"""House of Blues - Music Venue""",The Strip,1
qf1_s3l91RtSHgNxENA_kg,CCRgGKhzxSpl38w7yhqKUw,"""Noodles""",The Strip,4
fCos2mPv-jXhvVHFCCdAzw,CCRgGKhzxSpl38w7yhqKUw,"""Noodles""",The Strip,5
tKRrwAe_zqbiJDdeP-Wj1g,Cni2l-VKG_pdospJ6xliXQ,"""Burger Bar""",The Strip,5
sL9dYZyNLpzLD3cfTWwyOQ,Cni2l-VKG_pdospJ6xliXQ,"""Burger Bar""",The Strip,3
P1JqTh13dpAZ16U1ZPw_IA,CCRgGKhzxSpl38w7yhqKUw,"""Noodles""",The Strip,5
wZRbLxsopoe0-FyWGt9SrQ,Cni2l-VKG_pdospJ6xliXQ,"""Burger Bar""",The Strip,4
YzjsknYAU95hM3mS0HJljQ,Cni2l-VKG_pdospJ6xliXQ,"""Burger Bar""",The Strip,4
6dOBrR7GM2KOUjxYSrcWxA,pKk7jCFIm96qDdk0laVT2w,"""StripSteak""",The Strip,5
N5URmpyygDBSC_8UShI_6Q,u-67zd1ImTv3EEr5kIdWrA,"""House of Blues - Music Venue""",The Strip,2
an6IlgkllMgg1K9Ru8vG8w,pKk7jCFIm96qDdk0laVT2w,"""StripSteak""",The Strip,5
JbQnuMvo0NdlKVWIn-3wIA,7fxebHYUwIF6CakxSr70iQ,"""Carnevino""",The Strip,3
woLSJl4U1Un0lfYTYpCUwg,pKk7jCFIm96qDdk0laVT2w,"""StripSteak""",The Strip,4
L_MEEQxagtYl6-fjlOCs5g,7fxebHYUwIF6CakxSr70iQ,"""Carnevino""",The Strip,2
XyWS_swdy-_kuApR3BSfsw,pik4ebdFa0UcUhnNkivFcg,"""Carmine's Italian Restaurant - Las Vegas""",The Strip,3
PSaS1dUNRTvtZjkNQns4vw,pKk7jCFIm96qDdk0laVT2w,"""StripSteak""",The Strip,5
_UgzwK0lzHhJ6iFX_lmIUw,7fxebHYUwIF6CakxSr70iQ,"""Carnevino""",The Strip,3
6WokV_fD0d7HUS-MRi7xUg,7fxebHYUwIF6CakxSr70iQ,"""Carnevino""",The Strip,1
XUZmOFF1mRp9pg3phxFKeg,Cni2l-VKG_pdospJ6xliXQ,"""Burger Bar""",The Strip,5
WI7DQh2PMeMVoz-w9L3azQ,Cni2l-VKG_pdospJ6xliXQ,"""Burger Bar""",The Strip,4
3i0mRUVNSFo38u_-0yEyxA,pKk7jCFIm96qDdk0laVT2w,"""StripSteak""",The Strip,5
4odYObI8Tsnf7o73FWRepQ,pKk7jCFIm96qDdk0laVT2w,"""StripSteak""",The Strip,3
Pstaq3a0m58jBDkoT5HtOw,Cni2l-VKG_pdospJ6xliXQ,"""Burger Bar""",The Strip,1
a-ll1YvPIT6vYQNGM6JFAQ,7fxebHYUwIF6CakxSr70iQ,"""Carnevino""",The Strip,1
Td3IfjWzboOl7dpXWmIIrw,pKk7jCFIm96qDdk0laVT2w,"""StripSteak""",The Strip,4
Td3IfjWzboOl7dpXWmIIrw,Cni2l-VKG_pdospJ6xliXQ,"""Burger Bar""",The Strip,4
7wjXA-BXvfJg8WG54zRemQ,7fxebHYUwIF6CakxSr70iQ,"""Carnevino""",The Strip,5
hVVQO1RaJPg2JkwP2TkNeg,7fxebHYUwIF6CakxSr70iQ,"""Carnevino""",The Strip,3
tMCnDhGGQ7UEWMqfgl1qng,pKk7jCFIm96qDdk0laVT2w,"""StripSteak""",The Strip,5
tMCnDhGGQ7UEWMqfgl1qng,Cni2l-VKG_pdospJ6xliXQ,"""Burger Bar""",The Strip,4
pWr8R9NtBAVKB282-_NCpA,Cni2l-VKG_pdospJ6xliXQ,"""Burger Bar""",The Strip,5
H154YfLkI98qALi_vm-v5w,pKk7jCFIm96qDdk0laVT2w,"""StripSteak""",The Strip,5
Jl1zWNk5i3AwGVN1AacaUQ,Cni2l-VKG_pdospJ6xliXQ,"""Burger Bar""",The Strip,4
8UdjJo23jqJWjf5DL_K8kA,7fxebHYUwIF6CakxSr70iQ,"""Carnevino""",The Strip,2
0mtaxKPhUKKHiggG8cfYQw,Cni2l-VKG_pdospJ6xliXQ,"""Burger Bar""",The Strip,4
eP9HY3ZytJeCc2MbEXqOzA,CCRgGKhzxSpl38w7yhqKUw,"""Noodles""",The Strip,4
eP9HY3ZytJeCc2MbEXqOzA,Cni2l-VKG_pdospJ6xliXQ,"""Burger Bar""",The Strip,5
FUoKlVTRa-XmORFW_PncjA,Cni2l-VKG_pdospJ6xliXQ,"""Burger Bar""",The Strip,5
NSS0m8Qz6-XCTK8RCI6RKA,Cni2l-VKG_pdospJ6xliXQ,"""Burger Bar""",The Strip,5
nDL2wv3J1at6UhAv0HiGXg,u-67zd1ImTv3EEr5kIdWrA,"""House of Blues - Music Venue""",The Strip,2
EbSOoJcXNN4jtekQDjVl1g,CCRgGKhzxSpl38w7yhqKUw,"""Noodles""",The Strip,5
knd8480o1bzI3TxN3gMLCQ,7fxebHYUwIF6CakxSr70iQ,"""Carnevino""",The Strip,5
NX0Nm3DVC9Jtg65q7GIB9A,CCRgGKhzxSpl38w7yhqKUw,"""Noodles""",The Strip,4
YJwU8CQL_mZ53ede-2kQow,Cni2l-VKG_pdospJ6xliXQ,"""Burger Bar""",The Strip,4
FUYI_BVIOR2FYk1gpw9vuw,u-67zd1ImTv3EEr5kIdWrA,"""House of Blues - Music Venue""",The Strip,4
wnbylbSL6VqYZ23CGBGmnA,7fxebHYUwIF6CakxSr70iQ,"""Carnevino""",The Strip,4
PjKQInHMkNLT1cnCwCVl4g,pKk7jCFIm96qDdk0laVT2w,"""StripSteak""",The Strip,1
hT6txBSN7SVeUsuTR8zjaw,Cni2l-VKG_pdospJ6xliXQ,"""Burger Bar""",The Strip,4
PJtohAOs_a6_ixjtTKe2ZQ,Cni2l-VKG_pdospJ6xliXQ,"""Burger Bar""",The Strip,4
gvuvcjAVl1ElyXTgU80VRg,7fxebHYUwIF6CakxSr70iQ,"""Carnevino""",The Strip,3
ITYKS6alUPmi8ubbNn7KRA,pik4ebdFa0UcUhnNkivFcg,"""Carmine's Italian Restaurant - Las Vegas""",The Strip,3
aP4BkNgP4wzQ5woQM-BI1A,CCRgGKhzxSpl38w7yhqKUw,"""Noodles""",The Strip,3
690FpOw-4AV8RP-SgeDwoQ,Cni2l-VKG_pdospJ6xliXQ,"""Burger Bar""",The Strip,3
PIcxwnQUeWHJ67tG5pkWxg,Cni2l-VKG_pdospJ6xliXQ,"""Burger Bar""",The Strip,5
RpwtIpEqeNY1DtvKdtHkkg,pKk7jCFIm96qDdk0laVT2w,"""StripSteak""",The Strip,3
6Y-SrNMOVL7_hGbW490M2Q,pKk7jCFIm96qDdk0laVT2w,"""StripSteak""",The Strip,5
6Y-SrNMOVL7_hGbW490M2Q,Cni2l-VKG_pdospJ6xliXQ,"""Burger Bar""",The Strip,5
OVScDeXYd5qnrFDgyABZWA,Cni2l-VKG_pdospJ6xliXQ,"""Burger Bar""",The Strip,5
DsxLLPPU1j0woEsyWx1Nug,pik4ebdFa0UcUhnNkivFcg,"""Carmine's Italian Restaurant - Las Vegas""",The Strip,3
RiU99Ze8UEoUutHMl73HIg,7fxebHYUwIF6CakxSr70iQ,"""Carnevino""",The Strip,5
nWLFcRcPkEMb9uSUYNY5AA,pKk7jCFIm96qDdk0laVT2w,"""StripSteak""",The Strip,4
0ObIfSgndeeR_kGlo1S7Ww,Cni2l-VKG_pdospJ6xliXQ,"""Burger Bar""",The Strip,3
n2HyyuQ18NnsB2slsxt37Q,u-67zd1ImTv3EEr5kIdWrA,"""House of Blues - Music Venue""",The Strip,4
Z_sOyfKf5auViZZnivNshg,pik4ebdFa0UcUhnNkivFcg,"""Carmine's Italian Restaurant - Las Vegas""",The Strip,5
A-tUZUgiMNdHeO171rRQdg,pik4ebdFa0UcUhnNkivFcg,"""Carmine's Italian Restaurant - Las Vegas""",The Strip,4
BJxCTf-ms1wBV8qr2xLpIA,pKk7jCFIm96qDdk0laVT2w,"""StripSteak""",The Strip,5
y4xrOPXEB75lJaLjr7Rtaw,Cni2l-VKG_pdospJ6xliXQ,"""Burger Bar""",The Strip,2
62OHTL6ZocdL4hcyvW09sA,u-67zd1ImTv3EEr5kIdWrA,"""House of Blues - Music Venue""",The Strip,5
C09_xCHic7At7nc7pRkfmQ,u-67zd1ImTv3EEr5kIdWrA,"""House of Blues - Music Venue""",The Strip,2
yWyGiP9ut49-l7zxAumHTg,pKk7jCFIm96qDdk0laVT2w,"""StripSteak""",The Strip,2
2UoIWsqgCAiw_xM25xL5cQ,Cni2l-VKG_pdospJ6xliXQ,"""Burger Bar""",The Strip,4
dvEkb8O0f5OWRvBZ_s_CTg,Cni2l-VKG_pdospJ6xliXQ,"""Burger Bar""",The Strip,3
V-Box-yb2_S6ZnM54jtLxw,7fxebHYUwIF6CakxSr70iQ,"""Carnevino""",The Strip,3
3v_OrghBTkEF9uYiZP9hww,7fxebHYUwIF6CakxSr70iQ,"""Carnevino""",The Strip,2
PMzMA8lz3TSQGnSSxbg3yA,Cni2l-VKG_pdospJ6xliXQ,"""Burger Bar""",The Strip,3
cRi_Zy7LV8Gp7dC0a-uPFQ,u-67zd1ImTv3EEr5kIdWrA,"""House of Blues - Music Venue""",The Strip,3
2DgYXMLPH4rG5JlOxtWchA,pKk7jCFIm96qDdk0laVT2w,"""StripSteak""",The Strip,2
5kHeDd84YLwPbbaBFLxZXA,u-67zd1ImTv3EEr5kIdWrA,"""House of Blues - Music Venue""",The Strip,1
kOvpVOZnXuMPMSOaAwCqqA,Cni2l-VKG_pdospJ6xliXQ,"""Burger Bar""",The Strip,4
EgL-jGQ_JiP5vCYVZ5snhQ,pKk7jCFIm96qDdk0laVT2w,"""StripSteak""",The Strip,4
SjX_4tpusPeZd_5a7txkXQ,pKk7jCFIm96qDdk0laVT2w,"""StripSteak""",The Strip,5
lBrqz3tvS2SU7al1sagZBw,pKk7jCFIm96qDdk0laVT2w,"""StripSteak""",The Strip,4
8rzqG5NLuDlnqE49USzvTw,Cni2l-VKG_pdospJ6xliXQ,"""Burger Bar""",The Strip,5
mTnlujPxGhxwlyPL4oXzrQ,pKk7jCFIm96qDdk0laVT2w,"""StripSteak""",The Strip,4
YCkSm_4c5_d5OteO2d60Eg,pKk7jCFIm96qDdk0laVT2w,"""StripSteak""",The Strip,3
BSTUa43K1sqiFf1Pp76vGA,pik4ebdFa0UcUhnNkivFcg,"""Carmine's Italian Restaurant - Las Vegas""",The Strip,2
5FVsOnUPLRMKfGF1fZSrvg,Cni2l-VKG_pdospJ6xliXQ,"""Burger Bar""",The Strip,4
xqw2FqjGHigv6GlKsXueFA,Cni2l-VKG_pdospJ6xliXQ,"""Burger Bar""",The Strip,5
L0Ho272OR71KprkFna7lZg,pKk7jCFIm96qDdk0laVT2w,"""StripSteak""",The Strip,5
ZsjuEgOdvx9l5GKZdtwYIw,u-67zd1ImTv3EEr5kIdWrA,"""House of Blues - Music Venue""",The Strip,4
tI7hrrkhSHbDzXFf_awgKQ,pKk7jCFIm96qDdk0laVT2w,"""StripSteak""",The Strip,5
IKMm3ODbr_4xuTLGgTKpbA,Cni2l-VKG_pdospJ6xliXQ,"""Burger Bar""",The Strip,5
_xFzB4_Yko_nE5MP2GGn7w,Cni2l-VKG_pdospJ6xliXQ,"""Burger Bar""",The Strip,4
z044R1luJTuVtzUGUA9d-A,CCRgGKhzxSpl38w7yhqKUw,"""Noodles""",The Strip,3
LNtqwn0jGv7rOMnAwhCW_A,Cni2l-VKG_pdospJ6xliXQ,"""Burger Bar""",The Strip,4
B1m44jSEkCCyH6Hnyt4f1A,u-67zd1ImTv3EEr5kIdWrA,"""House of Blues - Music Venue""",The Strip,3
xxB5F6TJ4J1MlNufCdqz2Q,Cni2l-VKG_pdospJ6xliXQ,"""Burger Bar""",The Strip,4
ClMMRCCDJjIWlzaF9ODsUg,7fxebHYUwIF6CakxSr70iQ,"""Carnevino""",The Strip,5
Y9TOoBz9HIVNodFBm0sWNw,Cni2l-VKG_pdospJ6xliXQ,"""Burger Bar""",The Strip,4
8v1rpTH0d8YjjGWA892l1Q,pKk7jCFIm96qDdk0laVT2w,"""StripSteak""",The Strip,5
D43OWyfzIQjL8feJpYh2SQ,u-67zd1ImTv3EEr5kIdWrA,"""House of Blues - Music Venue""",The Strip,3
D43OWyfzIQjL8feJpYh2SQ,pKk7jCFIm96qDdk0laVT2w,"""StripSteak""",The Strip,5
Wu0bfCVa_SsMuhbemAuaIA,7fxebHYUwIF6CakxSr70iQ,"""Carnevino""",The Strip,5
59Zmdh7FJ3xTn68D6uc-HQ,Cni2l-VKG_pdospJ6xliXQ,"""Burger Bar""",The Strip,4
IQXT4Uqox1eJTR7xhe1BYw,Cni2l-VKG_pdospJ6xliXQ,"""Burger Bar""",The Strip,4
SBfVvcr0WD3BDymjDWhl4w,pKk7jCFIm96qDdk0laVT2w,"""StripSteak""",The Strip,3
vlITGEDCNwuFj47QZGgY2w,u-67zd1ImTv3EEr5kIdWrA,"""House of Blues - Music Venue""",The Strip,4
kcO9NrvQt8srnQSNxyc4-Q,u-67zd1ImTv3EEr5kIdWrA,"""House of Blues - Music Venue""",The Strip,1
1sz1NPEhPadovfCYvNn21A,pKk7jCFIm96qDdk0laVT2w,"""StripSteak""",The Strip,5
Eh7y0Adn5CQWh4p5M0leLg,pKk7jCFIm96qDdk0laVT2w,"""StripSteak""",The Strip,5
kqIXR9mdBHB_tEDAEsBOOg,Cni2l-VKG_pdospJ6xliXQ,"""Burger Bar""",The Strip,5
rpSGNztbOliMxrm9smyq1g,Cni2l-VKG_pdospJ6xliXQ,"""Burger Bar""",The Strip,5
l0QfO7yRrR9lYzkQR6OhsA,pKk7jCFIm96qDdk0laVT2w,"""StripSteak""",The Strip,2
pNMMh1tzYetMlzUwwO1VPg,CCRgGKhzxSpl38w7yhqKUw,"""Noodles""",The Strip,3
n2HyyuQ18NnsB2slsxt37Q,Cni2l-VKG_pdospJ6xliXQ,"""Burger Bar""",The Strip,5
uE3iS_YlchE1HRT_D60SeQ,pKk7jCFIm96qDdk0laVT2w,"""StripSteak""",The Strip,3
yty-6HdtkQ5LxYLuY7jqZg,pKk7jCFIm96qDdk0laVT2w,"""StripSteak""",The Strip,5
WWnhqRnWWjutMqh-2SzEuQ,7fxebHYUwIF6CakxSr70iQ,"""Carnevino""",The Strip,5
QRYjww5Kc2b3ArHP7RLRmg,Cni2l-VKG_pdospJ6xliXQ,"""Burger Bar""",The Strip,4
8d6QEJT7tVWEZIJn9HMAcw,Cni2l-VKG_pdospJ6xliXQ,"""Burger Bar""",The Strip,4
9y5NZGmt8fzE7AqEDuNhFg,Cni2l-VKG_pdospJ6xliXQ,"""Burger Bar""",The Strip,2
mE_oQkSPBOpiO4722XnIhw,Cni2l-VKG_pdospJ6xliXQ,"""Burger Bar""",The Strip,1
-ZqPTpx9TyyvdAWbajdilA,pik4ebdFa0UcUhnNkivFcg,"""Carmine's Italian Restaurant - Las Vegas""",The Strip,5
XD2S0HWkZZ0abJAAP4NL3w,CCRgGKhzxSpl38w7yhqKUw,"""Noodles""",The Strip,3
3u-3DI3vZ3WrFv-Sft6-5Q,pKk7jCFIm96qDdk0laVT2w,"""StripSteak""",The Strip,3
k9Bvtco1QrWb4302CIRb6g,u-67zd1ImTv3EEr5kIdWrA,"""House of Blues - Music Venue""",The Strip,5
6BjjbdDxyYPGg4uyAhcELQ,Cni2l-VKG_pdospJ6xliXQ,"""Burger Bar""",The Strip,4
QiVO1CAXajUamfYhjimaew,7fxebHYUwIF6CakxSr70iQ,"""Carnevino""",The Strip,3
7kcouXWdIzgdkFNRiEcB2A,pKk7jCFIm96qDdk0laVT2w,"""StripSteak""",The Strip,5
Rx7DNBmPPShVjlcQidGuTw,7fxebHYUwIF6CakxSr70iQ,"""Carnevino""",The Strip,4
Rx7DNBmPPShVjlcQidGuTw,Cni2l-VKG_pdospJ6xliXQ,"""Burger Bar""",The Strip,4
z4a0RzfVYOK9SHzW7nax3w,Cni2l-VKG_pdospJ6xliXQ,"""Burger Bar""",The Strip,4
gMlnjz-CyvS5DNKrv47JDQ,CCRgGKhzxSpl38w7yhqKUw,"""Noodles""",The Strip,2
5W7xneNEbT_t-yQc6qG7TA,CCRgGKhzxSpl38w7yhqKUw,"""Noodles""",The Strip,5
_WGvPDe2eUEq-KhWX53f_g,CCRgGKhzxSpl38w7yhqKUw,"""Noodles""",The Strip,5
qmhwPmkoWzjXspconrTCZQ,CCRgGKhzxSpl38w7yhqKUw,"""Noodles""",The Strip,5
qmhwPmkoWzjXspconrTCZQ,7fxebHYUwIF6CakxSr70iQ,"""Carnevino""",The Strip,3
6pJICQMKi7CjMIKU-y9oTQ,pKk7jCFIm96qDdk0laVT2w,"""StripSteak""",The Strip,4
5m4l_NEiNfHCRqr90m5Zkg,pKk7jCFIm96qDdk0laVT2w,"""StripSteak""",The Strip,4
ndfUK1-YbBtzYAhFR1lPVw,Cni2l-VKG_pdospJ6xliXQ,"""Burger Bar""",The Strip,3
_D_IwjQggKgI0VL0O_CmdA,7fxebHYUwIF6CakxSr70iQ,"""Carnevino""",The Strip,5
RVNJ5UcuzTeFOTXlquD4kQ,7fxebHYUwIF6CakxSr70iQ,"""Carnevino""",The Strip,4
J7ulUk2XkxxiaPQmukEBZg,Cni2l-VKG_pdospJ6xliXQ,"""Burger Bar""",The Strip,5
SAdmlwTOxA9p-1GLamEssw,pik4ebdFa0UcUhnNkivFcg,"""Carmine's Italian Restaurant - Las Vegas""",The Strip,5
yOX-koTxjKTF5V_ZIqqfjg,u-67zd1ImTv3EEr5kIdWrA,"""House of Blues - Music Venue""",The Strip,4
EaR-CRJYwhir3Brh4XkGsA,Cni2l-VKG_pdospJ6xliXQ,"""Burger Bar""",The Strip,4
20GrP-joC0zFSmavX8kdVA,7fxebHYUwIF6CakxSr70iQ,"""Carnevino""",The Strip,4
ic3Lw9nuyESd5wFRH7TFpw,7fxebHYUwIF6CakxSr70iQ,"""Carnevino""",The Strip,1
ic3Lw9nuyESd5wFRH7TFpw,Cni2l-VKG_pdospJ6xliXQ,"""Burger Bar""",The Strip,4
UebicUFQY9U9P6G_PT5MUQ,7fxebHYUwIF6CakxSr70iQ,"""Carnevino""",The Strip,4
XU7XWlJ0LYEBvISTiLMFxQ,u-67zd1ImTv3EEr5kIdWrA,"""House of Blues - Music Venue""",The Strip,3
14xZr6DVhM5mHj-Y3dZspw,Cni2l-VKG_pdospJ6xliXQ,"""Burger Bar""",The Strip,4
astxDnsj9c_R7A1wSFpFxw,7fxebHYUwIF6CakxSr70iQ,"""Carnevino""",The Strip,1
LSw5J-mDFXr75jmYmRnWow,Cni2l-VKG_pdospJ6xliXQ,"""Burger Bar""",The Strip,2
3w6Gaq-SiVJwr7BOSRcu9A,pik4ebdFa0UcUhnNkivFcg,"""Carmine's Italian Restaurant - Las Vegas""",The Strip,4
QdQWkr7T-SCkklEQPCS9jA,u-67zd1ImTv3EEr5kIdWrA,"""House of Blues - Music Venue""",The Strip,3
G-uVT9JxNMbrPApvuVO6pg,Cni2l-VKG_pdospJ6xliXQ,"""Burger Bar""",The Strip,3
Dm27UTbXyXL4mO6XoLtQWA,7fxebHYUwIF6CakxSr70iQ,"""Carnevino""",The Strip,4
DpjvyGw33bFTewHVzXuF-g,u-67zd1ImTv3EEr5kIdWrA,"""House of Blues - Music Venue""",The Strip,1
J8msK_dxvV7_14oLEuz1qw,u-67zd1ImTv3EEr5kIdWrA,"""House of Blues - Music Venue""",The Strip,4
r66pgki4QOsIEzEP4-Rw6A,CCRgGKhzxSpl38w7yhqKUw,"""Noodles""",The Strip,3
j8m6Qn1aCwSYEBbXlVGgGA,CCRgGKhzxSpl38w7yhqKUw,"""Noodles""",The Strip,3
QM2ez2HP9hU7QIku75iMSQ,CCRgGKhzxSpl38w7yhqKUw,"""Noodles""",The Strip,1
Zc7SNKIZur-Q4C-J6bGXfw,Cni2l-VKG_pdospJ6xliXQ,"""Burger Bar""",The Strip,3
N1HnG-ajMlzof9us5EtJ6g,CCRgGKhzxSpl38w7yhqKUw,"""Noodles""",The Strip,1
hZfzVrhsCQ9JDAb2jYoJNQ,u-67zd1ImTv3EEr5kIdWrA,"""House of Blues - Music Venue""",The Strip,3
UZIzqe8QdLmKvIbwz4_dkQ,Cni2l-VKG_pdospJ6xliXQ,"""Burger Bar""",The Strip,4
rTB2UhWGpsLMQo5kCzX39A,Cni2l-VKG_pdospJ6xliXQ,"""Burger Bar""",The Strip,4
KQ7RaoKNV0gY59TUjnuOZA,pKk7jCFIm96qDdk0laVT2w,"""StripSteak""",The Strip,1
BEtByeYY_jLtN1OiJhAr_g,7fxebHYUwIF6CakxSr70iQ,"""Carnevino""",The Strip,5
3ZN_XxxKV-5FVP5Yu3sj5A,7fxebHYUwIF6CakxSr70iQ,"""Carnevino""",The Strip,4
hZfzVrhsCQ9JDAb2jYoJNQ,pik4ebdFa0UcUhnNkivFcg,"""Carmine's Italian Restaurant - Las Vegas""",The Strip,4
A7cHIYhG0WQHv6ZtOVNLgA,pik4ebdFa0UcUhnNkivFcg,"""Carmine's Italian Restaurant - Las Vegas""",The Strip,3
QBrTV_dtkwQXLs5zzazLWw,Cni2l-VKG_pdospJ6xliXQ,"""Burger Bar""",The Strip,2
zzaq5Fn1U2Feut3dGxidNg,Cni2l-VKG_pdospJ6xliXQ,"""Burger Bar""",The Strip,4
P10AO6I-4C3-zuN9zU9rmw,7fxebHYUwIF6CakxSr70iQ,"""Carnevino""",The Strip,5
eOAebcw0B6jdUo7_kKu3HQ,7fxebHYUwIF6CakxSr70iQ,"""Carnevino""",The Strip,2
MnS_BJe7I9A3XP2VXvkhvA,CCRgGKhzxSpl38w7yhqKUw,"""Noodles""",The Strip,4
XcyT4mdIOOIAe6u6AQQaZQ,Cni2l-VKG_pdospJ6xliXQ,"""Burger Bar""",The Strip,4
fcR0tYEFN00Xtoodv37-kw,u-67zd1ImTv3EEr5kIdWrA,"""House of Blues - Music Venue""",The Strip,3
fcR0tYEFN00Xtoodv37-kw,Cni2l-VKG_pdospJ6xliXQ,"""Burger Bar""",The Strip,4
xJjzWsiGPefAps8N-z6_MA,Cni2l-VKG_pdospJ6xliXQ,"""Burger Bar""",The Strip,5
9swNpvdz8I43yRmloq342Q,7fxebHYUwIF6CakxSr70iQ,"""Carnevino""",The Strip,5
yG00-Dcv5iFS2SaezGu-Kw,Cni2l-VKG_pdospJ6xliXQ,"""Burger Bar""",The Strip,4
BW5P161T_9ispjUFAj1tUg,CCRgGKhzxSpl38w7yhqKUw,"""Noodles""",The Strip,4
L0tpPvUttsF7nUruR5jzMA,7fxebHYUwIF6CakxSr70iQ,"""Carnevino""",The Strip,5
Xpi1BPQZtp9XfVsI2rNqzw,Cni2l-VKG_pdospJ6xliXQ,"""Burger Bar""",The Strip,4
yD23HlgxGDCAWjFpuAsapg,Cni2l-VKG_pdospJ6xliXQ,"""Burger Bar""",The Strip,4
9HyAuq4Vfv7JRsQrGj2etA,7fxebHYUwIF6CakxSr70iQ,"""Carnevino""",The Strip,1
oNvx0eqQoBhPcKXLC_s1xA,pKk7jCFIm96qDdk0laVT2w,"""StripSteak""",The Strip,5
q9S0mgmmjp12vOGzoYVCww,Cni2l-VKG_pdospJ6xliXQ,"""Burger Bar""",The Strip,5
Cwkb0lYxcGk5H4Yg2zMKlg,Cni2l-VKG_pdospJ6xliXQ,"""Burger Bar""",The Strip,5
o_c0K_QLZ-3Nue0EURSjwA,u-67zd1ImTv3EEr5kIdWrA,"""House of Blues - Music Venue""",The Strip,5
Cd2-hATGGUZ1NWisIHyFEA,7fxebHYUwIF6CakxSr70iQ,"""Carnevino""",The Strip,4
sQ32_BPrzxfYJ4Xri9Z8dQ,Cni2l-VKG_pdospJ6xliXQ,"""Burger Bar""",The Strip,5
RhlYpJB5dzZveMuwMHSP1A,Cni2l-VKG_pdospJ6xliXQ,"""Burger Bar""",The Strip,3
NkU2y4aBKOT811fEiG8-JA,Cni2l-VKG_pdospJ6xliXQ,"""Burger Bar""",The Strip,4
z9NEEws5ylHX7dgt4HA6MQ,u-67zd1ImTv3EEr5kIdWrA,"""House of Blues - Music Venue""",The Strip,2
SwmkKJHIgV3A-nU_eZsukQ,pKk7jCFIm96qDdk0laVT2w,"""StripSteak""",The Strip,5
Ikc6-6eDWH0NNgPMNd0cJA,pik4ebdFa0UcUhnNkivFcg,"""Carmine's Italian Restaurant - Las Vegas""",The Strip,5
kDnUyuyVrFXyh47pkqEsrg,pik4ebdFa0UcUhnNkivFcg,"""Carmine's Italian Restaurant - Las Vegas""",The Strip,5
7OhVgsMM66zSqAKk6LZ1Xw,Cni2l-VKG_pdospJ6xliXQ,"""Burger Bar""",The Strip,4
ipMEOhaOmERiJ_r0k_OqRQ,Cni2l-VKG_pdospJ6xliXQ,"""Burger Bar""",The Strip,5
KV5sCuwEUM-f7rLYCfUerQ,pKk7jCFIm96qDdk0laVT2w,"""StripSteak""",The Strip,5
TPo7MgMLzn5X_6Sve8v4lg,Cni2l-VKG_pdospJ6xliXQ,"""Burger Bar""",The Strip,3
vovqmSRGMe2gCchMUknUkg,Cni2l-VKG_pdospJ6xliXQ,"""Burger Bar""",The Strip,1
WvntDWMQnaEV8agu3gcTug,pKk7jCFIm96qDdk0laVT2w,"""StripSteak""",The Strip,4
WvntDWMQnaEV8agu3gcTug,Cni2l-VKG_pdospJ6xliXQ,"""Burger Bar""",The Strip,4
mM2qBMmMbLzJnXv43SyT7Q,pik4ebdFa0UcUhnNkivFcg,"""Carmine's Italian Restaurant - Las Vegas""",The Strip,2
cMlb-kMPRapJP8LBeK6vdQ,Cni2l-VKG_pdospJ6xliXQ,"""Burger Bar""",The Strip,4
oEvsA_IvL0yRyI7d4lT-IA,pKk7jCFIm96qDdk0laVT2w,"""StripSteak""",The Strip,4
vp93T_AshEE9blhTGtJWLg,Cni2l-VKG_pdospJ6xliXQ,"""Burger Bar""",The Strip,2
BNLlJRu0dxwsJXekXogt0Q,pik4ebdFa0UcUhnNkivFcg,"""Carmine's Italian Restaurant - Las Vegas""",The Strip,4
QIiX7kwbvTcN01vUzcOStA,7fxebHYUwIF6CakxSr70iQ,"""Carnevino""",The Strip,5
C1ccV5ednpSJSL5NKibCOw,Cni2l-VKG_pdospJ6xliXQ,"""Burger Bar""",The Strip,2
rLCbMQmIuWnlI-IhIj51kQ,pik4ebdFa0UcUhnNkivFcg,"""Carmine's Italian Restaurant - Las Vegas""",The Strip,3
L_5TsXUdoM28SOhaam7vBg,pik4ebdFa0UcUhnNkivFcg,"""Carmine's Italian Restaurant - Las Vegas""",The Strip,4
KyWWK9Rhb_2Lkq0BeBIE1A,u-67zd1ImTv3EEr5kIdWrA,"""House of Blues - Music Venue""",The Strip,5
RTecu7xMz6r_fUrcg5XYCw,pKk7jCFIm96qDdk0laVT2w,"""StripSteak""",The Strip,4
cmLxabvxtGsd9bM5G3jv0A,pKk7jCFIm96qDdk0laVT2w,"""StripSteak""",The Strip,5
-9I98YbNQnLdAmcYfb324Q,CCRgGKhzxSpl38w7yhqKUw,"""Noodles""",The Strip,4
RLc57UKkrYEq2jdYW1dgOA,u-67zd1ImTv3EEr5kIdWrA,"""House of Blues - Music Venue""",The Strip,3
RLc57UKkrYEq2jdYW1dgOA,Cni2l-VKG_pdospJ6xliXQ,"""Burger Bar""",The Strip,5
i2toOBcy1eJ-a5x8N1UXrw,pik4ebdFa0UcUhnNkivFcg,"""Carmine's Italian Restaurant - Las Vegas""",The Strip,5
DcqGsa4tzVsna_1_G8htfg,pik4ebdFa0UcUhnNkivFcg,"""Carmine's Italian Restaurant - Las Vegas""",The Strip,3
9fEw9rkoaUvbbk2qu2cQOw,CCRgGKhzxSpl38w7yhqKUw,"""Noodles""",The Strip,5
xl81GZ-r0DFMri80I5KNEw,CCRgGKhzxSpl38w7yhqKUw,"""Noodles""",The Strip,4
1ljC2JgUafYC9wtEUXJ3bQ,Cni2l-VKG_pdospJ6xliXQ,"""Burger Bar""",The Strip,4
dQlWlOP8XMY4IGUriYjssw,Cni2l-VKG_pdospJ6xliXQ,"""Burger Bar""",The Strip,1
_m3SyztWE_ji0wLxsL2Ycg,pik4ebdFa0UcUhnNkivFcg,"""Carmine's Italian Restaurant - Las Vegas""",The Strip,1
f5m3IfX781AoMc1nqM1kYg,Cni2l-VKG_pdospJ6xliXQ,"""Burger Bar""",The Strip,3
7-T3TwRXXgT0y0YZZtDTEA,7fxebHYUwIF6CakxSr70iQ,"""Carnevino""",The Strip,4
KynS8fUIrjEousvE0mNaow,Cni2l-VKG_pdospJ6xliXQ,"""Burger Bar""",The Strip,4
adbIuMDT_zFCqiqjZO5QKg,7fxebHYUwIF6CakxSr70iQ,"""Carnevino""",The Strip,1
5ts0G0fMvrr5KTowWtl6PA,7fxebHYUwIF6CakxSr70iQ,"""Carnevino""",The Strip,1
-3vcy4flQg0oo56k-wraTA,Cni2l-VKG_pdospJ6xliXQ,"""Burger Bar""",The Strip,2
TcyFN24xFNZhZzx3LhpwRw,CCRgGKhzxSpl38w7yhqKUw,"""Noodles""",The Strip,3
PKp0S24BXd9wzPtwUjeBXg,7fxebHYUwIF6CakxSr70iQ,"""Carnevino""",The Strip,4
AsNTonKKhT6IPaJYrGtgYA,u-67zd1ImTv3EEr5kIdWrA,"""House of Blues - Music Venue""",The Strip,3
8VkjZ9tkW75UhPpoN-3Rog,7fxebHYUwIF6CakxSr70iQ,"""Carnevino""",The Strip,3
-sIsgLLcH4m1exAh5zyprg,u-67zd1ImTv3EEr5kIdWrA,"""House of Blues - Music Venue""",The Strip,3
FUfjLqW7yfQA6cL1URiV0g,CCRgGKhzxSpl38w7yhqKUw,"""Noodles""",The Strip,4
NdHGV2JmZmhYG1tSCRwrBg,7fxebHYUwIF6CakxSr70iQ,"""Carnevino""",The Strip,3
NdHGV2JmZmhYG1tSCRwrBg,pKk7jCFIm96qDdk0laVT2w,"""StripSteak""",The Strip,3
oEvsA_IvL0yRyI7d4lT-IA,Cni2l-VKG_pdospJ6xliXQ,"""Burger Bar""",The Strip,3
1RLDHzI1-FyeUJVS60kTfQ,pik4ebdFa0UcUhnNkivFcg,"""Carmine's Italian Restaurant - Las Vegas""",The Strip,5
Wk4RU0GQYRSyxelIfxcr1Q,Cni2l-VKG_pdospJ6xliXQ,"""Burger Bar""",The Strip,5
Q_Ofp7G76sp4FYI7HDT1yw,7fxebHYUwIF6CakxSr70iQ,"""Carnevino""",The Strip,4
QdQWkr7T-SCkklEQPCS9jA,Cni2l-VKG_pdospJ6xliXQ,"""Burger Bar""",The Strip,4
MkEfR2LL4OlaxO2BUgCOxw,u-67zd1ImTv3EEr5kIdWrA,"""House of Blues - Music Venue""",The Strip,4
OPvFCe-kxlvrYhGQQ3HwMA,pKk7jCFIm96qDdk0laVT2w,"""StripSteak""",The Strip,5
nUdHlzHlzDI7466s9MxJJg,Cni2l-VKG_pdospJ6xliXQ,"""Burger Bar""",The Strip,4
7NXgSnZ-eoOl1Y4OJbaHmg,Cni2l-VKG_pdospJ6xliXQ,"""Burger Bar""",The Strip,4
5FyxwJFU0bhiNfdVXO1jlw,pik4ebdFa0UcUhnNkivFcg,"""Carmine's Italian Restaurant - Las Vegas""",The Strip,4
YTDM5iqsTFIyi1oUBhE1aA,u-67zd1ImTv3EEr5kIdWrA,"""House of Blues - Music Venue""",The Strip,4
0pxs_SIrX4xjLO-_InE7-A,Cni2l-VKG_pdospJ6xliXQ,"""Burger Bar""",The Strip,3
K_e2-_4ba9tkfWZfouivyQ,Cni2l-VKG_pdospJ6xliXQ,"""Burger Bar""",The Strip,4
NasiM5vEcPa-PAIDqVopig,u-67zd1ImTv3EEr5kIdWrA,"""House of Blues - Music Venue""",The Strip,1
uJHk8zVyVRh6mnf08fQh2Q,CCRgGKhzxSpl38w7yhqKUw,"""Noodles""",The Strip,3
U3njyeQMkrysobeo0QIn9w,Cni2l-VKG_pdospJ6xliXQ,"""Burger Bar""",The Strip,4
qave-i5am4hbdOu-kP5BXQ,Cni2l-VKG_pdospJ6xliXQ,"""Burger Bar""",The Strip,3
TNYM6vmcp1Nxibt7vsbx3g,u-67zd1ImTv3EEr5kIdWrA,"""House of Blues - Music Venue""",The Strip,4
K1gF80uSOKjWqE9TOAqLjQ,CCRgGKhzxSpl38w7yhqKUw,"""Noodles""",The Strip,2
BACGbnWzz0LvLZ2c5nme6Q,Cni2l-VKG_pdospJ6xliXQ,"""Burger Bar""",The Strip,1
06Wo_DOjBzKvsdzqznEXGA,u-67zd1ImTv3EEr5kIdWrA,"""House of Blues - Music Venue""",The Strip,3
Xg-TML8UlyeSuobHdGlDQA,pik4ebdFa0UcUhnNkivFcg,"""Carmine's Italian Restaurant - Las Vegas""",The Strip,5
c2wGkrX311rMD9vUH23FvQ,Cni2l-VKG_pdospJ6xliXQ,"""Burger Bar""",The Strip,2
rH6lejyfDO7u4QTmaaNXoQ,u-67zd1ImTv3EEr5kIdWrA,"""House of Blues - Music Venue""",The Strip,5
ic3Lw9nuyESd5wFRH7TFpw,pik4ebdFa0UcUhnNkivFcg,"""Carmine's Italian Restaurant - Las Vegas""",The Strip,4
ic3Lw9nuyESd5wFRH7TFpw,pKk7jCFIm96qDdk0laVT2w,"""StripSteak""",The Strip,4
Jt6M3Ap6pcy9v-iDytj1Sg,pik4ebdFa0UcUhnNkivFcg,"""Carmine's Italian Restaurant - Las Vegas""",The Strip,5
7HOTOydGS7wJYaJqNoDfeg,7fxebHYUwIF6CakxSr70iQ,"""Carnevino""",The Strip,3
7HOTOydGS7wJYaJqNoDfeg,pik4ebdFa0UcUhnNkivFcg,"""Carmine's Italian Restaurant - Las Vegas""",The Strip,1
T1XUUXIEU5uj3NmdWAdIlA,CCRgGKhzxSpl38w7yhqKUw,"""Noodles""",The Strip,4
fQwBn4gi7i9VJl4P0zkSHQ,pik4ebdFa0UcUhnNkivFcg,"""Carmine's Italian Restaurant - Las Vegas""",The Strip,5
UMURwpd82wEOn5czD1ZPpw,Cni2l-VKG_pdospJ6xliXQ,"""Burger Bar""",The Strip,4
FgwrgJhwtzLOFy4lsfHsqw,7fxebHYUwIF6CakxSr70iQ,"""Carnevino""",The Strip,5
nixQjPlfVhMEhrNkmp5FDw,Cni2l-VKG_pdospJ6xliXQ,"""Burger Bar""",The Strip,4
VfZb6NnMcY8cMmsgLbAD_A,pKk7jCFIm96qDdk0laVT2w,"""StripSteak""",The Strip,2
C88r-p-Xtdj1OB4iM2MCSA,7fxebHYUwIF6CakxSr70iQ,"""Carnevino""",The Strip,1
m9c3SQn49EC3dn_QwpTWyw,pKk7jCFIm96qDdk0laVT2w,"""StripSteak""",The Strip,5
2D_r4CWvokgl98xGlhC0ww,Cni2l-VKG_pdospJ6xliXQ,"""Burger Bar""",The Strip,4
bLNtU6SJnQZ7RLLNpP__Cw,pik4ebdFa0UcUhnNkivFcg,"""Carmine's Italian Restaurant - Las Vegas""",The Strip,5
9MRXO2Ulo4SS6sPgVc_86Q,7fxebHYUwIF6CakxSr70iQ,"""Carnevino""",The Strip,5
611MiIXJkXM82I1y3Hg9eA,Cni2l-VKG_pdospJ6xliXQ,"""Burger Bar""",The Strip,4
xoUUkyCSCnDJ_hxx1NyTSw,7fxebHYUwIF6CakxSr70iQ,"""Carnevino""",The Strip,2
yq-C84eSx8daDY101lTnmQ,7fxebHYUwIF6CakxSr70iQ,"""Carnevino""",The Strip,2
sggH-HEzDO8ABAZKbZIp-w,u-67zd1ImTv3EEr5kIdWrA,"""House of Blues - Music Venue""",The Strip,3
E68ZPVpcuWhxvnjq8vTqAA,Cni2l-VKG_pdospJ6xliXQ,"""Burger Bar""",The Strip,5
vivFH2_uIcOyqel-cHmxLA,u-67zd1ImTv3EEr5kIdWrA,"""House of Blues - Music Venue""",The Strip,4
cfUMtu6FRJFZA45OclGAcg,pik4ebdFa0UcUhnNkivFcg,"""Carmine's Italian Restaurant - Las Vegas""",The Strip,4
mV3TCs0ZVo6OH4jLJ_VT7A,u-67zd1ImTv3EEr5kIdWrA,"""House of Blues - Music Venue""",The Strip,4
TRqIV65fBD3aVwYu_bPhCg,Cni2l-VKG_pdospJ6xliXQ,"""Burger Bar""",The Strip,5
K97i0e7MaxYfvCCwPFMjuw,Cni2l-VKG_pdospJ6xliXQ,"""Burger Bar""",The Strip,4
nb_Z66wU7vGlO7MDNlAAVg,7fxebHYUwIF6CakxSr70iQ,"""Carnevino""",The Strip,5
2OGzAdfA_sn6tI1ceeMJJw,7fxebHYUwIF6CakxSr70iQ,"""Carnevino""",The Strip,1
JNqI-Nm9J-ARR4N0xdG-Qw,7fxebHYUwIF6CakxSr70iQ,"""Carnevino""",The Strip,5
trUFnQXasV8l2iJSzZKXrg,pKk7jCFIm96qDdk0laVT2w,"""StripSteak""",The Strip,4
dEnK1s6a3Z4ggLc1eAJLlg,u-67zd1ImTv3EEr5kIdWrA,"""House of Blues - Music Venue""",The Strip,3
bBZAtY6WiFD6jYv5nh4lKQ,7fxebHYUwIF6CakxSr70iQ,"""Carnevino""",The Strip,5
fVYJGPWqv_bFqi01JALVeQ,7fxebHYUwIF6CakxSr70iQ,"""Carnevino""",The Strip,4
sMJYdJWdWWr3lQLte6ZawA,Cni2l-VKG_pdospJ6xliXQ,"""Burger Bar""",The Strip,1
rpvrIZhQZCwAfe6amkoIog,7fxebHYUwIF6CakxSr70iQ,"""Carnevino""",The Strip,5
ap_uxhcfZ6_0US3VwFN8MA,pKk7jCFIm96qDdk0laVT2w,"""StripSteak""",The Strip,5
8v3aEuuHEJU_8h0OgmsfDA,Cni2l-VKG_pdospJ6xliXQ,"""Burger Bar""",The Strip,5
Kvr2ee_XgRMkrIf0HEy9Fw,Cni2l-VKG_pdospJ6xliXQ,"""Burger Bar""",The Strip,4
e3VfHP2JDmbAREfG5CkvEQ,u-67zd1ImTv3EEr5kIdWrA,"""House of Blues - Music Venue""",The Strip,3
eH27AhhhEFV-TkTGoSsf6Q,Cni2l-VKG_pdospJ6xliXQ,"""Burger Bar""",The Strip,5
O2eUFtlZxNrIFypLGU3zrg,pKk7jCFIm96qDdk0laVT2w,"""StripSteak""",The Strip,3
M4g64KUEia1qgcn-qNlYsw,Cni2l-VKG_pdospJ6xliXQ,"""Burger Bar""",The Strip,3
Qb8sDTzr54wRtT9hm1ZBCg,pKk7jCFIm96qDdk0laVT2w,"""StripSteak""",The Strip,4
nW_auFTMGmzrpGso2asW9w,Cni2l-VKG_pdospJ6xliXQ,"""Burger Bar""",The Strip,5
KykR6ZV7zVSedj2HYiEleg,7fxebHYUwIF6CakxSr70iQ,"""Carnevino""",The Strip,2
9LsxveraoG-zPcSKomSSOQ,u-67zd1ImTv3EEr5kIdWrA,"""House of Blues - Music Venue""",The Strip,5
uqi006Os3NZqyQjEsJWn7Q,Cni2l-VKG_pdospJ6xliXQ,"""Burger Bar""",The Strip,5
5rCUU24Diytw66HNkOFr6Q,CCRgGKhzxSpl38w7yhqKUw,"""Noodles""",The Strip,4
qPVtjjp8sNQ32p9860SR9Q,pKk7jCFIm96qDdk0laVT2w,"""StripSteak""",The Strip,4
8jKTbYPtI-Ot1ozfqOjl2A,pik4ebdFa0UcUhnNkivFcg,"""Carmine's Italian Restaurant - Las Vegas""",The Strip,4
dDUyE-aIvBjZxZZMXnPBzw,u-67zd1ImTv3EEr5kIdWrA,"""House of Blues - Music Venue""",The Strip,3
8qtsJtmefjJZIFM6_Ksd7A,7fxebHYUwIF6CakxSr70iQ,"""Carnevino""",The Strip,4
OnlZuja4JAEYJszf-LY-mA,pKk7jCFIm96qDdk0laVT2w,"""StripSteak""",The Strip,4
OnlZuja4JAEYJszf-LY-mA,Cni2l-VKG_pdospJ6xliXQ,"""Burger Bar""",The Strip,4
kUXozMM-hvcSW87bM21RMw,Cni2l-VKG_pdospJ6xliXQ,"""Burger Bar""",The Strip,3
6prF0WhmTxT99_tIlkFOiQ,pik4ebdFa0UcUhnNkivFcg,"""Carmine's Italian Restaurant - Las Vegas""",The Strip,3
m6NSG-UKxJGCTnFBFoNkyA,Cni2l-VKG_pdospJ6xliXQ,"""Burger Bar""",The Strip,5
1_YQ1OJUdFHa2_q4RH1vbw,Cni2l-VKG_pdospJ6xliXQ,"""Burger Bar""",The Strip,5
B6cG3i52V1kaWqS2GyVZiA,pik4ebdFa0UcUhnNkivFcg,"""Carmine's Italian Restaurant - Las Vegas""",The Strip,4
bjZxJZQkeYLx_yYJYfDT7g,7fxebHYUwIF6CakxSr70iQ,"""Carnevino""",The Strip,4
RcXYER8LIDAJkTZQaxDxVA,pik4ebdFa0UcUhnNkivFcg,"""Carmine's Italian Restaurant - Las Vegas""",The Strip,5
HA4BtflxwaMZfLSyijUDlA,pKk7jCFIm96qDdk0laVT2w,"""StripSteak""",The Strip,5
HA4BtflxwaMZfLSyijUDlA,Cni2l-VKG_pdospJ6xliXQ,"""Burger Bar""",The Strip,5
kk3YyE-eIT0IeAYtg4IB2w,pKk7jCFIm96qDdk0laVT2w,"""StripSteak""",The Strip,5
pGc-uY5cSV88E-99bWjAKQ,u-67zd1ImTv3EEr5kIdWrA,"""House of Blues - Music Venue""",The Strip,5
NMua9Y7d3DRuqyQ79mcafQ,CCRgGKhzxSpl38w7yhqKUw,"""Noodles""",The Strip,4
w0ge5Edx6eouuNQuyOvuuA,Cni2l-VKG_pdospJ6xliXQ,"""Burger Bar""",The Strip,4
9kIcMeveJXxWGVOVdXyQyg,Cni2l-VKG_pdospJ6xliXQ,"""Burger Bar""",The Strip,4
qPVtjjp8sNQ32p9860SR9Q,u-67zd1ImTv3EEr5kIdWrA,"""House of Blues - Music Venue""",The Strip,4
eYIRAvcFbcT3pxX0Vn9d8w,CCRgGKhzxSpl38w7yhqKUw,"""Noodles""",The Strip,3
iv5g980UAwzYuqaUowfbWA,Cni2l-VKG_pdospJ6xliXQ,"""Burger Bar""",The Strip,4
vqk6lMegcw3qRhM5bIPrRA,Cni2l-VKG_pdospJ6xliXQ,"""Burger Bar""",The Strip,3
dGcSvq6kncNl0Qxv2VU8iQ,CCRgGKhzxSpl38w7yhqKUw,"""Noodles""",The Strip,4
KEME-QDdq_IcdE68R2NqbQ,u-67zd1ImTv3EEr5kIdWrA,"""House of Blues - Music Venue""",The Strip,1
8hADXLf_TvnJhPBVYuva4g,CCRgGKhzxSpl38w7yhqKUw,"""Noodles""",The Strip,5
kj6tDRn5wkUrERBLjuHOZg,Cni2l-VKG_pdospJ6xliXQ,"""Burger Bar""",The Strip,5
1J_84g7fv1PUhz-ZXG56tw,pKk7jCFIm96qDdk0laVT2w,"""StripSteak""",The Strip,5
cJf99KwlIJ_wIfPBPeS6pQ,Cni2l-VKG_pdospJ6xliXQ,"""Burger Bar""",The Strip,5
Gayy-ZNNPyFgbcEx2DVEbg,7fxebHYUwIF6CakxSr70iQ,"""Carnevino""",The Strip,1
UzdIT1agNYPKKWMmlTHpOA,Cni2l-VKG_pdospJ6xliXQ,"""Burger Bar""",The Strip,4
kTf9SuxJU5p0LSv4Pt_9Bg,Cni2l-VKG_pdospJ6xliXQ,"""Burger Bar""",The Strip,5
4Pvnb8yJwm50Pi7NNdOwCQ,CCRgGKhzxSpl38w7yhqKUw,"""Noodles""",The Strip,2
CFUg3eBIfwI4KeS-eHhV6w,Cni2l-VKG_pdospJ6xliXQ,"""Burger Bar""",The Strip,4
TrduEmJdMUqAPV8Ihg0PxA,pik4ebdFa0UcUhnNkivFcg,"""Carmine's Italian Restaurant - Las Vegas""",The Strip,5
LKkfkqbq3L-qwIOAt-3aUA,CCRgGKhzxSpl38w7yhqKUw,"""Noodles""",The Strip,1
QFkbPtNoxOBK0GxlBMczmA,Cni2l-VKG_pdospJ6xliXQ,"""Burger Bar""",The Strip,4
DK3ic11UuO2T6KlXyGb_0Q,Cni2l-VKG_pdospJ6xliXQ,"""Burger Bar""",The Strip,2
pEM2zRgoL9uveqKtGC_o0w,pKk7jCFIm96qDdk0laVT2w,"""StripSteak""",The Strip,3
FL0ynXLQmoIwN2Ya9ysBQg,7fxebHYUwIF6CakxSr70iQ,"""Carnevino""",The Strip,5
J89jeH9Et-hL3EpeMRoPAg,CCRgGKhzxSpl38w7yhqKUw,"""Noodles""",The Strip,2
wtOtViAQNprzTw6qJxj-hg,Cni2l-VKG_pdospJ6xliXQ,"""Burger Bar""",The Strip,5
Ukq__n0okhqe48I8MQoc4w,Cni2l-VKG_pdospJ6xliXQ,"""Burger Bar""",The Strip,4
jkkAoObnz9WciXVu4zUNyw,7fxebHYUwIF6CakxSr70iQ,"""Carnevino""",The Strip,4
dRAMzraeziw6S6vonDMqFw,7fxebHYUwIF6CakxSr70iQ,"""Carnevino""",The Strip,2
dRAMzraeziw6S6vonDMqFw,Cni2l-VKG_pdospJ6xliXQ,"""Burger Bar""",The Strip,4
8s5QFbEAeyr73nLGgUbmRg,7fxebHYUwIF6CakxSr70iQ,"""Carnevino""",The Strip,4
2ItWnVDLKVR56UKePavV3Q,Cni2l-VKG_pdospJ6xliXQ,"""Burger Bar""",The Strip,4
esideV1WZ4pgBnWBJWMQkQ,7fxebHYUwIF6CakxSr70iQ,"""Carnevino""",The Strip,2
XmjYrNgzdbHQAiz2RF_8gw,Cni2l-VKG_pdospJ6xliXQ,"""Burger Bar""",The Strip,3
VQ4QOFiZ13E4iZhprZfAYw,u-67zd1ImTv3EEr5kIdWrA,"""House of Blues - Music Venue""",The Strip,4
qPVtjjp8sNQ32p9860SR9Q,Cni2l-VKG_pdospJ6xliXQ,"""Burger Bar""",The Strip,3
YvQkipKFC0SnqTou4jnBzg,7fxebHYUwIF6CakxSr70iQ,"""Carnevino""",The Strip,1
eWV_zVbcwlhJbsn3DubQtw,Cni2l-VKG_pdospJ6xliXQ,"""Burger Bar""",The Strip,4
cAY_gYiIq68RkWhLennaKw,Cni2l-VKG_pdospJ6xliXQ,"""Burger Bar""",The Strip,2
J2-7tletRI4-3Rs5VMzc9g,u-67zd1ImTv3EEr5kIdWrA,"""House of Blues - Music Venue""",The Strip,4
gV6iQqyFRN1Fk-Tb_G5vlA,Cni2l-VKG_pdospJ6xliXQ,"""Burger Bar""",The Strip,3
zj2xftUYPhMCJcNrPO3frg,7fxebHYUwIF6CakxSr70iQ,"""Carnevino""",The Strip,4
lyghi4PxSjiuZAPK2B9CqA,Cni2l-VKG_pdospJ6xliXQ,"""Burger Bar""",The Strip,4
7HOTOydGS7wJYaJqNoDfeg,Cni2l-VKG_pdospJ6xliXQ,"""Burger Bar""",The Strip,2
owRJSf6XpxG0d9vBl04uAQ,Cni2l-VKG_pdospJ6xliXQ,"""Burger Bar""",The Strip,3
9COet4EiWv0agugV_xG-IQ,Cni2l-VKG_pdospJ6xliXQ,"""Burger Bar""",The Strip,4
WPfc6Ppee25ZraE3vH9KJg,CCRgGKhzxSpl38w7yhqKUw,"""Noodles""",The Strip,4
8_oH1VFYgmF6FVPXfU-_uA,pik4ebdFa0UcUhnNkivFcg,"""Carmine's Italian Restaurant - Las Vegas""",The Strip,4
8_oH1VFYgmF6FVPXfU-_uA,Cni2l-VKG_pdospJ6xliXQ,"""Burger Bar""",The Strip,5
NTuvVb-ZwQ_rFn6W9Krm7A,u-67zd1ImTv3EEr5kIdWrA,"""House of Blues - Music Venue""",The Strip,2
Rn5HDsiCEUl_9py2WLQoww,Cni2l-VKG_pdospJ6xliXQ,"""Burger Bar""",The Strip,4
4IP4FkeOIjhdI1Hr7aDwOg,u-67zd1ImTv3EEr5kIdWrA,"""House of Blues - Music Venue""",The Strip,4
Dep8CaafDDmTEkKpshfoOg,pik4ebdFa0UcUhnNkivFcg,"""Carmine's Italian Restaurant - Las Vegas""",The Strip,4
9PWGLiZgOPT0XloR-vms0w,7fxebHYUwIF6CakxSr70iQ,"""Carnevino""",The Strip,2
IYGoohTCQWZ3iQna6tG0IA,pik4ebdFa0UcUhnNkivFcg,"""Carmine's Italian Restaurant - Las Vegas""",The Strip,5
bKCtSj1m2KHHZSHgBUBnBw,Cni2l-VKG_pdospJ6xliXQ,"""Burger Bar""",The Strip,5
gmhsqGgDpcf5Zx65UHXB-w,CCRgGKhzxSpl38w7yhqKUw,"""Noodles""",The Strip,3
r2EJfE7UKXJpNA7IiCeWgQ,Cni2l-VKG_pdospJ6xliXQ,"""Burger Bar""",The Strip,4
tfNaUQe-elhL-z2ZmdV64w,Cni2l-VKG_pdospJ6xliXQ,"""Burger Bar""",The Strip,5
oS_fQQdDf4fEJl9t4j4Fcg,CCRgGKhzxSpl38w7yhqKUw,"""Noodles""",The Strip,4
5s1mFI2wCpZeJR9jaa8dNw,pKk7jCFIm96qDdk0laVT2w,"""StripSteak""",The Strip,5
wGcvlcdibgnCgbN6TYqk0Q,pik4ebdFa0UcUhnNkivFcg,"""Carmine's Italian Restaurant - Las Vegas""",The Strip,5
kp4ES15mhsPHR1uIx2AYHA,u-67zd1ImTv3EEr5kIdWrA,"""House of Blues - Music Venue""",The Strip,4
cctzuSXnQgHsv2KIVX8Qug,pKk7jCFIm96qDdk0laVT2w,"""StripSteak""",The Strip,5
DK71L7eRHNIKa0UhRHRZCg,u-67zd1ImTv3EEr5kIdWrA,"""House of Blues - Music Venue""",The Strip,1
PGnvLOZm493czRCzSd6vkQ,Cni2l-VKG_pdospJ6xliXQ,"""Burger Bar""",The Strip,2
1bLbofVz5HEVZNhXJI0M_g,Cni2l-VKG_pdospJ6xliXQ,"""Burger Bar""",The Strip,3
l2_VrAnKBpxYBCp1YNvoHQ,pKk7jCFIm96qDdk0laVT2w,"""StripSteak""",The Strip,1
P3FlF8WA18fTXSj77AX69g,pik4ebdFa0UcUhnNkivFcg,"""Carmine's Italian Restaurant - Las Vegas""",The Strip,3
-niARht0maH-7QI5FJCP2Q,Cni2l-VKG_pdospJ6xliXQ,"""Burger Bar""",The Strip,4
FqX2xipIN8lEsNaOd_K8Gw,7fxebHYUwIF6CakxSr70iQ,"""Carnevino""",The Strip,5
tIP5tmJzK2jFKJh6lE-_Ag,Cni2l-VKG_pdospJ6xliXQ,"""Burger Bar""",The Strip,4
H7RidYXLMf_tY8fbxmMV2A,Cni2l-VKG_pdospJ6xliXQ,"""Burger Bar""",The Strip,3
WpnT12lcz1TVmnqqkpZXow,pKk7jCFIm96qDdk0laVT2w,"""StripSteak""",The Strip,3
JDC7mpF4Qs8nDO6BXbSY5Q,pik4ebdFa0UcUhnNkivFcg,"""Carmine's Italian Restaurant - Las Vegas""",The Strip,4
jjogE_kPPMjxKvDEFlct6w,u-67zd1ImTv3EEr5kIdWrA,"""House of Blues - Music Venue""",The Strip,2
jjogE_kPPMjxKvDEFlct6w,pKk7jCFIm96qDdk0laVT2w,"""StripSteak""",The Strip,5
q46P4WXcdOeIx0yE5keY9Q,Cni2l-VKG_pdospJ6xliXQ,"""Burger Bar""",The Strip,4
dg0r8MjCFAdoPCQaps5bNg,u-67zd1ImTv3EEr5kIdWrA,"""House of Blues - Music Venue""",The Strip,5
K6Z1NU_ofX4yiUqWtV1jNA,Cni2l-VKG_pdospJ6xliXQ,"""Burger Bar""",The Strip,3
5piRUo55qedtvBXqJ3WkMQ,Cni2l-VKG_pdospJ6xliXQ,"""Burger Bar""",The Strip,4
sMm9HOXmBgsBmCKnOmLwyA,u-67zd1ImTv3EEr5kIdWrA,"""House of Blues - Music Venue""",The Strip,5
_JQeKhefkmhM-NQ3sA5eoQ,u-67zd1ImTv3EEr5kIdWrA,"""House of Blues - Music Venue""",The Strip,5
lSLxtm7Ju7-Q1k4LN6PGcg,Cni2l-VKG_pdospJ6xliXQ,"""Burger Bar""",The Strip,4
ACkFmmPuBT6rsJ_yxA1DaQ,Cni2l-VKG_pdospJ6xliXQ,"""Burger Bar""",The Strip,4
9BuTUHt6Zlm-UCjaGD6aJQ,7fxebHYUwIF6CakxSr70iQ,"""Carnevino""",The Strip,2
kLm3B6LeboEZWX_4otpILA,u-67zd1ImTv3EEr5kIdWrA,"""House of Blues - Music Venue""",The Strip,4
eLwBpaKnlbKEhOZGy7bnyQ,Cni2l-VKG_pdospJ6xliXQ,"""Burger Bar""",The Strip,3
Yr2ju67IQb1hUdCf9MEGMw,7fxebHYUwIF6CakxSr70iQ,"""Carnevino""",The Strip,3
otoVMwdvjyMZbazDBUj6vQ,pKk7jCFIm96qDdk0laVT2w,"""StripSteak""",The Strip,5
od3ggjWiZuVqDo_RYb_SVA,Cni2l-VKG_pdospJ6xliXQ,"""Burger Bar""",The Strip,2
KqiXIwXbG9i_aIfH8c5VTA,7fxebHYUwIF6CakxSr70iQ,"""Carnevino""",The Strip,5
A7IsLlkYtTERK9G-C3gkWQ,pKk7jCFIm96qDdk0laVT2w,"""StripSteak""",The Strip,5
O409CNBIthj17D_71COhPA,7fxebHYUwIF6CakxSr70iQ,"""Carnevino""",The Strip,5
rhpNz2IP9hjiRd3jPCWb7Q,7fxebHYUwIF6CakxSr70iQ,"""Carnevino""",The Strip,5
Ky4V1XBSDHBXHpBReoKmFw,CCRgGKhzxSpl38w7yhqKUw,"""Noodles""",The Strip,5
XQNpBoPwzXnXrqG20A2tkQ,pKk7jCFIm96qDdk0laVT2w,"""StripSteak""",The Strip,4
EfJyAI_5jZDs7-imubpByA,pKk7jCFIm96qDdk0laVT2w,"""StripSteak""",The Strip,5
W63HzRFLsE1ma2-k9DcnTw,Cni2l-VKG_pdospJ6xliXQ,"""Burger Bar""",The Strip,4
L3OSZHsv70v11Mi_Hmtw9g,Cni2l-VKG_pdospJ6xliXQ,"""Burger Bar""",The Strip,5
UyRkxQWVDeROKb-TdSIoHw,Cni2l-VKG_pdospJ6xliXQ,"""Burger Bar""",The Strip,5
zPWBR9BDEc3arZ8cc1quUg,CCRgGKhzxSpl38w7yhqKUw,"""Noodles""",The Strip,4
2SdgwxMf1ePB_l687yuyCg,u-67zd1ImTv3EEr5kIdWrA,"""House of Blues - Music Venue""",The Strip,4
ekJmPQE8U2GVB0zWfFAYeg,pik4ebdFa0UcUhnNkivFcg,"""Carmine's Italian Restaurant - Las Vegas""",The Strip,3
BybcTvf0el88wkvchX0fZg,Cni2l-VKG_pdospJ6xliXQ,"""Burger Bar""",The Strip,5
0YVSCiiNjdsjRliQ5WWfhQ,7fxebHYUwIF6CakxSr70iQ,"""Carnevino""",The Strip,5
Lzld3GWe1auMrCAsjkq_Mw,CCRgGKhzxSpl38w7yhqKUw,"""Noodles""",The Strip,4
I6_iSxnhMqffRc8m6jOr1w,Cni2l-VKG_pdospJ6xliXQ,"""Burger Bar""",The Strip,5
teX6NBiLb2fUN6x94bNDdA,pKk7jCFIm96qDdk0laVT2w,"""StripSteak""",The Strip,2
0jy2lb2VcNrua8ov9duv4g,Cni2l-VKG_pdospJ6xliXQ,"""Burger Bar""",The Strip,5
XEAb813LNahl1euJvOsG9Q,Cni2l-VKG_pdospJ6xliXQ,"""Burger Bar""",The Strip,5
SVO1XGYvaMfcHnLtpa_K3w,pik4ebdFa0UcUhnNkivFcg,"""Carmine's Italian Restaurant - Las Vegas""",The Strip,1
EiwxlbR8fb68lMgEXhcWKA,Cni2l-VKG_pdospJ6xliXQ,"""Burger Bar""",The Strip,4
Oke3P4xscSncgSbH5s5kLw,pik4ebdFa0UcUhnNkivFcg,"""Carmine's Italian Restaurant - Las Vegas""",The Strip,4
5mz94KeUDCC5P2PEPgsaaw,Cni2l-VKG_pdospJ6xliXQ,"""Burger Bar""",The Strip,4
UDn5q3Q9BbM3qVwPpZ_UgQ,Cni2l-VKG_pdospJ6xliXQ,"""Burger Bar""",The Strip,5
27AqWwUILx2_RWq_6BRVMg,Cni2l-VKG_pdospJ6xliXQ,"""Burger Bar""",The Strip,2
oeNK2rv-181sSRLhdLL88g,CCRgGKhzxSpl38w7yhqKUw,"""Noodles""",The Strip,4
PFENoZUD77aioJGrnllIKA,u-67zd1ImTv3EEr5kIdWrA,"""House of Blues - Music Venue""",The Strip,2
dIGLX2Xh3yELaiNldXmjHw,pik4ebdFa0UcUhnNkivFcg,"""Carmine's Italian Restaurant - Las Vegas""",The Strip,5
YOGH7xLFnhYNto15mqtH-w,pik4ebdFa0UcUhnNkivFcg,"""Carmine's Italian Restaurant - Las Vegas""",The Strip,5
eJuEEKGzbvtlLHXSblxR7Q,u-67zd1ImTv3EEr5kIdWrA,"""House of Blues - Music Venue""",The Strip,3
8k6vN7fs1Pw4JgQrLSsZpw,7fxebHYUwIF6CakxSr70iQ,"""Carnevino""",The Strip,1
ZJF0_0NvbZZxJOBE411KFA,Cni2l-VKG_pdospJ6xliXQ,"""Burger Bar""",The Strip,4
i7NPAvpcMqjhR-5VsOG9pg,u-67zd1ImTv3EEr5kIdWrA,"""House of Blues - Music Venue""",The Strip,2
BOTYV_esRVl-eBH0xej0Qw,u-67zd1ImTv3EEr5kIdWrA,"""House of Blues - Music Venue""",The Strip,3
dNUdkiZRPBiqKzWJapom1w,CCRgGKhzxSpl38w7yhqKUw,"""Noodles""",The Strip,5
WJAgAe-iNSg8pBvl0k-0og,Cni2l-VKG_pdospJ6xliXQ,"""Burger Bar""",The Strip,5
AsYpcDETMAwA8UTWT5Mfvw,Cni2l-VKG_pdospJ6xliXQ,"""Burger Bar""",The Strip,5
x5sY4OsuR9l93hQ3xR4pIA,7fxebHYUwIF6CakxSr70iQ,"""Carnevino""",The Strip,2
wvyaM-o_DA8CsPTUsUTHOg,pKk7jCFIm96qDdk0laVT2w,"""StripSteak""",The Strip,5
MAfU2TiU5pB4daGAXZK4iA,Cni2l-VKG_pdospJ6xliXQ,"""Burger Bar""",The Strip,1
zH7d_3LzbMGsQtDlUxB5DQ,u-67zd1ImTv3EEr5kIdWrA,"""House of Blues - Music Venue""",The Strip,4
PHfmvyVcxoccNyyMBUD3sw,Cni2l-VKG_pdospJ6xliXQ,"""Burger Bar""",The Strip,3
9eRF_cAZaeR3z_04NTTZfA,u-67zd1ImTv3EEr5kIdWrA,"""House of Blues - Music Venue""",The Strip,4
WNbVCtfq2lGMEwLDXyyd6A,CCRgGKhzxSpl38w7yhqKUw,"""Noodles""",The Strip,1
lKZCf_IQ9JtWgON1GxK-Sw,Cni2l-VKG_pdospJ6xliXQ,"""Burger Bar""",The Strip,5
j9e8mD-6rTh0FI_I1GncFQ,pKk7jCFIm96qDdk0laVT2w,"""StripSteak""",The Strip,5
3gq1d-Qiyajk5TWq9jNytA,Cni2l-VKG_pdospJ6xliXQ,"""Burger Bar""",The Strip,4
OTSMaeZh0xo840xJCsKnTw,CCRgGKhzxSpl38w7yhqKUw,"""Noodles""",The Strip,3
ofi1Wkt-vV1fREaQtiBfKg,Cni2l-VKG_pdospJ6xliXQ,"""Burger Bar""",The Strip,5
5bgsQymr8HDT3tyC1N3Uhg,Cni2l-VKG_pdospJ6xliXQ,"""Burger Bar""",The Strip,3
gnBHdFRLoXWPGuO879KXEQ,pik4ebdFa0UcUhnNkivFcg,"""Carmine's Italian Restaurant - Las Vegas""",The Strip,3
Tk_FWXueutKii3f9yJFsdw,7fxebHYUwIF6CakxSr70iQ,"""Carnevino""",The Strip,4
Tk_FWXueutKii3f9yJFsdw,Cni2l-VKG_pdospJ6xliXQ,"""Burger Bar""",The Strip,5
OWOI3sRuBPBMOkewNOvjlQ,CCRgGKhzxSpl38w7yhqKUw,"""Noodles""",The Strip,3
ZGsyzhEjpmpOMC81tXsAGw,CCRgGKhzxSpl38w7yhqKUw,"""Noodles""",The Strip,3
soj3EaoFAhGqWgzGlfTTtg,7fxebHYUwIF6CakxSr70iQ,"""Carnevino""",The Strip,5
lKUy2aJhDSN_BHr3bAaMvQ,Cni2l-VKG_pdospJ6xliXQ,"""Burger Bar""",The Strip,4
xB-QNI6atupgZvF4cn2QyA,Cni2l-VKG_pdospJ6xliXQ,"""Burger Bar""",The Strip,4
9o18VpyfwV6s1j5GrmEcfg,pik4ebdFa0UcUhnNkivFcg,"""Carmine's Italian Restaurant - Las Vegas""",The Strip,1
bM3wAC687ucLRsmrgWO_vQ,Cni2l-VKG_pdospJ6xliXQ,"""Burger Bar""",The Strip,5
0DtXkaFd6YpKtpuSqvI0wA,u-67zd1ImTv3EEr5kIdWrA,"""House of Blues - Music Venue""",The Strip,1
lIFrkMakE6IbHa_Cw-us5w,CCRgGKhzxSpl38w7yhqKUw,"""Noodles""",The Strip,4
rVXUdFYdXq1LJ545HrX4Hg,pik4ebdFa0UcUhnNkivFcg,"""Carmine's Italian Restaurant - Las Vegas""",The Strip,1
uGjwP1eVTvZHHge6yylC1Q,Cni2l-VKG_pdospJ6xliXQ,"""Burger Bar""",The Strip,1
R7atWnGlDkXTzS78iwH7Xg,Cni2l-VKG_pdospJ6xliXQ,"""Burger Bar""",The Strip,5
-VjzA52BiwSM_wG6gCI9FQ,Cni2l-VKG_pdospJ6xliXQ,"""Burger Bar""",The Strip,3
FqMhSiS-S8sgunya-Dt3Xw,Cni2l-VKG_pdospJ6xliXQ,"""Burger Bar""",The Strip,3
P_BsIX1h93u8lgiDXf-9CA,7fxebHYUwIF6CakxSr70iQ,"""Carnevino""",The Strip,3
ELcQDlf69kb-ihJfxZyL0A,Cni2l-VKG_pdospJ6xliXQ,"""Burger Bar""",The Strip,4
eYmJ-Bp6SgUq2bdHa4phBQ,u-67zd1ImTv3EEr5kIdWrA,"""House of Blues - Music Venue""",The Strip,5
W2nZTXw7BUDOpI3PDBIwIg,CCRgGKhzxSpl38w7yhqKUw,"""Noodles""",The Strip,2
___I9ZYdYGkZ6dMYxwJEIQ,CCRgGKhzxSpl38w7yhqKUw,"""Noodles""",The Strip,4
Nh-ztLj1IxS8ROHQqDFSiQ,u-67zd1ImTv3EEr5kIdWrA,"""House of Blues - Music Venue""",The Strip,5
yxLRBCOcE-FM6Wg-MYm0UA,7fxebHYUwIF6CakxSr70iQ,"""Carnevino""",The Strip,4
YMKEh_NvJ3e1GBBYSYrfeQ,Cni2l-VKG_pdospJ6xliXQ,"""Burger Bar""",The Strip,5
KF9puzxXYcrqN2ik2kipUQ,7fxebHYUwIF6CakxSr70iQ,"""Carnevino""",The Strip,1
DLizgyuHrP9T_-U0LmPrPA,CCRgGKhzxSpl38w7yhqKUw,"""Noodles""",The Strip,1
FRW6n7zbGf71AivSxS93RA,Cni2l-VKG_pdospJ6xliXQ,"""Burger Bar""",The Strip,4
pRzxlSQNq0ja1TB0tZGMig,u-67zd1ImTv3EEr5kIdWrA,"""House of Blues - Music Venue""",The Strip,3
LbRUOnZHfzKVPiO14KNQRA,u-67zd1ImTv3EEr5kIdWrA,"""House of Blues - Music Venue""",The Strip,4
VwtocvViCk7kx8JMvOVciQ,Cni2l-VKG_pdospJ6xliXQ,"""Burger Bar""",The Strip,5
-sAJJEUJ3Fa-NJMkl-3T3A,Cni2l-VKG_pdospJ6xliXQ,"""Burger Bar""",The Strip,4
K_yjrrDZBSic30Gr-dopqA,Cni2l-VKG_pdospJ6xliXQ,"""Burger Bar""",The Strip,3
F9r9fv9Zf0mt3D8QaX3_nQ,CCRgGKhzxSpl38w7yhqKUw,"""Noodles""",The Strip,3
-S5Edxsim9tGn1lRQB4Ocw,u-67zd1ImTv3EEr5kIdWrA,"""House of Blues - Music Venue""",The Strip,1
UwnXlhq4cQVG5Em8lKYA-w,Cni2l-VKG_pdospJ6xliXQ,"""Burger Bar""",The Strip,4
ef1KSb7EaKmk9RzMb2vc3w,pKk7jCFIm96qDdk0laVT2w,"""StripSteak""",The Strip,5
Nr3fhZ6r_E6WPbjxkAEqlw,CCRgGKhzxSpl38w7yhqKUw,"""Noodles""",The Strip,4
_LxxPXUabzojIXS4Dr0Pfg,pKk7jCFIm96qDdk0laVT2w,"""StripSteak""",The Strip,4
4wOYZTSWlEJ8d1WxnipqlA,CCRgGKhzxSpl38w7yhqKUw,"""Noodles""",The Strip,3
0hZfE2He1YssM_wEvKhfcA,7fxebHYUwIF6CakxSr70iQ,"""Carnevino""",The Strip,4
idtNxedUGMarCN-PgSFU4g,pik4ebdFa0UcUhnNkivFcg,"""Carmine's Italian Restaurant - Las Vegas""",The Strip,3
IJeecoGCQPCcuifxeqac9A,pKk7jCFIm96qDdk0laVT2w,"""StripSteak""",The Strip,5
G87zEbu0oPpYzmn4LUMC3g,7fxebHYUwIF6CakxSr70iQ,"""Carnevino""",The Strip,4
G87zEbu0oPpYzmn4LUMC3g,Cni2l-VKG_pdospJ6xliXQ,"""Burger Bar""",The Strip,5
Qyg4ABwKVgyDOgfriScrfg,pKk7jCFIm96qDdk0laVT2w,"""StripSteak""",The Strip,4
Qyg4ABwKVgyDOgfriScrfg,Cni2l-VKG_pdospJ6xliXQ,"""Burger Bar""",The Strip,3
_nQrgTdS7asc1045VBcCfw,pik4ebdFa0UcUhnNkivFcg,"""Carmine's Italian Restaurant - Las Vegas""",The Strip,4
SfYmHbtJ27EVJ7ylZFpsYQ,u-67zd1ImTv3EEr5kIdWrA,"""House of Blues - Music Venue""",The Strip,5
AvHtsEWs-aXk08GJ7DPqxQ,pik4ebdFa0UcUhnNkivFcg,"""Carmine's Italian Restaurant - Las Vegas""",The Strip,3
f5gw3C3jHrytKt69RB9eDA,u-67zd1ImTv3EEr5kIdWrA,"""House of Blues - Music Venue""",The Strip,5
14UnRoEiLipkKZyQTmTfWw,Cni2l-VKG_pdospJ6xliXQ,"""Burger Bar""",The Strip,3
UeDJQZiSUMkeO9OE3zuIQA,pik4ebdFa0UcUhnNkivFcg,"""Carmine's Italian Restaurant - Las Vegas""",The Strip,5
vQxmItXn-4EG5YC7MhGQHQ,CCRgGKhzxSpl38w7yhqKUw,"""Noodles""",The Strip,1
cnOkvZanUKVhBms32kPbLQ,Cni2l-VKG_pdospJ6xliXQ,"""Burger Bar""",The Strip,5
gzsyfK_Gm_gjyrrgVExXBg,7fxebHYUwIF6CakxSr70iQ,"""Carnevino""",The Strip,5
gzsyfK_Gm_gjyrrgVExXBg,u-67zd1ImTv3EEr5kIdWrA,"""House of Blues - Music Venue""",The Strip,3
dpdZv_onv01trYSylxQi-A,Cni2l-VKG_pdospJ6xliXQ,"""Burger Bar""",The Strip,3
VX0_RBlv4scUeKV_vNYfZQ,7fxebHYUwIF6CakxSr70iQ,"""Carnevino""",The Strip,3
4Mw__5UeTEW5L1B7nriYqw,CCRgGKhzxSpl38w7yhqKUw,"""Noodles""",The Strip,3
YORJi2JtQg5Mo4nmKOXzag,Cni2l-VKG_pdospJ6xliXQ,"""Burger Bar""",The Strip,5
sS902y0Do8J5qAiJreUJ8w,Cni2l-VKG_pdospJ6xliXQ,"""Burger Bar""",The Strip,4
1GIJvIP6LetFuTdfhznWzQ,7fxebHYUwIF6CakxSr70iQ,"""Carnevino""",The Strip,5
RYXMrb12VzDY1hhDj_hkHw,pKk7jCFIm96qDdk0laVT2w,"""StripSteak""",The Strip,4
P255JAS2WcjyfD-wbU-seg,7fxebHYUwIF6CakxSr70iQ,"""Carnevino""",The Strip,3
_qRV6YI3wm6hF0SF-2z8ng,pKk7jCFIm96qDdk0laVT2w,"""StripSteak""",The Strip,4
1cd1TjQEynOjhBT-3Qnsjg,7fxebHYUwIF6CakxSr70iQ,"""Carnevino""",The Strip,3
yry2MswYZhHRZAFqSdtqvA,Cni2l-VKG_pdospJ6xliXQ,"""Burger Bar""",The Strip,5
6eXX8kD3ZuQeEQdA4PnwsA,7fxebHYUwIF6CakxSr70iQ,"""Carnevino""",The Strip,1
nmqX1cxPOYHwql5e4U9LuA,pKk7jCFIm96qDdk0laVT2w,"""StripSteak""",The Strip,5
nmqX1cxPOYHwql5e4U9LuA,Cni2l-VKG_pdospJ6xliXQ,"""Burger Bar""",The Strip,4
cwtk0mXANOkFkph8Y3tlTg,pKk7jCFIm96qDdk0laVT2w,"""StripSteak""",The Strip,4
F1yTMgvA7o5pLRo1RI6Erg,pKk7jCFIm96qDdk0laVT2w,"""StripSteak""",The Strip,5
0jPa5Jy3bU6MIbF_3_x3hg,Cni2l-VKG_pdospJ6xliXQ,"""Burger Bar""",The Strip,2
Slrp10CaP2jhZonM90RK9A,Cni2l-VKG_pdospJ6xliXQ,"""Burger Bar""",The Strip,3
mlbSHnOC6Vsk1U1aVfj_Xg,pKk7jCFIm96qDdk0laVT2w,"""StripSteak""",The Strip,5
YNsNw8flSHyS2MFbFkvucQ,7fxebHYUwIF6CakxSr70iQ,"""Carnevino""",The Strip,1
YNsNw8flSHyS2MFbFkvucQ,pKk7jCFIm96qDdk0laVT2w,"""StripSteak""",The Strip,5
fX58R4-bic9FoqfpNK9Cyg,Cni2l-VKG_pdospJ6xliXQ,"""Burger Bar""",The Strip,2
_Ai8Q8__Wk0lF367Pw0Ljg,Cni2l-VKG_pdospJ6xliXQ,"""Burger Bar""",The Strip,2
g1faDWW6oPYtctjn8RgZqg,Cni2l-VKG_pdospJ6xliXQ,"""Burger Bar""",The Strip,4
ZJVBDvDqb-MgjMeGkAyMTQ,CCRgGKhzxSpl38w7yhqKUw,"""Noodles""",The Strip,4
sZ0ryZwySTxPJmYhjYFGuQ,7fxebHYUwIF6CakxSr70iQ,"""Carnevino""",The Strip,5
7IaqPyiERw5NFNuz2WOsFA,7fxebHYUwIF6CakxSr70iQ,"""Carnevino""",The Strip,5
bEFafmqpIZixcjoOBFjD4Q,u-67zd1ImTv3EEr5kIdWrA,"""House of Blues - Music Venue""",The Strip,5
vj8bIwLtKj9Y2ld8h5WYQg,Cni2l-VKG_pdospJ6xliXQ,"""Burger Bar""",The Strip,5
CZRSDzOXCMXJl9TpX-I4jw,u-67zd1ImTv3EEr5kIdWrA,"""House of Blues - Music Venue""",The Strip,5
v3jL0wTPKEfJZ6HWWzZw3g,pik4ebdFa0UcUhnNkivFcg,"""Carmine's Italian Restaurant - Las Vegas""",The Strip,4
-BDOAmHvzE2w3SMfwlUN5A,pKk7jCFIm96qDdk0laVT2w,"""StripSteak""",The Strip,5
UIisiRp1cEbl2d9IB3biUA,Cni2l-VKG_pdospJ6xliXQ,"""Burger Bar""",The Strip,3
klPsSg6EDlthQ4fq4WsbHQ,pKk7jCFIm96qDdk0laVT2w,"""StripSteak""",The Strip,5
HcC-EdNjPu1Fh4dims7Dvg,Cni2l-VKG_pdospJ6xliXQ,"""Burger Bar""",The Strip,3
k43TWokLTiollxUN6EPKzQ,pKk7jCFIm96qDdk0laVT2w,"""StripSteak""",The Strip,3
d3iyUlw3K9uyizbCYmLcig,CCRgGKhzxSpl38w7yhqKUw,"""Noodles""",The Strip,4
2fpgkZ4VepS5qAE-PLNUqw,CCRgGKhzxSpl38w7yhqKUw,"""Noodles""",The Strip,2
3xaB72nY9hUPSM7MlA7WXg,CCRgGKhzxSpl38w7yhqKUw,"""Noodles""",The Strip,4
5LU1Ek35dCoOa6_EYeLXTA,pik4ebdFa0UcUhnNkivFcg,"""Carmine's Italian Restaurant - Las Vegas""",The Strip,5
5RHa6ARjqHnjkk2puc5y_w,Cni2l-VKG_pdospJ6xliXQ,"""Burger Bar""",The Strip,4
rrTmcv7FtbwgjAinmS9uTA,pKk7jCFIm96qDdk0laVT2w,"""StripSteak""",The Strip,5
ORPcN-YEja3tyCvi3GrJFA,pKk7jCFIm96qDdk0laVT2w,"""StripSteak""",The Strip,5
NdOowgN5r4Q8VRtJXQoo3w,Cni2l-VKG_pdospJ6xliXQ,"""Burger Bar""",The Strip,3
3DciAhzfRMxd5y3xqTMTuQ,pik4ebdFa0UcUhnNkivFcg,"""Carmine's Italian Restaurant - Las Vegas""",The Strip,4
zXFyGQuMZ6zVaj4yP92vQQ,7fxebHYUwIF6CakxSr70iQ,"""Carnevino""",The Strip,5
1jMtas-D-mnnz5F9LIQRhw,pik4ebdFa0UcUhnNkivFcg,"""Carmine's Italian Restaurant - Las Vegas""",The Strip,4
WQyaH43PYcAqhasH7nYisQ,u-67zd1ImTv3EEr5kIdWrA,"""House of Blues - Music Venue""",The Strip,5
gvMF2sfhtSd9DRXpi1qlMg,Cni2l-VKG_pdospJ6xliXQ,"""Burger Bar""",The Strip,2
Nq534RwtOckz8xTOqluL3Q,CCRgGKhzxSpl38w7yhqKUw,"""Noodles""",The Strip,2
hby2RjEQhRuByubGXPdBLQ,Cni2l-VKG_pdospJ6xliXQ,"""Burger Bar""",The Strip,5
xBxgPKwDxlLBlOYVUH_xag,Cni2l-VKG_pdospJ6xliXQ,"""Burger Bar""",The Strip,1
btsevcupx6Cj-gbFHALUlg,7fxebHYUwIF6CakxSr70iQ,"""Carnevino""",The Strip,5
btsevcupx6Cj-gbFHALUlg,Cni2l-VKG_pdospJ6xliXQ,"""Burger Bar""",The Strip,4
pzZ-fWCGRYUxUuqIio16Rg,pik4ebdFa0UcUhnNkivFcg,"""Carmine's Italian Restaurant - Las Vegas""",The Strip,2
qRxMC1H_3ju5hoSNhgR_SQ,Cni2l-VKG_pdospJ6xliXQ,"""Burger Bar""",The Strip,4
WZ6Dq4n4Jzg9cVDbwb8z2A,pKk7jCFIm96qDdk0laVT2w,"""StripSteak""",The Strip,5
1m4Hmm7IbgGjVupM7CQSMw,pKk7jCFIm96qDdk0laVT2w,"""StripSteak""",The Strip,4
3qOfkFwH1c0L8Tybs559Yg,7fxebHYUwIF6CakxSr70iQ,"""Carnevino""",The Strip,4
Ji9PeffxjwqPLO7pEfSpKQ,pKk7jCFIm96qDdk0laVT2w,"""StripSteak""",The Strip,5
ZvSqgWMTN1U2LA3zHrtlQw,7fxebHYUwIF6CakxSr70iQ,"""Carnevino""",The Strip,5
X8EaFdIcMn3hYdlH0hJQ7w,7fxebHYUwIF6CakxSr70iQ,"""Carnevino""",The Strip,5
X8EaFdIcMn3hYdlH0hJQ7w,pKk7jCFIm96qDdk0laVT2w,"""StripSteak""",The Strip,3
X8EaFdIcMn3hYdlH0hJQ7w,Cni2l-VKG_pdospJ6xliXQ,"""Burger Bar""",The Strip,4
icaR1bOa9Id-eyTPbeHong,pKk7jCFIm96qDdk0laVT2w,"""StripSteak""",The Strip,4
2DpyyKRhCnzNb4sXx-b0Vg,Cni2l-VKG_pdospJ6xliXQ,"""Burger Bar""",The Strip,5
ZpUI9ze0YlA6nMSHwx3ZYQ,pik4ebdFa0UcUhnNkivFcg,"""Carmine's Italian Restaurant - Las Vegas""",The Strip,2
ZpUI9ze0YlA6nMSHwx3ZYQ,7fxebHYUwIF6CakxSr70iQ,"""Carnevino""",The Strip,2
ZpUI9ze0YlA6nMSHwx3ZYQ,u-67zd1ImTv3EEr5kIdWrA,"""House of Blues - Music Venue""",The Strip,3
ZpUI9ze0YlA6nMSHwx3ZYQ,Cni2l-VKG_pdospJ6xliXQ,"""Burger Bar""",The Strip,3
l-Psacus17QQD5umGqKNNQ,u-67zd1ImTv3EEr5kIdWrA,"""House of Blues - Music Venue""",The Strip,5
xTGpw0x5EUj11YFhwr6m2A,7fxebHYUwIF6CakxSr70iQ,"""Carnevino""",The Strip,2
xTGpw0x5EUj11YFhwr6m2A,u-67zd1ImTv3EEr5kIdWrA,"""House of Blues - Music Venue""",The Strip,4
gBw3xWGPwjfKnP2qWzA4_w,Cni2l-VKG_pdospJ6xliXQ,"""Burger Bar""",The Strip,2
mdCAsnSP3uCH2859UYW66A,pKk7jCFIm96qDdk0laVT2w,"""StripSteak""",The Strip,4
mdCAsnSP3uCH2859UYW66A,u-67zd1ImTv3EEr5kIdWrA,"""House of Blues - Music Venue""",The Strip,4
mdCAsnSP3uCH2859UYW66A,Cni2l-VKG_pdospJ6xliXQ,"""Burger Bar""",The Strip,5
BjtJ3VkMOxV2Lan037AFuw,Cni2l-VKG_pdospJ6xliXQ,"""Burger Bar""",The Strip,5
0CdY4aZoAsxuf-Bvah9Rdg,Cni2l-VKG_pdospJ6xliXQ,"""Burger Bar""",The Strip,4
1th7sJ4Cfy6mlSrYz2UmFg,pik4ebdFa0UcUhnNkivFcg,"""Carmine's Italian Restaurant - Las Vegas""",The Strip,1
MxgfcD7IIjOPYfWJKjSOwQ,pKk7jCFIm96qDdk0laVT2w,"""StripSteak""",The Strip,3
S-Ww2o--_9aFeHWdBGv7GQ,pik4ebdFa0UcUhnNkivFcg,"""Carmine's Italian Restaurant - Las Vegas""",The Strip,2
rHOt9tVhkCepLOY8_4xsxw,pik4ebdFa0UcUhnNkivFcg,"""Carmine's Italian Restaurant - Las Vegas""",The Strip,2
aGuMVL-N9qvEe-3ASKq7SQ,Cni2l-VKG_pdospJ6xliXQ,"""Burger Bar""",The Strip,4
vgOgoU1zuLQNBLiYeIUjzA,pKk7jCFIm96qDdk0laVT2w,"""StripSteak""",The Strip,4
fPVBv5K9EJ-VvCDPHyKGNQ,pKk7jCFIm96qDdk0laVT2w,"""StripSteak""",The Strip,5
caqy8VV1OnNja10LM9QnVA,pKk7jCFIm96qDdk0laVT2w,"""StripSteak""",The Strip,4
AiV8Qo73R09Eroj5LNJ74g,Cni2l-VKG_pdospJ6xliXQ,"""Burger Bar""",The Strip,2
eq-KwICGMoYtZlQINgxOow,Cni2l-VKG_pdospJ6xliXQ,"""Burger Bar""",The Strip,5
nYaJxeZuojWsljL65DZdAg,Cni2l-VKG_pdospJ6xliXQ,"""Burger Bar""",The Strip,5
9G78IIwXi5ov_TsL3VsGpw,7fxebHYUwIF6CakxSr70iQ,"""Carnevino""",The Strip,1
1IANPV5oU7gXvoItNBrwDg,Cni2l-VKG_pdospJ6xliXQ,"""Burger Bar""",The Strip,4
oHQYlPQ2wjK46vfjqTa9rA,pKk7jCFIm96qDdk0laVT2w,"""StripSteak""",The Strip,5
v_W7WPlxkvhH7garVqxCwg,Cni2l-VKG_pdospJ6xliXQ,"""Burger Bar""",The Strip,5
ig6orFugTASez6Ida4w1UQ,7fxebHYUwIF6CakxSr70iQ,"""Carnevino""",The Strip,5
2nU2-bmZ5JcWEckjUfG3ew,Cni2l-VKG_pdospJ6xliXQ,"""Burger Bar""",The Strip,4
dEp7BNFhnjaMYWcJ_KqsyQ,pKk7jCFIm96qDdk0laVT2w,"""StripSteak""",The Strip,5
RhO_OrWPsiXUbAoZ7pa2Mw,Cni2l-VKG_pdospJ6xliXQ,"""Burger Bar""",The Strip,1
QRCeNncBQVOl-6C8xTlY-w,pik4ebdFa0UcUhnNkivFcg,"""Carmine's Italian Restaurant - Las Vegas""",The Strip,3
jzwl9ixGvafK-ceiO7FGaQ,pKk7jCFIm96qDdk0laVT2w,"""StripSteak""",The Strip,2
3baZj-vnOJAE_btl3Fj7Mg,pKk7jCFIm96qDdk0laVT2w,"""StripSteak""",The Strip,5
G9Se6o-Zerj5zdbjCJh85Q,Cni2l-VKG_pdospJ6xliXQ,"""Burger Bar""",The Strip,4
r0BKW9OPwQXuxZm7FjDdug,CCRgGKhzxSpl38w7yhqKUw,"""Noodles""",The Strip,4
pF-ad8Cg9g4azHro2qALtw,7fxebHYUwIF6CakxSr70iQ,"""Carnevino""",The Strip,5
DlNSN5u0TJ9ZalDoCLdDgQ,Cni2l-VKG_pdospJ6xliXQ,"""Burger Bar""",The Strip,5
i4XsmRP_7zpOiManOsAuIw,7fxebHYUwIF6CakxSr70iQ,"""Carnevino""",The Strip,5
Nzt8VBnCZB8L8RiMmeIM1w,Cni2l-VKG_pdospJ6xliXQ,"""Burger Bar""",The Strip,3
KP8vrAoxw14GGoSkJcjrcQ,u-67zd1ImTv3EEr5kIdWrA,"""House of Blues - Music Venue""",The Strip,1
ayd1wCOlmrW9O3Cn6-GMsw,pKk7jCFIm96qDdk0laVT2w,"""StripSteak""",The Strip,5
5tHSdBFQkv1yaZWMxSeEpg,CCRgGKhzxSpl38w7yhqKUw,"""Noodles""",The Strip,2
1jiW1AuRrOtixM8SEM5N4w,pik4ebdFa0UcUhnNkivFcg,"""Carmine's Italian Restaurant - Las Vegas""",The Strip,4
gHBMX2oTgxcPQr3KKrn3Xg,Cni2l-VKG_pdospJ6xliXQ,"""Burger Bar""",The Strip,4
3VGTdtMCDFGsBKXXh2JnGg,7fxebHYUwIF6CakxSr70iQ,"""Carnevino""",The Strip,2
GPcFTJEprsfokD-_riWnSg,pik4ebdFa0UcUhnNkivFcg,"""Carmine's Italian Restaurant - Las Vegas""",The Strip,4
ZX97Rd5ZoOaivrhvek55zQ,Cni2l-VKG_pdospJ6xliXQ,"""Burger Bar""",The Strip,5
ftCY8qslHy14T9DtW2TDDg,CCRgGKhzxSpl38w7yhqKUw,"""Noodles""",The Strip,4
4qd1dsw1tuEoGFv7hzO8Lw,u-67zd1ImTv3EEr5kIdWrA,"""House of Blues - Music Venue""",The Strip,4
liDy_VOjCGwHeN1t5HT6bg,Cni2l-VKG_pdospJ6xliXQ,"""Burger Bar""",The Strip,4
NWe4dz2u5cMmw4Pmhov0MQ,7fxebHYUwIF6CakxSr70iQ,"""Carnevino""",The Strip,2
mynZU7pv_D8kXeI_gf3zHQ,7fxebHYUwIF6CakxSr70iQ,"""Carnevino""",The Strip,3
1CCto5Ztizeqy6CFmjnvig,u-67zd1ImTv3EEr5kIdWrA,"""House of Blues - Music Venue""",The Strip,3
F099wQqbQHp89Zyqem_M3g,pik4ebdFa0UcUhnNkivFcg,"""Carmine's Italian Restaurant - Las Vegas""",The Strip,2
soj3EaoFAhGqWgzGlfTTtg,pKk7jCFIm96qDdk0laVT2w,"""StripSteak""",The Strip,5
HzXgXdrD2_VDYQZGl_oJmg,Cni2l-VKG_pdospJ6xliXQ,"""Burger Bar""",The Strip,3
8oljN25ZE-qaNjKjMYRYLw,CCRgGKhzxSpl38w7yhqKUw,"""Noodles""",The Strip,5
haLUa4n1wsKN-4DPlSN63w,u-67zd1ImTv3EEr5kIdWrA,"""House of Blues - Music Venue""",The Strip,1
8RcOuoC2eoI92LIbOkeAoQ,CCRgGKhzxSpl38w7yhqKUw,"""Noodles""",The Strip,3
1_K8gkLc0-mf6qdxFhbeQA,7fxebHYUwIF6CakxSr70iQ,"""Carnevino""",The Strip,4
MDc00oCXZWo78vIP9ikdQQ,Cni2l-VKG_pdospJ6xliXQ,"""Burger Bar""",The Strip,5
TT8Raars10upesuAfarkUA,pik4ebdFa0UcUhnNkivFcg,"""Carmine's Italian Restaurant - Las Vegas""",The Strip,5
eCcP_PZzRzeg7qI0mHK71w,pik4ebdFa0UcUhnNkivFcg,"""Carmine's Italian Restaurant - Las Vegas""",The Strip,3
yh8_9Ix1wp9dekvyOZbilQ,7fxebHYUwIF6CakxSr70iQ,"""Carnevino""",The Strip,3
94Zh-cp7bXiZgnQ27BW5LQ,Cni2l-VKG_pdospJ6xliXQ,"""Burger Bar""",The Strip,4
ZI3NEpB24pyo4b1PaofY3w,pKk7jCFIm96qDdk0laVT2w,"""StripSteak""",The Strip,5
cTopJxceZI05Woa-fOrWLw,7fxebHYUwIF6CakxSr70iQ,"""Carnevino""",The Strip,5
cTopJxceZI05Woa-fOrWLw,pKk7jCFIm96qDdk0laVT2w,"""StripSteak""",The Strip,5
26H32rgUUIvVOynkvzOFpA,Cni2l-VKG_pdospJ6xliXQ,"""Burger Bar""",The Strip,4
3i_ghGBa0g7GzJmkTDgBTw,7fxebHYUwIF6CakxSr70iQ,"""Carnevino""",The Strip,1
tmmEeNlrppyARtYNg-EpLg,Cni2l-VKG_pdospJ6xliXQ,"""Burger Bar""",The Strip,5
i6RoTLHeg75swW_BCJSxGg,pik4ebdFa0UcUhnNkivFcg,"""Carmine's Italian Restaurant - Las Vegas""",The Strip,3
bozvcy7kl2kJ2mBdKVxyUg,pKk7jCFIm96qDdk0laVT2w,"""StripSteak""",The Strip,5
bozvcy7kl2kJ2mBdKVxyUg,Cni2l-VKG_pdospJ6xliXQ,"""Burger Bar""",The Strip,5
n80yX5MTlxPigDBYEG7dzA,7fxebHYUwIF6CakxSr70iQ,"""Carnevino""",The Strip,5
UIFWv_lGVjH3aY6f7aC-bw,Cni2l-VKG_pdospJ6xliXQ,"""Burger Bar""",The Strip,4
-_pGkIAHR40TodvMtaC4rA,CCRgGKhzxSpl38w7yhqKUw,"""Noodles""",The Strip,4
HI0poGhMciaNveWaYIDiwQ,7fxebHYUwIF6CakxSr70iQ,"""Carnevino""",The Strip,5
hm2dGvVS8i8bAAPvd7splw,pik4ebdFa0UcUhnNkivFcg,"""Carmine's Italian Restaurant - Las Vegas""",The Strip,5
C_VJgrQzeyqRbXstHgKZbg,Cni2l-VKG_pdospJ6xliXQ,"""Burger Bar""",The Strip,5
IgS1X9vrZRTdtEvXWwC4Dw,Cni2l-VKG_pdospJ6xliXQ,"""Burger Bar""",The Strip,4
gy7ENq4oNTDipW_eZ4-ZDg,u-67zd1ImTv3EEr5kIdWrA,"""House of Blues - Music Venue""",The Strip,5
RW4Bbzn8vK_haIu3_VMDsQ,7fxebHYUwIF6CakxSr70iQ,"""Carnevino""",The Strip,5
RhRZsRQWNwafk6jjDoIwwA,pKk7jCFIm96qDdk0laVT2w,"""StripSteak""",The Strip,4
3CGGvC-FAfo0AMwGVDrkNQ,Cni2l-VKG_pdospJ6xliXQ,"""Burger Bar""",The Strip,3
Lu29olesMPQHNofYBr4g7w,Cni2l-VKG_pdospJ6xliXQ,"""Burger Bar""",The Strip,4
EagNW0933KGbwYRnGK6FvQ,CCRgGKhzxSpl38w7yhqKUw,"""Noodles""",The Strip,3
iT9FXdaiMRlpRlMV3lSnZQ,7fxebHYUwIF6CakxSr70iQ,"""Carnevino""",The Strip,5
SSfA92gO_0n9M_GKIVAl8A,7fxebHYUwIF6CakxSr70iQ,"""Carnevino""",The Strip,1
j1Tlmoa8atXuQ-xjhsNgHw,7fxebHYUwIF6CakxSr70iQ,"""Carnevino""",The Strip,5
3XdDXPalut5_qic24tWZRQ,pKk7jCFIm96qDdk0laVT2w,"""StripSteak""",The Strip,1
htlskhshX5r3bQcKSY6flg,Cni2l-VKG_pdospJ6xliXQ,"""Burger Bar""",The Strip,5
9GeoxCJepxwQQZeSZmekzA,Cni2l-VKG_pdospJ6xliXQ,"""Burger Bar""",The Strip,5
1JEXL5K6VTx01tAs6Jskkg,Cni2l-VKG_pdospJ6xliXQ,"""Burger Bar""",The Strip,5
DquHHYio5bIqZ5vQlC95_w,u-67zd1ImTv3EEr5kIdWrA,"""House of Blues - Music Venue""",The Strip,3
VsXyjwIRF_15ikMYLOf23Q,u-67zd1ImTv3EEr5kIdWrA,"""House of Blues - Music Venue""",The Strip,4
2gS3TEXnA9d_gEcIaHGYDA,CCRgGKhzxSpl38w7yhqKUw,"""Noodles""",The Strip,3
qYkl_xqEH1D0wXnvDEOQSQ,Cni2l-VKG_pdospJ6xliXQ,"""Burger Bar""",The Strip,3
FuDdV2eECziYnRZ2W_z8Dw,7fxebHYUwIF6CakxSr70iQ,"""Carnevino""",The Strip,5
LiFduAD_OoU2vE3C_L_qdw,Cni2l-VKG_pdospJ6xliXQ,"""Burger Bar""",The Strip,5
w9wywbl0Zve_UP9inTMbAQ,pik4ebdFa0UcUhnNkivFcg,"""Carmine's Italian Restaurant - Las Vegas""",The Strip,4
uIyPV7vIfi9IIxJyb18StA,Cni2l-VKG_pdospJ6xliXQ,"""Burger Bar""",The Strip,5
dyUwFl7ZvEylbw3doXVL_Q,7fxebHYUwIF6CakxSr70iQ,"""Carnevino""",The Strip,2
EdrZZEfl6CHkgw-BjDcHsA,Cni2l-VKG_pdospJ6xliXQ,"""Burger Bar""",The Strip,3
JKE9ZOvaOcewjRqwYL4y6A,u-67zd1ImTv3EEr5kIdWrA,"""House of Blues - Music Venue""",The Strip,5
P1gfu1qhijp8TYrwvvFQ5A,7fxebHYUwIF6CakxSr70iQ,"""Carnevino""",The Strip,1
zpHlYvD2h1oDD0Xeeu2D5w,pKk7jCFIm96qDdk0laVT2w,"""StripSteak""",The Strip,5
BN_tio5GJufG-StLyHQnZw,7fxebHYUwIF6CakxSr70iQ,"""Carnevino""",The Strip,1
yXO72Pgg07hbMAELm4D6tw,pKk7jCFIm96qDdk0laVT2w,"""StripSteak""",The Strip,4
K5XoJWtzIp4qVf-UJsOf-A,7fxebHYUwIF6CakxSr70iQ,"""Carnevino""",The Strip,4
_FaY6Tr0EE5KKylpPjw1xw,Cni2l-VKG_pdospJ6xliXQ,"""Burger Bar""",The Strip,5
OpSjsQiDyw6D1cnZ0Hfyrg,7fxebHYUwIF6CakxSr70iQ,"""Carnevino""",The Strip,3
ZGIvFyvtlPOm1WYf12Eo7g,pik4ebdFa0UcUhnNkivFcg,"""Carmine's Italian Restaurant - Las Vegas""",The Strip,3
MZyMY-nW2ChwIs7ZhELOTQ,7fxebHYUwIF6CakxSr70iQ,"""Carnevino""",The Strip,3
NKlkCLSuIXepGFhMXyATPw,u-67zd1ImTv3EEr5kIdWrA,"""House of Blues - Music Venue""",The Strip,4
JBNz4BrrrFJ1HzlCtl9KwQ,pKk7jCFIm96qDdk0laVT2w,"""StripSteak""",The Strip,4
daYdBrMO05A974rXgNirug,CCRgGKhzxSpl38w7yhqKUw,"""Noodles""",The Strip,4
dYE_aFU9sE2gkD1ApgEBlA,pKk7jCFIm96qDdk0laVT2w,"""StripSteak""",The Strip,5
SFr7HUQz9LcczKo7rjb-jg,pKk7jCFIm96qDdk0laVT2w,"""StripSteak""",The Strip,5
MI7TjNlOSHsPbf69VTqrOA,7fxebHYUwIF6CakxSr70iQ,"""Carnevino""",The Strip,5
2KesK4u7srcozz0sG7nqNA,7fxebHYUwIF6CakxSr70iQ,"""Carnevino""",The Strip,1
CBx1i1R6QGqsQXa4MLvUHA,Cni2l-VKG_pdospJ6xliXQ,"""Burger Bar""",The Strip,5
7ogt3LBMceW7JvIZ0VlT7A,CCRgGKhzxSpl38w7yhqKUw,"""Noodles""",The Strip,1
E9ObhQNH7t8PGdcedYOQhQ,Cni2l-VKG_pdospJ6xliXQ,"""Burger Bar""",The Strip,3
2Nc1W2f-Dyn2_-XGVDhNxw,7fxebHYUwIF6CakxSr70iQ,"""Carnevino""",The Strip,5
pgaYwkHor4eQYB4Gbm9V1w,Cni2l-VKG_pdospJ6xliXQ,"""Burger Bar""",The Strip,5
nlowCDWvJBurOGGMXzjqHA,7fxebHYUwIF6CakxSr70iQ,"""Carnevino""",The Strip,4
izztABlr3mMk3zNKrvVTPA,Cni2l-VKG_pdospJ6xliXQ,"""Burger Bar""",The Strip,3
V_lub39LKTKzGLS_asvSeg,Cni2l-VKG_pdospJ6xliXQ,"""Burger Bar""",The Strip,2
CXl9uMlh4PTold4MxVku2g,7fxebHYUwIF6CakxSr70iQ,"""Carnevino""",The Strip,4
fefbZ3J59Ca4WMmLKa-D-Q,Cni2l-VKG_pdospJ6xliXQ,"""Burger Bar""",The Strip,5
njUgJcn8ZN0BdZdNEswRwA,pKk7jCFIm96qDdk0laVT2w,"""StripSteak""",The Strip,4
HOepNt9dvER_gu9sR2_GKA,pKk7jCFIm96qDdk0laVT2w,"""StripSteak""",The Strip,5
XPcRfgKOQftiwObC8qQEpQ,pKk7jCFIm96qDdk0laVT2w,"""StripSteak""",The Strip,5
XPcRfgKOQftiwObC8qQEpQ,Cni2l-VKG_pdospJ6xliXQ,"""Burger Bar""",The Strip,3
zG6-mNDJXjfTrm0QA8ZYbQ,7fxebHYUwIF6CakxSr70iQ,"""Carnevino""",The Strip,5
80qYPp6Fk_jmO3334DKGGg,CCRgGKhzxSpl38w7yhqKUw,"""Noodles""",The Strip,2
cnBWXkoYf4IOx8cZOPMwqg,pik4ebdFa0UcUhnNkivFcg,"""Carmine's Italian Restaurant - Las Vegas""",The Strip,5
-l8OLS1f7XAmUMOs-eCc8g,7fxebHYUwIF6CakxSr70iQ,"""Carnevino""",The Strip,5
mEPv7sTuwl_0cz_gtSB4sg,pKk7jCFIm96qDdk0laVT2w,"""StripSteak""",The Strip,5
1dneFnX0jX29f8wXIlYTCg,pKk7jCFIm96qDdk0laVT2w,"""StripSteak""",The Strip,5
cKx0hEt75xrx3kisEQgVRQ,7fxebHYUwIF6CakxSr70iQ,"""Carnevino""",The Strip,5
8diCtHXVfVA0lQA3Xcx28A,u-67zd1ImTv3EEr5kIdWrA,"""House of Blues - Music Venue""",The Strip,4
o83QcIRyWBznec4Shzg04A,CCRgGKhzxSpl38w7yhqKUw,"""Noodles""",The Strip,4
f5U_Tpj-0mFwn6Gfb5anqg,7fxebHYUwIF6CakxSr70iQ,"""Carnevino""",The Strip,3
bhd11fIN7SlQ2M0w5SuaIA,CCRgGKhzxSpl38w7yhqKUw,"""Noodles""",The Strip,3
CJvefd-8IFzGHPK6bomv0g,u-67zd1ImTv3EEr5kIdWrA,"""House of Blues - Music Venue""",The Strip,4
kqNJmVQDXyHoi8bXmhx2CQ,7fxebHYUwIF6CakxSr70iQ,"""Carnevino""",The Strip,5
lOMM7HTHhabi1qofd-w7zw,7fxebHYUwIF6CakxSr70iQ,"""Carnevino""",The Strip,5
76vIFZcC7owykCBjMfGVXg,CCRgGKhzxSpl38w7yhqKUw,"""Noodles""",The Strip,3
76vIFZcC7owykCBjMfGVXg,7fxebHYUwIF6CakxSr70iQ,"""Carnevino""",The Strip,3
MOcQx-Mh70Ry3aMV8jccew,7fxebHYUwIF6CakxSr70iQ,"""Carnevino""",The Strip,2
0bgbGK0GaTsKjuv69edgYQ,Cni2l-VKG_pdospJ6xliXQ,"""Burger Bar""",The Strip,2
xw8UDRLflJBg7cH15n87DQ,u-67zd1ImTv3EEr5kIdWrA,"""House of Blues - Music Venue""",The Strip,4
ENZNKU6Xqt_kX1yFFb_H4g,7fxebHYUwIF6CakxSr70iQ,"""Carnevino""",The Strip,5
aBIw_L95ZKoZl3fGtfppvg,u-67zd1ImTv3EEr5kIdWrA,"""House of Blues - Music Venue""",The Strip,1
1RsHED6agk8nVqCuWQraPA,7fxebHYUwIF6CakxSr70iQ,"""Carnevino""",The Strip,3
Z-1tfzqQneA1fqRLqTk5qA,7fxebHYUwIF6CakxSr70iQ,"""Carnevino""",The Strip,4
WzYNCM6GmCPydTVt-eA9xQ,pik4ebdFa0UcUhnNkivFcg,"""Carmine's Italian Restaurant - Las Vegas""",The Strip,4
O7ojHP59iSi32uhEDUR44A,Cni2l-VKG_pdospJ6xliXQ,"""Burger Bar""",The Strip,4
fQEvA7fINHZLbmyll8fIVQ,pik4ebdFa0UcUhnNkivFcg,"""Carmine's Italian Restaurant - Las Vegas""",The Strip,5
8QKrhvVqhEkD8xo4E4s0GQ,u-67zd1ImTv3EEr5kIdWrA,"""House of Blues - Music Venue""",The Strip,4
vTbQZNz8FH4jcrni7Vkl1Q,Cni2l-VKG_pdospJ6xliXQ,"""Burger Bar""",The Strip,4
mb1lgn1vJFwcunT5qgsj-w,7fxebHYUwIF6CakxSr70iQ,"""Carnevino""",The Strip,1
LkqdKXj55OnUBtl1Ap5cpw,pik4ebdFa0UcUhnNkivFcg,"""Carmine's Italian Restaurant - Las Vegas""",The Strip,1
hoHyM4L-6lhG0wHWJqLc8w,CCRgGKhzxSpl38w7yhqKUw,"""Noodles""",The Strip,2
7bkXUS2dDZXoexfJzxN87A,pKk7jCFIm96qDdk0laVT2w,"""StripSteak""",The Strip,5
hvw-r8FNL5xA_6n4aaucuw,pik4ebdFa0UcUhnNkivFcg,"""Carmine's Italian Restaurant - Las Vegas""",The Strip,5
OaQA6cyD7S-DdKqT7N14rw,CCRgGKhzxSpl38w7yhqKUw,"""Noodles""",The Strip,1
OaQA6cyD7S-DdKqT7N14rw,Cni2l-VKG_pdospJ6xliXQ,"""Burger Bar""",The Strip,4
ugNQV0isqQSAuuGzoK87sQ,7fxebHYUwIF6CakxSr70iQ,"""Carnevino""",The Strip,2
b5KLsIsiJBGrFIbual-2UQ,pik4ebdFa0UcUhnNkivFcg,"""Carmine's Italian Restaurant - Las Vegas""",The Strip,5
58my341k37MjsbG_A5WMZQ,7fxebHYUwIF6CakxSr70iQ,"""Carnevino""",The Strip,3
YzUlvX6xp-TsEd2CJOEwFw,7fxebHYUwIF6CakxSr70iQ,"""Carnevino""",The Strip,4
YzUlvX6xp-TsEd2CJOEwFw,Cni2l-VKG_pdospJ6xliXQ,"""Burger Bar""",The Strip,5
YwPSZ7LhQp7pm-9GYdaXnQ,CCRgGKhzxSpl38w7yhqKUw,"""Noodles""",The Strip,3
PlIgSSa7eGXMNnjfiWBpSQ,7fxebHYUwIF6CakxSr70iQ,"""Carnevino""",The Strip,5
2OOYYXqrcCqEbfX1xJGxfg,7fxebHYUwIF6CakxSr70iQ,"""Carnevino""",The Strip,5
rYVw9TLq8bSmMa7Okie7gQ,7fxebHYUwIF6CakxSr70iQ,"""Carnevino""",The Strip,5
Apo8UikhNoTxNtmsUttccA,pKk7jCFIm96qDdk0laVT2w,"""StripSteak""",The Strip,2
9qBP4jYrhZVrXd-b4Tr6mw,pKk7jCFIm96qDdk0laVT2w,"""StripSteak""",The Strip,5
arCfm3WbO06Vz94LFoHSug,Cni2l-VKG_pdospJ6xliXQ,"""Burger Bar""",The Strip,3
twfY154RMuAE5qScVvh7dw,u-67zd1ImTv3EEr5kIdWrA,"""House of Blues - Music Venue""",The Strip,5
JC99U5y-KAchZIjBhf_DiQ,Cni2l-VKG_pdospJ6xliXQ,"""Burger Bar""",The Strip,3
qU7Ct1nJjLTtXc_J6YgsTA,u-67zd1ImTv3EEr5kIdWrA,"""House of Blues - Music Venue""",The Strip,4
xKD6xH0ga9KsMXDIwz2MCw,Cni2l-VKG_pdospJ6xliXQ,"""Burger Bar""",The Strip,4
oibS2FQl_zDcwR1R7GONvw,Cni2l-VKG_pdospJ6xliXQ,"""Burger Bar""",The Strip,3
dAc8XwuTkLZibyWTFAYgVw,pKk7jCFIm96qDdk0laVT2w,"""StripSteak""",The Strip,4
dAc8XwuTkLZibyWTFAYgVw,Cni2l-VKG_pdospJ6xliXQ,"""Burger Bar""",The Strip,4
L-2fUdw72MXSgQyhGYsaMg,7fxebHYUwIF6CakxSr70iQ,"""Carnevino""",The Strip,5
ZmKGF8ZZUo16g2ISrz4ahw,7fxebHYUwIF6CakxSr70iQ,"""Carnevino""",The Strip,2
YJIwYq8RJA1_jfIHkCn6Aw,Cni2l-VKG_pdospJ6xliXQ,"""Burger Bar""",The Strip,5
x6Ck1ijSIiYpO05a84fGDw,Cni2l-VKG_pdospJ6xliXQ,"""Burger Bar""",The Strip,5
_wuHMba5ci4JqTOmTzzUuw,CCRgGKhzxSpl38w7yhqKUw,"""Noodles""",The Strip,2
B8SYB5r6wbFqWKfaKQQFBg,u-67zd1ImTv3EEr5kIdWrA,"""House of Blues - Music Venue""",The Strip,4
DquHHYio5bIqZ5vQlC95_w,Cni2l-VKG_pdospJ6xliXQ,"""Burger Bar""",The Strip,5
iNt1ivjzRZNcT3X7ncnxRg,7fxebHYUwIF6CakxSr70iQ,"""Carnevino""",The Strip,2
fdwVdy6TuY1kjYeEPMZKVw,u-67zd1ImTv3EEr5kIdWrA,"""House of Blues - Music Venue""",The Strip,3
52A0u8H83ajmIO_gAgZjKg,Cni2l-VKG_pdospJ6xliXQ,"""Burger Bar""",The Strip,4
l0s3U-_D6IT-vpQoX0Ju4w,pik4ebdFa0UcUhnNkivFcg,"""Carmine's Italian Restaurant - Las Vegas""",The Strip,5
N4SphCH9gZDlKUTbbI6zAA,CCRgGKhzxSpl38w7yhqKUw,"""Noodles""",The Strip,5
L1zvHVlHL7u7ONVic2bhcg,7fxebHYUwIF6CakxSr70iQ,"""Carnevino""",The Strip,5
oIf541E2pPtkjLIbaudfhA,u-67zd1ImTv3EEr5kIdWrA,"""House of Blues - Music Venue""",The Strip,2
oIf541E2pPtkjLIbaudfhA,Cni2l-VKG_pdospJ6xliXQ,"""Burger Bar""",The Strip,4
4DM34I6xEqJsdAXcfwmHGg,u-67zd1ImTv3EEr5kIdWrA,"""House of Blues - Music Venue""",The Strip,2
4DM34I6xEqJsdAXcfwmHGg,Cni2l-VKG_pdospJ6xliXQ,"""Burger Bar""",The Strip,4
kLm3B6LeboEZWX_4otpILA,Cni2l-VKG_pdospJ6xliXQ,"""Burger Bar""",The Strip,4
ItdTVgE_ZVpXqZeTqgxGOg,u-67zd1ImTv3EEr5kIdWrA,"""House of Blues - Music Venue""",The Strip,1
JDGScXcub8VuOQq4aw-sxw,Cni2l-VKG_pdospJ6xliXQ,"""Burger Bar""",The Strip,2
IjEQ3i2MI2liy60ZKiLdzQ,7fxebHYUwIF6CakxSr70iQ,"""Carnevino""",The Strip,3
KomLUbYR1ApIvPSjCfeOdQ,Cni2l-VKG_pdospJ6xliXQ,"""Burger Bar""",The Strip,5
IJ-8pnPsS4z9NCigimoylw,Cni2l-VKG_pdospJ6xliXQ,"""Burger Bar""",The Strip,2
a17nzrWSId_6IE2LOjlYXw,CCRgGKhzxSpl38w7yhqKUw,"""Noodles""",The Strip,3
UAbnZEWFjI3mdwlE-8eAnQ,pKk7jCFIm96qDdk0laVT2w,"""StripSteak""",The Strip,2
pUmTc6CSKsQMbHgk4ZWvIQ,pKk7jCFIm96qDdk0laVT2w,"""StripSteak""",The Strip,5
msBw9WjhyUJfyIOK6ZHHTA,7fxebHYUwIF6CakxSr70iQ,"""Carnevino""",The Strip,5
v_PRxrdyZqaG5e4y2vbyew,CCRgGKhzxSpl38w7yhqKUw,"""Noodles""",The Strip,3
pDDkRgqFboVtOBqhQBNZIw,CCRgGKhzxSpl38w7yhqKUw,"""Noodles""",The Strip,5
pDDkRgqFboVtOBqhQBNZIw,pKk7jCFIm96qDdk0laVT2w,"""StripSteak""",The Strip,5
wzyGNvArcpUjZauRWFrKHA,u-67zd1ImTv3EEr5kIdWrA,"""House of Blues - Music Venue""",The Strip,2
SGHnvOGddPD9KcRGIuGLlw,u-67zd1ImTv3EEr5kIdWrA,"""House of Blues - Music Venue""",The Strip,4
cv9w5-gFJOnFNA937ZqjVA,Cni2l-VKG_pdospJ6xliXQ,"""Burger Bar""",The Strip,3
cv9w5-gFJOnFNA937ZqjVA,pKk7jCFIm96qDdk0laVT2w,"""StripSteak""",The Strip,1
AWsQJEfejSf1iJlcMDsN-A,pKk7jCFIm96qDdk0laVT2w,"""StripSteak""",The Strip,3
7xXOCCtBLeQWC_d_Nvn1WA,Cni2l-VKG_pdospJ6xliXQ,"""Burger Bar""",The Strip,4
QlIW78umKyE5d0BLpPh1-w,Cni2l-VKG_pdospJ6xliXQ,"""Burger Bar""",The Strip,3
NsqDhj79N8x5NamFCRLAsA,7fxebHYUwIF6CakxSr70iQ,"""Carnevino""",The Strip,4
NsqDhj79N8x5NamFCRLAsA,pKk7jCFIm96qDdk0laVT2w,"""StripSteak""",The Strip,4
2GL2mWaUFElTRyxq8JU_Kg,u-67zd1ImTv3EEr5kIdWrA,"""House of Blues - Music Venue""",The Strip,5
gIUbjvWGOzAn3Lc5M1qmiw,7fxebHYUwIF6CakxSr70iQ,"""Carnevino""",The Strip,5
DPVQxVFCn_1YlMYBEsN5Ug,7fxebHYUwIF6CakxSr70iQ,"""Carnevino""",The Strip,5
pnGtGHdhGJtQ6UEWs8c2Yw,pik4ebdFa0UcUhnNkivFcg,"""Carmine's Italian Restaurant - Las Vegas""",The Strip,3
_4XEZjp8onzz9NQeCosHbQ,Cni2l-VKG_pdospJ6xliXQ,"""Burger Bar""",The Strip,5
PvUXFK4D-Ux2QkukwlQ8KA,Cni2l-VKG_pdospJ6xliXQ,"""Burger Bar""",The Strip,4
C5vK7Vje3fM9wTGkvJPVlw,pik4ebdFa0UcUhnNkivFcg,"""Carmine's Italian Restaurant - Las Vegas""",The Strip,4
wlhybh77lbZ_NSQct8W-Sw,pik4ebdFa0UcUhnNkivFcg,"""Carmine's Italian Restaurant - Las Vegas""",The Strip,5
o5cud74D5ep6_1J1w4nmNw,CCRgGKhzxSpl38w7yhqKUw,"""Noodles""",The Strip,1
2kbW1E0kGjtAJktLU_17NA,Cni2l-VKG_pdospJ6xliXQ,"""Burger Bar""",The Strip,4
ve4bjdtTWL7CUxTkfjHU3Q,7fxebHYUwIF6CakxSr70iQ,"""Carnevino""",The Strip,5
Il0eP--7klJyRSgt3xi90g,u-67zd1ImTv3EEr5kIdWrA,"""House of Blues - Music Venue""",The Strip,5
f9wA_vAdyRGNX1TmqYVJtA,7fxebHYUwIF6CakxSr70iQ,"""Carnevino""",The Strip,5
f9wA_vAdyRGNX1TmqYVJtA,pKk7jCFIm96qDdk0laVT2w,"""StripSteak""",The Strip,3
JSaJ3gRpizQjWDgUYpE8Ug,Cni2l-VKG_pdospJ6xliXQ,"""Burger Bar""",The Strip,3
c3GZT10LjHXa77q2LpQ00A,pKk7jCFIm96qDdk0laVT2w,"""StripSteak""",The Strip,5
c75nwZLePkl32Mw06G1HCQ,CCRgGKhzxSpl38w7yhqKUw,"""Noodles""",The Strip,1
7zSzwV9yBppzmSv1H4J5qg,CCRgGKhzxSpl38w7yhqKUw,"""Noodles""",The Strip,3
bTTZzC8RvTxTOeGMvJ5icQ,Cni2l-VKG_pdospJ6xliXQ,"""Burger Bar""",The Strip,4
jKea5wvipYmPsr_c3LZ02A,Cni2l-VKG_pdospJ6xliXQ,"""Burger Bar""",The Strip,5
gYkA_uR2KUNEYeLxvq-XaQ,u-67zd1ImTv3EEr5kIdWrA,"""House of Blues - Music Venue""",The Strip,1
hgEmcpOm7Bc9jT3lF8Hj9A,u-67zd1ImTv3EEr5kIdWrA,"""House of Blues - Music Venue""",The Strip,1
Bgn5tQFKqfazNiZj61nicw,Cni2l-VKG_pdospJ6xliXQ,"""Burger Bar""",The Strip,3
7muuoV9-amWlWwPT9mrrUg,7fxebHYUwIF6CakxSr70iQ,"""Carnevino""",The Strip,5
g6gX86mns9NP5CnCYwl1wA,Cni2l-VKG_pdospJ6xliXQ,"""Burger Bar""",The Strip,5
MGwpsE6iU77SHGLWR6qLWA,7fxebHYUwIF6CakxSr70iQ,"""Carnevino""",The Strip,2
lPNRNTcEgjhs8ojXddDZdA,pKk7jCFIm96qDdk0laVT2w,"""StripSteak""",The Strip,1
0UrUftwAbo4CXf78H5An8Q,pik4ebdFa0UcUhnNkivFcg,"""Carmine's Italian Restaurant - Las Vegas""",The Strip,4
G1O-KAFicH00OW14aPfw3g,CCRgGKhzxSpl38w7yhqKUw,"""Noodles""",The Strip,1
Sz84_SyrNYi4wsX__6haLQ,7fxebHYUwIF6CakxSr70iQ,"""Carnevino""",The Strip,3
K7-zOceF1slgqJTZSKe7YQ,Cni2l-VKG_pdospJ6xliXQ,"""Burger Bar""",The Strip,3
0hZfE2He1YssM_wEvKhfcA,pKk7jCFIm96qDdk0laVT2w,"""StripSteak""",The Strip,4
DpT4ed85EGsNBOEZvdhfsw,Cni2l-VKG_pdospJ6xliXQ,"""Burger Bar""",The Strip,2
FF2URA7wWo2NXgW4WlP37g,u-67zd1ImTv3EEr5kIdWrA,"""House of Blues - Music Venue""",The Strip,5
eiyWzIIJhbuoF7fYWb0zeQ,7fxebHYUwIF6CakxSr70iQ,"""Carnevino""",The Strip,2
cTf5rrUd253mkJtUW0DYKQ,Cni2l-VKG_pdospJ6xliXQ,"""Burger Bar""",The Strip,4
lsZlV02ZdqEzR-qILdT7Cw,Cni2l-VKG_pdospJ6xliXQ,"""Burger Bar""",The Strip,3
JlGdg_zWbSu4pKEdP1Y63Q,Cni2l-VKG_pdospJ6xliXQ,"""Burger Bar""",The Strip,3
vrX1K4LLp_dUT-znHazD6g,Cni2l-VKG_pdospJ6xliXQ,"""Burger Bar""",The Strip,4
RfF4XD4idwfgkEn4G3Tn1A,Cni2l-VKG_pdospJ6xliXQ,"""Burger Bar""",The Strip,5
MFhaOqfj3EIpZZin492aew,pKk7jCFIm96qDdk0laVT2w,"""StripSteak""",The Strip,5
Zd9vLSif9Ejhbu5flxiflg,7fxebHYUwIF6CakxSr70iQ,"""Carnevino""",The Strip,5
nc1uyUP10hpDOa2E-gkufQ,u-67zd1ImTv3EEr5kIdWrA,"""House of Blues - Music Venue""",The Strip,5
6Y6FYlDaU53iXbwcvLB0Ig,u-67zd1ImTv3EEr5kIdWrA,"""House of Blues - Music Venue""",The Strip,1
Tc_yQ5yQSPSRhTNwMRvgzw,Cni2l-VKG_pdospJ6xliXQ,"""Burger Bar""",The Strip,4
8WnIqwfNhmQL3YKxLL5UzQ,pKk7jCFIm96qDdk0laVT2w,"""StripSteak""",The Strip,5
WgbocVhRcRXHwVyi9kfI4w,pik4ebdFa0UcUhnNkivFcg,"""Carmine's Italian Restaurant - Las Vegas""",The Strip,4
bEVFXdlFYzZzXsYY1DmXQg,Cni2l-VKG_pdospJ6xliXQ,"""Burger Bar""",The Strip,3
SNkfplcira2UobEeF6ToCA,Cni2l-VKG_pdospJ6xliXQ,"""Burger Bar""",The Strip,5
29e0pFRgMf_0vPA74VrQ0g,Cni2l-VKG_pdospJ6xliXQ,"""Burger Bar""",The Strip,3
YOIorhfo8hHhilRyam2c4w,pik4ebdFa0UcUhnNkivFcg,"""Carmine's Italian Restaurant - Las Vegas""",The Strip,3
gpEOCimvB46ZFOQVCk2nFw,7fxebHYUwIF6CakxSr70iQ,"""Carnevino""",The Strip,4
dZPwd56EJSPMb7cbUziQxA,Cni2l-VKG_pdospJ6xliXQ,"""Burger Bar""",The Strip,5
OVzD-LzAjABffv08NqP7WQ,Cni2l-VKG_pdospJ6xliXQ,"""Burger Bar""",The Strip,3
6f5NJj5qViVidZCCXxOc-A,pKk7jCFIm96qDdk0laVT2w,"""StripSteak""",The Strip,4
Wla5C7_-Rz4RgYek4SWw8g,CCRgGKhzxSpl38w7yhqKUw,"""Noodles""",The Strip,3
t1B18e5ucYFmvg2oHvQ41w,pKk7jCFIm96qDdk0laVT2w,"""StripSteak""",The Strip,3
TWLjiFruhV2-ukAw1EnVBQ,Cni2l-VKG_pdospJ6xliXQ,"""Burger Bar""",The Strip,2
lDoUcAVgYhja_5AVohwtjg,CCRgGKhzxSpl38w7yhqKUw,"""Noodles""",The Strip,1
fqWxZh-N8pmUG_n6L4pmnw,pik4ebdFa0UcUhnNkivFcg,"""Carmine's Italian Restaurant - Las Vegas""",The Strip,5
IoB7PzNXwW0UHTW9fx_mKQ,pKk7jCFIm96qDdk0laVT2w,"""StripSteak""",The Strip,5
9vVIjOTFKLN89xF6yCGzKQ,7fxebHYUwIF6CakxSr70iQ,"""Carnevino""",The Strip,1
kyAA97Z0LK9rLMjRYoHIgA,Cni2l-VKG_pdospJ6xliXQ,"""Burger Bar""",The Strip,3
NnOJAzj8HnYWEqu9cV6_4w,7fxebHYUwIF6CakxSr70iQ,"""Carnevino""",The Strip,5
plNlLqKKK7KcSGGhlwNZZw,Cni2l-VKG_pdospJ6xliXQ,"""Burger Bar""",The Strip,4
_XcsG3krzuXLXaLDncBITQ,pik4ebdFa0UcUhnNkivFcg,"""Carmine's Italian Restaurant - Las Vegas""",The Strip,5
dFNrG14dFGiJaY7PPetZyA,Cni2l-VKG_pdospJ6xliXQ,"""Burger Bar""",The Strip,5
w53mTrlYCO-RtQ4WVTr_KA,pKk7jCFIm96qDdk0laVT2w,"""StripSteak""",The Strip,5
UcPqBjPJnm0B55MQYGHcaQ,CCRgGKhzxSpl38w7yhqKUw,"""Noodles""",The Strip,3
Kqm3SBGL62LRjcblHELlCw,Cni2l-VKG_pdospJ6xliXQ,"""Burger Bar""",The Strip,2
dR-nXFsZESpQMsieXvHcWw,Cni2l-VKG_pdospJ6xliXQ,"""Burger Bar""",The Strip,4
GtqRHHtltIhuFJuY60Pk8w,CCRgGKhzxSpl38w7yhqKUw,"""Noodles""",The Strip,4
iFbJGKfBj-mUQprH8OBFrw,u-67zd1ImTv3EEr5kIdWrA,"""House of Blues - Music Venue""",The Strip,2
C6Rjxa-CKFnEk3Lk1FVngw,Cni2l-VKG_pdospJ6xliXQ,"""Burger Bar""",The Strip,4
04VYh2Ev2DUUuysrSV2-aQ,7fxebHYUwIF6CakxSr70iQ,"""Carnevino""",The Strip,1
k24QIVcmhhOnv9MCY3dELA,pKk7jCFIm96qDdk0laVT2w,"""StripSteak""",The Strip,5
fg0uOEPrLyeUpSclae4gAw,pKk7jCFIm96qDdk0laVT2w,"""StripSteak""",The Strip,3
nPok1xbHXYMlGBQbuhN8Xw,Cni2l-VKG_pdospJ6xliXQ,"""Burger Bar""",The Strip,4
ScKFtSu1ajjXR-QKjXfIhg,CCRgGKhzxSpl38w7yhqKUw,"""Noodles""",The Strip,3
v4WB-qGb4mSIOilHK6i-xg,u-67zd1ImTv3EEr5kIdWrA,"""House of Blues - Music Venue""",The Strip,5
1E1YjeN9TYdqwIFwp8A41Q,u-67zd1ImTv3EEr5kIdWrA,"""House of Blues - Music Venue""",The Strip,5
wdSgdKbJtxq945DbnjxoiA,Cni2l-VKG_pdospJ6xliXQ,"""Burger Bar""",The Strip,3
KtIh1kjkVESCqd2CCsQnhA,u-67zd1ImTv3EEr5kIdWrA,"""House of Blues - Music Venue""",The Strip,2
0qygXXommGkgLpqF9k3keQ,CCRgGKhzxSpl38w7yhqKUw,"""Noodles""",The Strip,4
ikAeGkAG_3VAirG_jwdfCQ,u-67zd1ImTv3EEr5kIdWrA,"""House of Blues - Music Venue""",The Strip,1
gDy6k3AqlkcN4cEIkWnx_A,u-67zd1ImTv3EEr5kIdWrA,"""House of Blues - Music Venue""",The Strip,4
lBQAGLLYzec1PtS3zSqBbg,CCRgGKhzxSpl38w7yhqKUw,"""Noodles""",The Strip,1
lZx_XOuL5wACxaNtby4JEA,pik4ebdFa0UcUhnNkivFcg,"""Carmine's Italian Restaurant - Las Vegas""",The Strip,4
G3U-kgqC3RwLUz-XMIaa7w,Cni2l-VKG_pdospJ6xliXQ,"""Burger Bar""",The Strip,5
iB3iW2re2A4LQEFcpXExFw,CCRgGKhzxSpl38w7yhqKUw,"""Noodles""",The Strip,4
l8VYH0fYgJ-vsr84WPhFOQ,CCRgGKhzxSpl38w7yhqKUw,"""Noodles""",The Strip,4
0Hm4Cj17ArxEwe7HFpYBuw,Cni2l-VKG_pdospJ6xliXQ,"""Burger Bar""",The Strip,2
GFX2u05VCKiD4A_ZdG8mKw,u-67zd1ImTv3EEr5kIdWrA,"""House of Blues - Music Venue""",The Strip,5
mfAc_OjUMuru-_Xpxb8ilA,u-67zd1ImTv3EEr5kIdWrA,"""House of Blues - Music Venue""",The Strip,3
7-6e12HAy1XIT2pG1pMFhw,pik4ebdFa0UcUhnNkivFcg,"""Carmine's Italian Restaurant - Las Vegas""",The Strip,4
4RMfMZ_F60HokXtWn47s1w,u-67zd1ImTv3EEr5kIdWrA,"""House of Blues - Music Venue""",The Strip,4
xV5hrI1JP5pf1z7Iot8epw,Cni2l-VKG_pdospJ6xliXQ,"""Burger Bar""",The Strip,5
5j8vesz-PYh8EGSkYrIh3A,Cni2l-VKG_pdospJ6xliXQ,"""Burger Bar""",The Strip,4
2JeJ7HDcrpHQTc-mcNO3lg,CCRgGKhzxSpl38w7yhqKUw,"""Noodles""",The Strip,5
u5tMtH0MIvIQyrGHdNFeDQ,pik4ebdFa0UcUhnNkivFcg,"""Carmine's Italian Restaurant - Las Vegas""",The Strip,4
cGY3BfrfJZLH3l3ETTQzeg,7fxebHYUwIF6CakxSr70iQ,"""Carnevino""",The Strip,1
g582MT_GfiQ0E50L0bUUjg,Cni2l-VKG_pdospJ6xliXQ,"""Burger Bar""",The Strip,5
lVKyWAPU18KvmKUNVd6XnA,pik4ebdFa0UcUhnNkivFcg,"""Carmine's Italian Restaurant - Las Vegas""",The Strip,5
l_eDRCfkLcaiZzl2T9qJdA,Cni2l-VKG_pdospJ6xliXQ,"""Burger Bar""",The Strip,3
nYpM3QB4lpUa58uz1E827g,Cni2l-VKG_pdospJ6xliXQ,"""Burger Bar""",The Strip,1
BNJBHkHVQvZjOV4wn-JYgQ,7fxebHYUwIF6CakxSr70iQ,"""Carnevino""",The Strip,4
5J_2QPYxAbdzu8Z_C_IZFA,pKk7jCFIm96qDdk0laVT2w,"""StripSteak""",The Strip,5
m_PL5N3saNU28NOgAjQIaA,CCRgGKhzxSpl38w7yhqKUw,"""Noodles""",The Strip,5
KA_wofRsDbTI2wNCy2YSeg,pik4ebdFa0UcUhnNkivFcg,"""Carmine's Italian Restaurant - Las Vegas""",The Strip,5
EiT_pSuIb08oRn4CfwfMJg,pKk7jCFIm96qDdk0laVT2w,"""StripSteak""",The Strip,5
iC5JO52dGKJNxfzp3OVLPw,Cni2l-VKG_pdospJ6xliXQ,"""Burger Bar""",The Strip,4
rUjYe3kH6YsvOOweTD7R6A,pik4ebdFa0UcUhnNkivFcg,"""Carmine's Italian Restaurant - Las Vegas""",The Strip,2
bmE5Yv3q5TF0wx6SmWgIUg,u-67zd1ImTv3EEr5kIdWrA,"""House of Blues - Music Venue""",The Strip,3
03WfZImLqzK_FC3uU41Pgg,Cni2l-VKG_pdospJ6xliXQ,"""Burger Bar""",The Strip,4
Os4xct_bJoake5XrAncZ6Q,pik4ebdFa0UcUhnNkivFcg,"""Carmine's Italian Restaurant - Las Vegas""",The Strip,5
2c_XTdsGVwWnpmnnZPqUSA,CCRgGKhzxSpl38w7yhqKUw,"""Noodles""",The Strip,4
ws7odoSagwni-BlTtCmmmA,Cni2l-VKG_pdospJ6xliXQ,"""Burger Bar""",The Strip,3
BtKYG2Kc4a7fdVM-evgfGQ,Cni2l-VKG_pdospJ6xliXQ,"""Burger Bar""",The Strip,5
hYjzYrSRNwHif4v2RTvAlg,Cni2l-VKG_pdospJ6xliXQ,"""Burger Bar""",The Strip,5
ACevyfccyNxXntWld8hvmg,7fxebHYUwIF6CakxSr70iQ,"""Carnevino""",The Strip,5
D7ax-g-mGbTIF5zkfQyu0g,7fxebHYUwIF6CakxSr70iQ,"""Carnevino""",The Strip,2
E0zUT9JTPRWOP_DXqnWgKw,Cni2l-VKG_pdospJ6xliXQ,"""Burger Bar""",The Strip,4
Sv3Sk9ML5bukO7O75SBrAA,Cni2l-VKG_pdospJ6xliXQ,"""Burger Bar""",The Strip,4
O68Furb5kE07-FqyobuLGw,pik4ebdFa0UcUhnNkivFcg,"""Carmine's Italian Restaurant - Las Vegas""",The Strip,5
I0UNzlnJpCbo-wlb88x05A,Cni2l-VKG_pdospJ6xliXQ,"""Burger Bar""",The Strip,3
LE8a_KkliLJrzt7SV1DWfw,pKk7jCFIm96qDdk0laVT2w,"""StripSteak""",The Strip,5
RDXmo9r1BMmF47BqWDG-ag,pKk7jCFIm96qDdk0laVT2w,"""StripSteak""",The Strip,4
Vjj_3CF0_Nwtj3XW7r3XWg,Cni2l-VKG_pdospJ6xliXQ,"""Burger Bar""",The Strip,4
PYRIiQilTl1rkx83hm8ttA,CCRgGKhzxSpl38w7yhqKUw,"""Noodles""",The Strip,2
KjFN0j0-ZCp8_u9qSk4UrA,7fxebHYUwIF6CakxSr70iQ,"""Carnevino""",The Strip,1
5HbPCjVjpJCvTBvSLtx6cA,CCRgGKhzxSpl38w7yhqKUw,"""Noodles""",The Strip,3
Q1jSXhDdn_H77WqXL6WICQ,Cni2l-VKG_pdospJ6xliXQ,"""Burger Bar""",The Strip,5
JVW4OmbQ1uBpg4F-SGol_Q,Cni2l-VKG_pdospJ6xliXQ,"""Burger Bar""",The Strip,5
6KXWec_moOP5V66Oqg8gpQ,pKk7jCFIm96qDdk0laVT2w,"""StripSteak""",The Strip,5
Alcpl_6pprDujvZhZaktIQ,u-67zd1ImTv3EEr5kIdWrA,"""House of Blues - Music Venue""",The Strip,4
n-9HS0kdroO7XEf0iPd-gA,u-67zd1ImTv3EEr5kIdWrA,"""House of Blues - Music Venue""",The Strip,3
tNXAACd6CsMOJh5714nnog,Cni2l-VKG_pdospJ6xliXQ,"""Burger Bar""",The Strip,5
d5WLqmTMvmL7-RmUDVKqqQ,u-67zd1ImTv3EEr5kIdWrA,"""House of Blues - Music Venue""",The Strip,2
_O8i06dJM4NTIVHy26bjuQ,Cni2l-VKG_pdospJ6xliXQ,"""Burger Bar""",The Strip,4
wg26Imw3yH8ZjMOJmViO5g,Cni2l-VKG_pdospJ6xliXQ,"""Burger Bar""",The Strip,4
PDEf7VZ0tas6BFhxoK3muA,pKk7jCFIm96qDdk0laVT2w,"""StripSteak""",The Strip,4
YBa116q7RFrXZq6a0yVlCQ,CCRgGKhzxSpl38w7yhqKUw,"""Noodles""",The Strip,5
TdYKJgSgY2GF_YJnwsi5yQ,pKk7jCFIm96qDdk0laVT2w,"""StripSteak""",The Strip,2
Rvq5HO9erlX-zyiyEpB4BQ,u-67zd1ImTv3EEr5kIdWrA,"""House of Blues - Music Venue""",The Strip,5
qWXSKoLJonqTDcORl5wt0w,u-67zd1ImTv3EEr5kIdWrA,"""House of Blues - Music Venue""",The Strip,2
3SsSe_gQbVuWovHttKPO8Q,pik4ebdFa0UcUhnNkivFcg,"""Carmine's Italian Restaurant - Las Vegas""",The Strip,5
z4XF0qHjOLx2E2MmsAjT9w,pKk7jCFIm96qDdk0laVT2w,"""StripSteak""",The Strip,5
p2mly9KGezE843Cs-Mkb6g,Cni2l-VKG_pdospJ6xliXQ,"""Burger Bar""",The Strip,2
dM2LAzJJ14OOMhH6-cYklA,u-67zd1ImTv3EEr5kIdWrA,"""House of Blues - Music Venue""",The Strip,4
3yP6ieJBXvee4IpCZP3Jvw,Cni2l-VKG_pdospJ6xliXQ,"""Burger Bar""",The Strip,4
MHRQ5K1pL_bPybVRi27wIw,Cni2l-VKG_pdospJ6xliXQ,"""Burger Bar""",The Strip,5
rCf-6fp1wPDRz0LRzx9Aag,Cni2l-VKG_pdospJ6xliXQ,"""Burger Bar""",The Strip,5
JEOO3amXo8S9Z5TwUlwqgA,7fxebHYUwIF6CakxSr70iQ,"""Carnevino""",The Strip,5
fNFot7D1YeUghbbML0Ua4g,pKk7jCFIm96qDdk0laVT2w,"""StripSteak""",The Strip,4
QUts6zOOAW-m7hA7RIUF6A,Cni2l-VKG_pdospJ6xliXQ,"""Burger Bar""",The Strip,3
FbvO4jobB6SwWxZqxFTf8w,CCRgGKhzxSpl38w7yhqKUw,"""Noodles""",The Strip,4
Nzo7HfZhXZFQvciobK_IGw,7fxebHYUwIF6CakxSr70iQ,"""Carnevino""",The Strip,5
hI9gqs3HE80vM3Bb20s6UA,pik4ebdFa0UcUhnNkivFcg,"""Carmine's Italian Restaurant - Las Vegas""",The Strip,5
A-8ziBhkw7KAVymBxN6loA,7fxebHYUwIF6CakxSr70iQ,"""Carnevino""",The Strip,2
A-8ziBhkw7KAVymBxN6loA,Cni2l-VKG_pdospJ6xliXQ,"""Burger Bar""",The Strip,3
LEj4ufoI39060hvrW2vgbg,pik4ebdFa0UcUhnNkivFcg,"""Carmine's Italian Restaurant - Las Vegas""",The Strip,4
clDOsmh-2esY2Y6OC9XEuw,u-67zd1ImTv3EEr5kIdWrA,"""House of Blues - Music Venue""",The Strip,3
yjj1fdcjhn_HkMMt3eJL_w,Cni2l-VKG_pdospJ6xliXQ,"""Burger Bar""",The Strip,4
43KsKLBH_ZqInnD-3RtTmw,u-67zd1ImTv3EEr5kIdWrA,"""House of Blues - Music Venue""",The Strip,5
bgJLZAEaB04x9UQIm3sATQ,Cni2l-VKG_pdospJ6xliXQ,"""Burger Bar""",The Strip,5
sWcfUi76LyPK5_cv7jNOQw,pKk7jCFIm96qDdk0laVT2w,"""StripSteak""",The Strip,3
FQ7sTQBdq46_Es0aGiakUg,pKk7jCFIm96qDdk0laVT2w,"""StripSteak""",The Strip,5
R6RPonlBrewDXEapoNU_1Q,7fxebHYUwIF6CakxSr70iQ,"""Carnevino""",The Strip,5
VUdeCr3ahK5aq4R-WqobXw,Cni2l-VKG_pdospJ6xliXQ,"""Burger Bar""",The Strip,5
yDli_E-wdHaOtclBZRsQYg,7fxebHYUwIF6CakxSr70iQ,"""Carnevino""",The Strip,5
Tb3SHIXzYU40YYHNm5UMMQ,Cni2l-VKG_pdospJ6xliXQ,"""Burger Bar""",The Strip,4
yOFzUkDz6edZTVJdXskqCw,Cni2l-VKG_pdospJ6xliXQ,"""Burger Bar""",The Strip,5
8DEyKVyplnOcSKx39vatbg,pik4ebdFa0UcUhnNkivFcg,"""Carmine's Italian Restaurant - Las Vegas""",The Strip,4
cbC6ACcxeSBrKm-Pt1oT1A,Cni2l-VKG_pdospJ6xliXQ,"""Burger Bar""",The Strip,4
xk1iAbcDr75TLf825T45Fw,pKk7jCFIm96qDdk0laVT2w,"""StripSteak""",The Strip,5
xk1iAbcDr75TLf825T45Fw,Cni2l-VKG_pdospJ6xliXQ,"""Burger Bar""",The Strip,4
JVM2ebglqYyxyCB0hlr5sw,CCRgGKhzxSpl38w7yhqKUw,"""Noodles""",The Strip,5
dxHlGAGoaXrVrdpGE2nt6Q,Cni2l-VKG_pdospJ6xliXQ,"""Burger Bar""",The Strip,4
G1O-KAFicH00OW14aPfw3g,u-67zd1ImTv3EEr5kIdWrA,"""House of Blues - Music Venue""",The Strip,5
abpaTse4Gg1emINrcRU4hQ,pKk7jCFIm96qDdk0laVT2w,"""StripSteak""",The Strip,1
s1ycNwrpYQb2AYHJhhLNBA,Cni2l-VKG_pdospJ6xliXQ,"""Burger Bar""",The Strip,4
0eBfZxhtxfZoB1P20OHUYA,pKk7jCFIm96qDdk0laVT2w,"""StripSteak""",The Strip,5
5oZavOK1ZDm0W-O9E3EGEg,Cni2l-VKG_pdospJ6xliXQ,"""Burger Bar""",The Strip,5
p9TlcciZllkVrkUfDruMQw,u-67zd1ImTv3EEr5kIdWrA,"""House of Blues - Music Venue""",The Strip,4
IH-FpfZkhIM6ram3H7zPXg,Cni2l-VKG_pdospJ6xliXQ,"""Burger Bar""",The Strip,4
1rXmf38TxjzKufOncnAt5w,Cni2l-VKG_pdospJ6xliXQ,"""Burger Bar""",The Strip,4
_CHbaTZY989R7fVMfLGqQQ,7fxebHYUwIF6CakxSr70iQ,"""Carnevino""",The Strip,1
pc6dDwvpF87Y4jGVLP-H8w,pKk7jCFIm96qDdk0laVT2w,"""StripSteak""",The Strip,1
q2Mv09kRLrMQATwHcjapxQ,7fxebHYUwIF6CakxSr70iQ,"""Carnevino""",The Strip,4
eDTsf698hQrwkt0KBLba-g,pik4ebdFa0UcUhnNkivFcg,"""Carmine's Italian Restaurant - Las Vegas""",The Strip,5
lJR9-YOaG5B0lx6B_mmBIg,u-67zd1ImTv3EEr5kIdWrA,"""House of Blues - Music Venue""",The Strip,3
ugNQV0isqQSAuuGzoK87sQ,Cni2l-VKG_pdospJ6xliXQ,"""Burger Bar""",The Strip,4
paaaoTuBGM5tyVYdLiOMGw,Cni2l-VKG_pdospJ6xliXQ,"""Burger Bar""",The Strip,3
SwyAv7NwVmQIc0T6lMcQeQ,Cni2l-VKG_pdospJ6xliXQ,"""Burger Bar""",The Strip,5
JdfmppqFvzYpBxd975SgjA,pik4ebdFa0UcUhnNkivFcg,"""Carmine's Italian Restaurant - Las Vegas""",The Strip,1
e2LtHijFAXy4RNTDL5IELw,Cni2l-VKG_pdospJ6xliXQ,"""Burger Bar""",The Strip,5
r7YS4aVcP9TSlC02Hr2juw,u-67zd1ImTv3EEr5kIdWrA,"""House of Blues - Music Venue""",The Strip,2
wHyBt6FtjEVE-Ww2yAUUmQ,u-67zd1ImTv3EEr5kIdWrA,"""House of Blues - Music Venue""",The Strip,2
KtIh1kjkVESCqd2CCsQnhA,Cni2l-VKG_pdospJ6xliXQ,"""Burger Bar""",The Strip,4
r2nsOzqb5srozsalr7jNsg,pik4ebdFa0UcUhnNkivFcg,"""Carmine's Italian Restaurant - Las Vegas""",The Strip,2
cF5A2NARH-LrBLezfXIGqA,7fxebHYUwIF6CakxSr70iQ,"""Carnevino""",The Strip,1
aExpX6wtMVGcgeW-7rNMaQ,7fxebHYUwIF6CakxSr70iQ,"""Carnevino""",The Strip,4
cBbVbcqUWrgYLP-06v0UXA,pKk7jCFIm96qDdk0laVT2w,"""StripSteak""",The Strip,5
-uKGztxHpUcXGRWdIzDzcw,pKk7jCFIm96qDdk0laVT2w,"""StripSteak""",The Strip,3
Y5mmNZp7dUZF3Mt8i0Bl7w,Cni2l-VKG_pdospJ6xliXQ,"""Burger Bar""",The Strip,4
b35TuT9Mem6zqCMf_zzBqg,Cni2l-VKG_pdospJ6xliXQ,"""Burger Bar""",The Strip,5
XMq40pFFmMXi5WSueGDOhg,Cni2l-VKG_pdospJ6xliXQ,"""Burger Bar""",The Strip,4
5kFSjFgKEZ4vBDBNclliXA,7fxebHYUwIF6CakxSr70iQ,"""Carnevino""",The Strip,2
F_5_UNX-wrAFCXuAkBZRDw,Cni2l-VKG_pdospJ6xliXQ,"""Burger Bar""",The Strip,5
6w6pXL1N1q9RkmG6b4Su6g,pKk7jCFIm96qDdk0laVT2w,"""StripSteak""",The Strip,4
YC9hSd-xB-eLZ0W3dc72jA,7fxebHYUwIF6CakxSr70iQ,"""Carnevino""",The Strip,3
KzI-WTrzE7dl-WRQLyzTgA,pik4ebdFa0UcUhnNkivFcg,"""Carmine's Italian Restaurant - Las Vegas""",The Strip,4
IjEQ3i2MI2liy60ZKiLdzQ,Cni2l-VKG_pdospJ6xliXQ,"""Burger Bar""",The Strip,3
RTcuhbxDIWFBUN335JPhsw,CCRgGKhzxSpl38w7yhqKUw,"""Noodles""",The Strip,5
RTcuhbxDIWFBUN335JPhsw,7fxebHYUwIF6CakxSr70iQ,"""Carnevino""",The Strip,4
bBmGvYx5axQ9fnk2GH26kQ,Cni2l-VKG_pdospJ6xliXQ,"""Burger Bar""",The Strip,5
zASyaXROO4JTpRkNpSO__w,CCRgGKhzxSpl38w7yhqKUw,"""Noodles""",The Strip,4
0I1dVZpjNfcTuhHNhCHUHw,pKk7jCFIm96qDdk0laVT2w,"""StripSteak""",The Strip,3
C7n0O1u5JOKgM3bAI4LzQg,Cni2l-VKG_pdospJ6xliXQ,"""Burger Bar""",The Strip,4
7mxFW1V7i81LHdIqlfSNsg,Cni2l-VKG_pdospJ6xliXQ,"""Burger Bar""",The Strip,1
X1OZGa-fvbPcEHm7snFd5A,CCRgGKhzxSpl38w7yhqKUw,"""Noodles""",The Strip,3
hNnBuS15paXLSHD74yh5Cg,pik4ebdFa0UcUhnNkivFcg,"""Carmine's Italian Restaurant - Las Vegas""",The Strip,3
LZ0Ek2cjBDw8rYWdTwoBzA,pik4ebdFa0UcUhnNkivFcg,"""Carmine's Italian Restaurant - Las Vegas""",The Strip,5
Q4Qfu-3vYtL1LRm2X1b0Gg,Cni2l-VKG_pdospJ6xliXQ,"""Burger Bar""",The Strip,3
D3wugDn6QnoKpKAndYKg7w,7fxebHYUwIF6CakxSr70iQ,"""Carnevino""",The Strip,4
4DY1zLS6qBpBM6EmLOdjwA,u-67zd1ImTv3EEr5kIdWrA,"""House of Blues - Music Venue""",The Strip,3
TA_Tooa0hYwgs122A-06pA,Cni2l-VKG_pdospJ6xliXQ,"""Burger Bar""",The Strip,5
q0uuyN3GPBvXy3DrODxGUQ,CCRgGKhzxSpl38w7yhqKUw,"""Noodles""",The Strip,5
TqrlAaJlVikFHLCUfa2JDw,7fxebHYUwIF6CakxSr70iQ,"""Carnevino""",The Strip,4
8QKrhvVqhEkD8xo4E4s0GQ,pKk7jCFIm96qDdk0laVT2w,"""StripSteak""",The Strip,1
AQZs-bWSNxrhXms7zbQ-ew,7fxebHYUwIF6CakxSr70iQ,"""Carnevino""",The Strip,5
9ZET-X9qdv2iJcIemPEy0g,Cni2l-VKG_pdospJ6xliXQ,"""Burger Bar""",The Strip,4
8iVkg4oIOzqRiIZBR-nduw,pik4ebdFa0UcUhnNkivFcg,"""Carmine's Italian Restaurant - Las Vegas""",The Strip,5
oh2J59Y1sVdmySZ_Q93ebQ,Cni2l-VKG_pdospJ6xliXQ,"""Burger Bar""",The Strip,2
G3a8N4o8mdhKPx7gjKghSA,Cni2l-VKG_pdospJ6xliXQ,"""Burger Bar""",The Strip,4
FWXiCk2KAFEGrI6cQ0YxwQ,pik4ebdFa0UcUhnNkivFcg,"""Carmine's Italian Restaurant - Las Vegas""",The Strip,4
hC9HJFABwaytTJtm0doxTQ,Cni2l-VKG_pdospJ6xliXQ,"""Burger Bar""",The Strip,4
iDxfoSrTnkbQJ6BcTrhLLw,pik4ebdFa0UcUhnNkivFcg,"""Carmine's Italian Restaurant - Las Vegas""",The Strip,5
KyDrd-2Qisi6n7UCg0GsEA,pKk7jCFIm96qDdk0laVT2w,"""StripSteak""",The Strip,5
X3MKJnUhFNfa9ZGXjG_nEQ,u-67zd1ImTv3EEr5kIdWrA,"""House of Blues - Music Venue""",The Strip,5
nHsAHpTK7XaxVYcSmtxndg,pKk7jCFIm96qDdk0laVT2w,"""StripSteak""",The Strip,5
EfjzzOV3iD_0ox13gkNtdA,Cni2l-VKG_pdospJ6xliXQ,"""Burger Bar""",The Strip,4
TE3ptVUA5fmmnkXEbh9lQA,7fxebHYUwIF6CakxSr70iQ,"""Carnevino""",The Strip,5
SzANwTg5VIfUQW2t5ru6SA,7fxebHYUwIF6CakxSr70iQ,"""Carnevino""",The Strip,4
LQD3WgTLXMfgae0M4E4Ptg,CCRgGKhzxSpl38w7yhqKUw,"""Noodles""",The Strip,4
Bz1kW9-YSBA0kGWRFS0sjA,u-67zd1ImTv3EEr5kIdWrA,"""House of Blues - Music Venue""",The Strip,5
CbEz4KiWw_QX3dmd1Xx91A,u-67zd1ImTv3EEr5kIdWrA,"""House of Blues - Music Venue""",The Strip,5
arV7VidwstS0UFRK2qQhmw,7fxebHYUwIF6CakxSr70iQ,"""Carnevino""",The Strip,1
cnVxeco9iKF0et5YZvKrsg,Cni2l-VKG_pdospJ6xliXQ,"""Burger Bar""",The Strip,5
aWvAiCOoZSEmDGirktdykw,7fxebHYUwIF6CakxSr70iQ,"""Carnevino""",The Strip,3
3QBRSxU3me30xr3aVVojcw,pik4ebdFa0UcUhnNkivFcg,"""Carmine's Italian Restaurant - Las Vegas""",The Strip,5
hGgETReKetC3q5JeMYaqBg,pKk7jCFIm96qDdk0laVT2w,"""StripSteak""",The Strip,5
wXZS42D0L8hoCiSh2Krc_A,Cni2l-VKG_pdospJ6xliXQ,"""Burger Bar""",The Strip,4
phsEyEHN8GOFJOawGFkclA,Cni2l-VKG_pdospJ6xliXQ,"""Burger Bar""",The Strip,3
D7Cho_HSq7IR5rXOAsKh7w,pKk7jCFIm96qDdk0laVT2w,"""StripSteak""",The Strip,3
Kl_BheLrqafcNjeIreSuvQ,pik4ebdFa0UcUhnNkivFcg,"""Carmine's Italian Restaurant - Las Vegas""",The Strip,5
bW2AQqcSPascYvKXsF0S-g,pKk7jCFIm96qDdk0laVT2w,"""StripSteak""",The Strip,3
aeGyKsYfQ6dcgEzkGingqw,CCRgGKhzxSpl38w7yhqKUw,"""Noodles""",The Strip,5
-EJorVxe7h2GSxdiRyMmDA,Cni2l-VKG_pdospJ6xliXQ,"""Burger Bar""",The Strip,3
Gv_-mtOKhWFtCjn9xFe0SQ,u-67zd1ImTv3EEr5kIdWrA,"""House of Blues - Music Venue""",The Strip,3
9qjLfaAqMxgfqdtTlPwRUQ,Cni2l-VKG_pdospJ6xliXQ,"""Burger Bar""",The Strip,2
kxKL3lwgCHFzqMUnt37pkA,7fxebHYUwIF6CakxSr70iQ,"""Carnevino""",The Strip,4
c_8cSK9EgW1ybvrvrzQeWw,u-67zd1ImTv3EEr5kIdWrA,"""House of Blues - Music Venue""",The Strip,2
JaX-PMgI75CggE6ZzflsoA,Cni2l-VKG_pdospJ6xliXQ,"""Burger Bar""",The Strip,4
grugBWc5DyWUQk7wr6tfWw,Cni2l-VKG_pdospJ6xliXQ,"""Burger Bar""",The Strip,4
c_HdvOYbDHfcd5KtM6wY4w,Cni2l-VKG_pdospJ6xliXQ,"""Burger Bar""",The Strip,1
-vC4QzCZI3sfpvbZjjmwUg,7fxebHYUwIF6CakxSr70iQ,"""Carnevino""",The Strip,5
rRTiErFDV7nLTT9nzI4luA,u-67zd1ImTv3EEr5kIdWrA,"""House of Blues - Music Venue""",The Strip,4
anP7rMS6XZkabmtjy4UJyQ,7fxebHYUwIF6CakxSr70iQ,"""Carnevino""",The Strip,4
A0kENtCCoVT3m7T35zb2Vg,CCRgGKhzxSpl38w7yhqKUw,"""Noodles""",The Strip,4
dQsRivV65WtglHY17w9Sxw,7fxebHYUwIF6CakxSr70iQ,"""Carnevino""",The Strip,4
RPh4GhbzvHis3HNT5SiMiQ,CCRgGKhzxSpl38w7yhqKUw,"""Noodles""",The Strip,3
CNEPJXHEpXHwMt4T4uoDFg,pik4ebdFa0UcUhnNkivFcg,"""Carmine's Italian Restaurant - Las Vegas""",The Strip,5
lHv8b6HS8SlatnFy15aiUA,pKk7jCFIm96qDdk0laVT2w,"""StripSteak""",The Strip,5
_e1AQUIbypm7Tgn8leH-_A,7fxebHYUwIF6CakxSr70iQ,"""Carnevino""",The Strip,2
d-ZEfWv3_L9Ppxj9FwO2hw,pKk7jCFIm96qDdk0laVT2w,"""StripSteak""",The Strip,3
xEXQBoPjAoYYj9xdPx7nEA,CCRgGKhzxSpl38w7yhqKUw,"""Noodles""",The Strip,1
1dWLN4Mr4hKhu8MQUCKqXQ,pKk7jCFIm96qDdk0laVT2w,"""StripSteak""",The Strip,5
gHTub2Xr0apvRR1VQiOAMA,7fxebHYUwIF6CakxSr70iQ,"""Carnevino""",The Strip,4
L80Godmtx0M7RCpDLjOw7A,Cni2l-VKG_pdospJ6xliXQ,"""Burger Bar""",The Strip,4
HXbLJHrpDrzuntEgRTSgBA,CCRgGKhzxSpl38w7yhqKUw,"""Noodles""",The Strip,3
rYD6A3VdjCp2KCyHqKv03g,pKk7jCFIm96qDdk0laVT2w,"""StripSteak""",The Strip,5
jWoZu7TvZ6C4Vpy8tgbQEA,Cni2l-VKG_pdospJ6xliXQ,"""Burger Bar""",The Strip,4
8DEyKVyplnOcSKx39vatbg,7fxebHYUwIF6CakxSr70iQ,"""Carnevino""",The Strip,5
z5fwkTc9frfXcIvyWjTX5A,7fxebHYUwIF6CakxSr70iQ,"""Carnevino""",The Strip,4
5tsjGigTAQoL0VIdaMjuxQ,Cni2l-VKG_pdospJ6xliXQ,"""Burger Bar""",The Strip,4
IvJ9XSZw_4m3sXanbddCUg,Cni2l-VKG_pdospJ6xliXQ,"""Burger Bar""",The Strip,4
6j0ZYV56UrMgmZaFp7rGTg,pKk7jCFIm96qDdk0laVT2w,"""StripSteak""",The Strip,4
VwzQRCOr0Hg-vwTJ55kkuQ,Cni2l-VKG_pdospJ6xliXQ,"""Burger Bar""",The Strip,4
5cPy3zagyE-kLPASENGavA,u-67zd1ImTv3EEr5kIdWrA,"""House of Blues - Music Venue""",The Strip,1
dgVJzkjTHapHRloRKYv4bA,Cni2l-VKG_pdospJ6xliXQ,"""Burger Bar""",The Strip,3
cyFYb0DSjZLlaVUp7dsD3w,CCRgGKhzxSpl38w7yhqKUw,"""Noodles""",The Strip,4
Dda8Jce8KHLcppdZ6-gmZg,Cni2l-VKG_pdospJ6xliXQ,"""Burger Bar""",The Strip,4
rprbOabdJiCX43LpwQoIrg,7fxebHYUwIF6CakxSr70iQ,"""Carnevino""",The Strip,5
2r97rtCWR4UZUzJ0EllMnQ,Cni2l-VKG_pdospJ6xliXQ,"""Burger Bar""",The Strip,5
SdBBOtXuEh3zrGnMyBVDpQ,pik4ebdFa0UcUhnNkivFcg,"""Carmine's Italian Restaurant - Las Vegas""",The Strip,3
IspPe6CmQfT9XvitcDEYNw,Cni2l-VKG_pdospJ6xliXQ,"""Burger Bar""",The Strip,3
Jt9NqGyuZkBsDp3sjYFe4g,u-67zd1ImTv3EEr5kIdWrA,"""House of Blues - Music Venue""",The Strip,4
sMV-iSqcyJ6MW9ZuD4hG8Q,7fxebHYUwIF6CakxSr70iQ,"""Carnevino""",The Strip,1
RGyuXSe2FsYCA-kFjc2Ftg,CCRgGKhzxSpl38w7yhqKUw,"""Noodles""",The Strip,3
TZhIAnp1m3RzWevju1mp1g,7fxebHYUwIF6CakxSr70iQ,"""Carnevino""",The Strip,5
NXaHVhx_QQFWTu09hQo0Aw,Cni2l-VKG_pdospJ6xliXQ,"""Burger Bar""",The Strip,4
reo_LZxZyAY3Zaq4YmQTyA,Cni2l-VKG_pdospJ6xliXQ,"""Burger Bar""",The Strip,4
noy-HJ764ethlZSxa7wJzw,Cni2l-VKG_pdospJ6xliXQ,"""Burger Bar""",The Strip,3
8Coest3ZWkyrHCb4cMrrXQ,pKk7jCFIm96qDdk0laVT2w,"""StripSteak""",The Strip,4
BNvvTh7gsC3KjJ_tYzvG1Q,7fxebHYUwIF6CakxSr70iQ,"""Carnevino""",The Strip,5
7MUBYEfY7TZ0zVlo730IKA,Cni2l-VKG_pdospJ6xliXQ,"""Burger Bar""",The Strip,5
m07sy7eLtOjVdZ8oN9JKag,CCRgGKhzxSpl38w7yhqKUw,"""Noodles""",The Strip,4
3hlw3sub6opJxc7AQOVOCg,Cni2l-VKG_pdospJ6xliXQ,"""Burger Bar""",The Strip,2
aM3T4jeHY_fswn6xQ41rtw,Cni2l-VKG_pdospJ6xliXQ,"""Burger Bar""",The Strip,5
aSJGiO1-GjtdHmAvJWIdTw,CCRgGKhzxSpl38w7yhqKUw,"""Noodles""",The Strip,4
USoDds58VsEJXyVmfp7kBg,7fxebHYUwIF6CakxSr70iQ,"""Carnevino""",The Strip,5
4Et7yWIoCBXjMU2gHr4cvQ,Cni2l-VKG_pdospJ6xliXQ,"""Burger Bar""",The Strip,5
sqJZt_Z144RWGk4bdKTpSw,u-67zd1ImTv3EEr5kIdWrA,"""House of Blues - Music Venue""",The Strip,2
u4BHxiH2fBlH6bRJxDl8Xw,pKk7jCFIm96qDdk0laVT2w,"""StripSteak""",The Strip,3
pJqmi_yC45vEQwsx46bEwA,Cni2l-VKG_pdospJ6xliXQ,"""Burger Bar""",The Strip,4
VqaqUxA_tiLaDe5sp-VaQw,u-67zd1ImTv3EEr5kIdWrA,"""House of Blues - Music Venue""",The Strip,2
H3ZQ7fMOhZPOqgrYERKjww,Cni2l-VKG_pdospJ6xliXQ,"""Burger Bar""",The Strip,3
IqRjdp38JwVj_XSMgxTO9A,7fxebHYUwIF6CakxSr70iQ,"""Carnevino""",The Strip,5
VMnQYIOoxBH5Ds6BlRZteQ,7fxebHYUwIF6CakxSr70iQ,"""Carnevino""",The Strip,2
zRQtJbR_4Gid58UNro7mfA,Cni2l-VKG_pdospJ6xliXQ,"""Burger Bar""",The Strip,3
xxRwBDJmKPXMqMRz-fEElg,u-67zd1ImTv3EEr5kIdWrA,"""House of Blues - Music Venue""",The Strip,1
cgPS-sS4P2sGmVZbx6J5rQ,pik4ebdFa0UcUhnNkivFcg,"""Carmine's Italian Restaurant - Las Vegas""",The Strip,5
4eyocir40zyCzM5uzEr3JQ,7fxebHYUwIF6CakxSr70iQ,"""Carnevino""",The Strip,5
nneWkhywjc-ETisvAXP_DQ,Cni2l-VKG_pdospJ6xliXQ,"""Burger Bar""",The Strip,4
C2LkEIbT-mdke5r2EJVZNg,u-67zd1ImTv3EEr5kIdWrA,"""House of Blues - Music Venue""",The Strip,5
ZBDh6XD98hTp9_w0mLgCVw,Cni2l-VKG_pdospJ6xliXQ,"""Burger Bar""",The Strip,2
URu5XG68lqA-_6-oMCT3yg,u-67zd1ImTv3EEr5kIdWrA,"""House of Blues - Music Venue""",The Strip,5
F5qyngamhsDAYENy9ATCxw,pKk7jCFIm96qDdk0laVT2w,"""StripSteak""",The Strip,2
rzIy4JY0QxnOSrgnAQwdoA,pKk7jCFIm96qDdk0laVT2w,"""StripSteak""",The Strip,4
YPeRyraZNjxESq92pVFKQw,7fxebHYUwIF6CakxSr70iQ,"""Carnevino""",The Strip,2
KQ_xluOMPL9VolI1OIfQ0A,7fxebHYUwIF6CakxSr70iQ,"""Carnevino""",The Strip,3
nvkQ75L5CxsPEgpV1b9G4g,CCRgGKhzxSpl38w7yhqKUw,"""Noodles""",The Strip,5
Q0Q0pysI7vJaapxGZrWF4A,Cni2l-VKG_pdospJ6xliXQ,"""Burger Bar""",The Strip,5
KvsrtD5msgVlI--6nUvEYg,Cni2l-VKG_pdospJ6xliXQ,"""Burger Bar""",The Strip,5
8zcVbRl96g3AHqzsKIJP3g,Cni2l-VKG_pdospJ6xliXQ,"""Burger Bar""",The Strip,4
euBWa0QubxlALVMr1tELCA,pik4ebdFa0UcUhnNkivFcg,"""Carmine's Italian Restaurant - Las Vegas""",The Strip,5
HNud3mBvAHLi4M5Ax0HIKg,u-67zd1ImTv3EEr5kIdWrA,"""House of Blues - Music Venue""",The Strip,1
tUwyLV2g06maVxa-wTI_lg,CCRgGKhzxSpl38w7yhqKUw,"""Noodles""",The Strip,2
Y7M5baxByxUs8qBcrOyoqA,CCRgGKhzxSpl38w7yhqKUw,"""Noodles""",The Strip,4
GQcA1mFfrw0qFUqK0NtcDg,7fxebHYUwIF6CakxSr70iQ,"""Carnevino""",The Strip,5
Jzs88UGbeoA3OBsA8npZrw,7fxebHYUwIF6CakxSr70iQ,"""Carnevino""",The Strip,3
Eg1dG8xYz-BjnZSLBK0-6w,pik4ebdFa0UcUhnNkivFcg,"""Carmine's Italian Restaurant - Las Vegas""",The Strip,5
xEXQBoPjAoYYj9xdPx7nEA,Cni2l-VKG_pdospJ6xliXQ,"""Burger Bar""",The Strip,5
RFJYQG6djpo3oTNPE9k5PQ,Cni2l-VKG_pdospJ6xliXQ,"""Burger Bar""",The Strip,2
AApP_b_trfFGWoidZuav2Q,CCRgGKhzxSpl38w7yhqKUw,"""Noodles""",The Strip,4
aaKoXeGR5JF_57wfJrhKAg,Cni2l-VKG_pdospJ6xliXQ,"""Burger Bar""",The Strip,4
5gKuxluHvvx6YPHwdoWBRg,pik4ebdFa0UcUhnNkivFcg,"""Carmine's Italian Restaurant - Las Vegas""",The Strip,5
0nq8V_FcjlQ6WoQQjdhn9w,CCRgGKhzxSpl38w7yhqKUw,"""Noodles""",The Strip,1
dhS9cZobAcRfcu0YvAHUbw,pKk7jCFIm96qDdk0laVT2w,"""StripSteak""",The Strip,4
vHy7xdoSqpqfB0CgK7Oxvw,pik4ebdFa0UcUhnNkivFcg,"""Carmine's Italian Restaurant - Las Vegas""",The Strip,4
j3i9cNSQ8_Rj-6OQhRCt9w,Cni2l-VKG_pdospJ6xliXQ,"""Burger Bar""",The Strip,5
AK2-Pvb6E9vgeXWyY4Jxog,Cni2l-VKG_pdospJ6xliXQ,"""Burger Bar""",The Strip,5
BtsjNw3r4xjFLyCwkPx_Lw,7fxebHYUwIF6CakxSr70iQ,"""Carnevino""",The Strip,5
ZR56RR4UwhijBnmLzgVf8Q,CCRgGKhzxSpl38w7yhqKUw,"""Noodles""",The Strip,4
U7PvAE_3lnGKILFCkPuveg,Cni2l-VKG_pdospJ6xliXQ,"""Burger Bar""",The Strip,5
jFstakj1H7l3zuVESp0Ygw,7fxebHYUwIF6CakxSr70iQ,"""Carnevino""",The Strip,4
LsudxLwJfSfuihko92ka2Q,u-67zd1ImTv3EEr5kIdWrA,"""House of Blues - Music Venue""",The Strip,1
rdysF0ymVkMX82Bu_8x3nA,u-67zd1ImTv3EEr5kIdWrA,"""House of Blues - Music Venue""",The Strip,3
SWSLkXIvHxd0lH9VO1ISeQ,CCRgGKhzxSpl38w7yhqKUw,"""Noodles""",The Strip,3
YREny1E7ZXU1mdqhqnEZhQ,7fxebHYUwIF6CakxSr70iQ,"""Carnevino""",The Strip,5
0e-zYPlxy1sBL4KgesG5MA,u-67zd1ImTv3EEr5kIdWrA,"""House of Blues - Music Venue""",The Strip,5
UzTOAsQZ7UFibK7pbTjZXQ,u-67zd1ImTv3EEr5kIdWrA,"""House of Blues - Music Venue""",The Strip,3
paWg9QlrGIOZWtwErb60qQ,Cni2l-VKG_pdospJ6xliXQ,"""Burger Bar""",The Strip,4
LSk_OePIEOinocDZNVD_IA,u-67zd1ImTv3EEr5kIdWrA,"""House of Blues - Music Venue""",The Strip,4
w4-lcudNtR1Hvp_2UYLepQ,Cni2l-VKG_pdospJ6xliXQ,"""Burger Bar""",The Strip,5
88Uq2k_0XPJaByiERb-OXQ,pKk7jCFIm96qDdk0laVT2w,"""StripSteak""",The Strip,4
MJ0Wphhko2-LbJ0uZ5XyQA,7fxebHYUwIF6CakxSr70iQ,"""Carnevino""",The Strip,5
oPqK-_ZhqgkrzeQfZtFy9A,Cni2l-VKG_pdospJ6xliXQ,"""Burger Bar""",The Strip,4
DlzrAmLBu-g8XrnH7A2WHw,CCRgGKhzxSpl38w7yhqKUw,"""Noodles""",The Strip,3
DlzrAmLBu-g8XrnH7A2WHw,Cni2l-VKG_pdospJ6xliXQ,"""Burger Bar""",The Strip,3
ScR2BVACu3ALwY9dXwCFKg,Cni2l-VKG_pdospJ6xliXQ,"""Burger Bar""",The Strip,3
3uPkXZz5UaZwT3pMjlFmbA,Cni2l-VKG_pdospJ6xliXQ,"""Burger Bar""",The Strip,1
82kxXl_1K8M3cU66dhB8lw,Cni2l-VKG_pdospJ6xliXQ,"""Burger Bar""",The Strip,4
3Um13SFZrbYp_JC7LD1tLg,Cni2l-VKG_pdospJ6xliXQ,"""Burger Bar""",The Strip,4
Gjj9cj_EsFgwmn-jrjJfeQ,pik4ebdFa0UcUhnNkivFcg,"""Carmine's Italian Restaurant - Las Vegas""",The Strip,4
2XFQXe_Ewzj1VA0PiEHG_A,7fxebHYUwIF6CakxSr70iQ,"""Carnevino""",The Strip,2
2XFQXe_Ewzj1VA0PiEHG_A,pKk7jCFIm96qDdk0laVT2w,"""StripSteak""",The Strip,3
joDM9jiR9EnI7zxq-Lyh-w,pKk7jCFIm96qDdk0laVT2w,"""StripSteak""",The Strip,2
jeKkfLD5BucusHHcXBq18w,u-67zd1ImTv3EEr5kIdWrA,"""House of Blues - Music Venue""",The Strip,2
IGaGQ-Fca3PeaDTC3N0sqg,7fxebHYUwIF6CakxSr70iQ,"""Carnevino""",The Strip,5
8DcfRjPpmpdgun5SyHTHrQ,Cni2l-VKG_pdospJ6xliXQ,"""Burger Bar""",The Strip,3
LwPuVxMdKzogZzMIRlwpkQ,7fxebHYUwIF6CakxSr70iQ,"""Carnevino""",The Strip,4
r7ObzJuGbWGP-Xf078-CYA,Cni2l-VKG_pdospJ6xliXQ,"""Burger Bar""",The Strip,5
rhBT5AQi8LPTc3Mk2Qpxpw,Cni2l-VKG_pdospJ6xliXQ,"""Burger Bar""",The Strip,5
UBjRB2UMd4nfE4m95l1qgQ,7fxebHYUwIF6CakxSr70iQ,"""Carnevino""",The Strip,1
v9FfXhzv85S5ncsKzsH23Q,pik4ebdFa0UcUhnNkivFcg,"""Carmine's Italian Restaurant - Las Vegas""",The Strip,5
hvGaF8Ge-z8Jhbli9Jn-OA,u-67zd1ImTv3EEr5kIdWrA,"""House of Blues - Music Venue""",The Strip,5
m5IjjKl9hzR9r8yLUgKJ9Q,Cni2l-VKG_pdospJ6xliXQ,"""Burger Bar""",The Strip,2
2-XLTj0Cfd81_XlmHo02Aw,u-67zd1ImTv3EEr5kIdWrA,"""House of Blues - Music Venue""",The Strip,3
_YIKfY4IWIX7dyNzKJoBiA,u-67zd1ImTv3EEr5kIdWrA,"""House of Blues - Music Venue""",The Strip,2
D9BpRjqZWqGwhKFhn9Tw4A,7fxebHYUwIF6CakxSr70iQ,"""Carnevino""",The Strip,5
lWrUojQFeoINeDu5WJCQ2A,pik4ebdFa0UcUhnNkivFcg,"""Carmine's Italian Restaurant - Las Vegas""",The Strip,4
Oa749lhQte5GjaaJuCZUCw,Cni2l-VKG_pdospJ6xliXQ,"""Burger Bar""",The Strip,3
DrGNfegm5qlapyI0fQiP8w,CCRgGKhzxSpl38w7yhqKUw,"""Noodles""",The Strip,3
DlDgPYvm_afccgcBQ3bM6Q,CCRgGKhzxSpl38w7yhqKUw,"""Noodles""",The Strip,5
nYc9qjvvx-hz49AORmwUeQ,CCRgGKhzxSpl38w7yhqKUw,"""Noodles""",The Strip,3
1tRZCWlt2BEm9FlTaaiGLw,Cni2l-VKG_pdospJ6xliXQ,"""Burger Bar""",The Strip,4
0nq8V_FcjlQ6WoQQjdhn9w,7fxebHYUwIF6CakxSr70iQ,"""Carnevino""",The Strip,4
Ry2eEdDFbB3jCd-puLq0bg,Cni2l-VKG_pdospJ6xliXQ,"""Burger Bar""",The Strip,5
nW4-Dzz4rZfbt1CfXw7D3w,7fxebHYUwIF6CakxSr70iQ,"""Carnevino""",The Strip,5
14LJRp9bgwbsmlyEq-3JxA,Cni2l-VKG_pdospJ6xliXQ,"""Burger Bar""",The Strip,3
JrnxfUmAZEVMgVnZRjHVXA,7fxebHYUwIF6CakxSr70iQ,"""Carnevino""",The Strip,1
QOfwFmhFdtOLVolCXUq4Dw,pik4ebdFa0UcUhnNkivFcg,"""Carmine's Italian Restaurant - Las Vegas""",The Strip,3
QOfwFmhFdtOLVolCXUq4Dw,Cni2l-VKG_pdospJ6xliXQ,"""Burger Bar""",The Strip,3
3uPJTtJXzCnilUfzqmei7Q,Cni2l-VKG_pdospJ6xliXQ,"""Burger Bar""",The Strip,1
iO2Bw-YDcEv595Zp5Cn-ZQ,Cni2l-VKG_pdospJ6xliXQ,"""Burger Bar""",The Strip,4
kzRq4H_nSf4b3F_sdymWSw,Cni2l-VKG_pdospJ6xliXQ,"""Burger Bar""",The Strip,5
LEtWL1W_IlNP-XCG_P3kbg,pik4ebdFa0UcUhnNkivFcg,"""Carmine's Italian Restaurant - Las Vegas""",The Strip,3
tANFzOd5f5o_KVk9ExMDrg,pKk7jCFIm96qDdk0laVT2w,"""StripSteak""",The Strip,3
I5PaiOdOl0lQKhDJbpc8pA,pKk7jCFIm96qDdk0laVT2w,"""StripSteak""",The Strip,5
Sk9Hgl9sXG5rhOvFFmvQ9w,pKk7jCFIm96qDdk0laVT2w,"""StripSteak""",The Strip,5
71aHoKzNCBJT-FCFzttafQ,pKk7jCFIm96qDdk0laVT2w,"""StripSteak""",The Strip,5
7ZImbGu9KONTwkr7tcivqw,Cni2l-VKG_pdospJ6xliXQ,"""Burger Bar""",The Strip,2
XI1zRAaDond7Msx3LHvU7A,pik4ebdFa0UcUhnNkivFcg,"""Carmine's Italian Restaurant - Las Vegas""",The Strip,3
6CuktV6aXq5GRo0gAnwPDA,pik4ebdFa0UcUhnNkivFcg,"""Carmine's Italian Restaurant - Las Vegas""",The Strip,5
qOODN0RsLbNQaLPN3srixQ,CCRgGKhzxSpl38w7yhqKUw,"""Noodles""",The Strip,4
qOODN0RsLbNQaLPN3srixQ,7fxebHYUwIF6CakxSr70iQ,"""Carnevino""",The Strip,3
cMQMF2mqq3nhbVvf2tLUAQ,Cni2l-VKG_pdospJ6xliXQ,"""Burger Bar""",The Strip,5
4j8RwoqmttRElCCGAHAI5g,7fxebHYUwIF6CakxSr70iQ,"""Carnevino""",The Strip,2
4H3qVzcN1t6GOOJ3HsohYw,pKk7jCFIm96qDdk0laVT2w,"""StripSteak""",The Strip,5
pzKVas75zm3MeaYOpeMU8A,Cni2l-VKG_pdospJ6xliXQ,"""Burger Bar""",The Strip,5
UvY0E6Wuhv_0Bita52RPOw,CCRgGKhzxSpl38w7yhqKUw,"""Noodles""",The Strip,4
cE1J0NJUKSKalmc86D2DCw,7fxebHYUwIF6CakxSr70iQ,"""Carnevino""",The Strip,5
Gpjr3NXyZILBsorrhDEwbg,pKk7jCFIm96qDdk0laVT2w,"""StripSteak""",The Strip,5
HZcU7wrf7ufYdL8LljnovA,CCRgGKhzxSpl38w7yhqKUw,"""Noodles""",The Strip,3
LPfj5-UevdEz5Uvj6aElGg,CCRgGKhzxSpl38w7yhqKUw,"""Noodles""",The Strip,4
QSBrSpIMhIPjTb9AWIr7yQ,7fxebHYUwIF6CakxSr70iQ,"""Carnevino""",The Strip,4
egGlOdJsorbNbd43oXfTbA,7fxebHYUwIF6CakxSr70iQ,"""Carnevino""",The Strip,3
gRvLmxjfzbNfB_uttik8MA,CCRgGKhzxSpl38w7yhqKUw,"""Noodles""",The Strip,2
4CpB0xSosBKTv4byIdp1dA,7fxebHYUwIF6CakxSr70iQ,"""Carnevino""",The Strip,2
nPcPMvJnidYfpXyEd1KLkA,CCRgGKhzxSpl38w7yhqKUw,"""Noodles""",The Strip,4
V0Kg9fkgfoCNvYpNJcv0Ng,pKk7jCFIm96qDdk0laVT2w,"""StripSteak""",The Strip,4
JfmVxrst7vaepeIxhhzFRg,pik4ebdFa0UcUhnNkivFcg,"""Carmine's Italian Restaurant - Las Vegas""",The Strip,1
dFGImj3lcFersf432rn7GA,Cni2l-VKG_pdospJ6xliXQ,"""Burger Bar""",The Strip,5
CkoZyqKXJV7LA36IS9cSdw,7fxebHYUwIF6CakxSr70iQ,"""Carnevino""",The Strip,1
JwoMEL4XF5zBB9Auhj6VBQ,pik4ebdFa0UcUhnNkivFcg,"""Carmine's Italian Restaurant - Las Vegas""",The Strip,4
wEqETrWwpsujK2r8ZueOFw,CCRgGKhzxSpl38w7yhqKUw,"""Noodles""",The Strip,4
-wIwGo6EYJmV8132QZbcFg,CCRgGKhzxSpl38w7yhqKUw,"""Noodles""",The Strip,4
RTmfy9w5JsWuh7NodjWnbA,pik4ebdFa0UcUhnNkivFcg,"""Carmine's Italian Restaurant - Las Vegas""",The Strip,1
QraRy2Y1RYSRbH7WJN5_cw,Cni2l-VKG_pdospJ6xliXQ,"""Burger Bar""",The Strip,1
HwxtzPwBiYE5zQAOTlrL_g,CCRgGKhzxSpl38w7yhqKUw,"""Noodles""",The Strip,3
Zo9Oi85ZhffmZbyB3wt5Wg,u-67zd1ImTv3EEr5kIdWrA,"""House of Blues - Music Venue""",The Strip,2
eKSgHHWEep2zaypUQI136g,Cni2l-VKG_pdospJ6xliXQ,"""Burger Bar""",The Strip,5
CJyxuxtAqBdg3dvwQ-wgjg,7fxebHYUwIF6CakxSr70iQ,"""Carnevino""",The Strip,3
NLCaCHNVMmQPakXpWIF_sQ,CCRgGKhzxSpl38w7yhqKUw,"""Noodles""",The Strip,1
vSTi9G85c5c8RNPFIEMETQ,CCRgGKhzxSpl38w7yhqKUw,"""Noodles""",The Strip,4
EyIa16QCsRU0Mkkg0bG7SA,7fxebHYUwIF6CakxSr70iQ,"""Carnevino""",The Strip,1
U4ERp63gvcIeOis8UdtxvA,Cni2l-VKG_pdospJ6xliXQ,"""Burger Bar""",The Strip,4
MdAs1mAJt5mMN5eloiAg5w,Cni2l-VKG_pdospJ6xliXQ,"""Burger Bar""",The Strip,1
JnPbkmlrbv3t82saiochHw,Cni2l-VKG_pdospJ6xliXQ,"""Burger Bar""",The Strip,4
y8uVgQv17XJDXmD9EeMrsA,7fxebHYUwIF6CakxSr70iQ,"""Carnevino""",The Strip,3
fLfh_UuFiXaA7DZTLRx3Yw,pKk7jCFIm96qDdk0laVT2w,"""StripSteak""",The Strip,1
_VMGbmIeK71rQGwOBWt_Kg,Cni2l-VKG_pdospJ6xliXQ,"""Burger Bar""",The Strip,4
hA2X9akTxboda17YqbF20g,7fxebHYUwIF6CakxSr70iQ,"""Carnevino""",The Strip,2
6InyxxWLYI0J9y4342o12Q,CCRgGKhzxSpl38w7yhqKUw,"""Noodles""",The Strip,2
dhSYYwpiLurivHOXMYaoxw,Cni2l-VKG_pdospJ6xliXQ,"""Burger Bar""",The Strip,4
xWCDD4AVIVjDfLZp5Qc5yQ,CCRgGKhzxSpl38w7yhqKUw,"""Noodles""",The Strip,5
xWCDD4AVIVjDfLZp5Qc5yQ,pKk7jCFIm96qDdk0laVT2w,"""StripSteak""",The Strip,5
xWCDD4AVIVjDfLZp5Qc5yQ,7fxebHYUwIF6CakxSr70iQ,"""Carnevino""",The Strip,4
OyRL2O3rigUFfpWGK9uNFw,CCRgGKhzxSpl38w7yhqKUw,"""Noodles""",The Strip,1
yLaZk0HDmySN49H5l4niOQ,Cni2l-VKG_pdospJ6xliXQ,"""Burger Bar""",The Strip,4
ksU2qmS288fldkUcL0kRGA,Cni2l-VKG_pdospJ6xliXQ,"""Burger Bar""",The Strip,4
v97EDW-yurPR6ZQut4pzYA,pKk7jCFIm96qDdk0laVT2w,"""StripSteak""",The Strip,2
j6MMrDAxGBR0CoMCq8BBQg,7fxebHYUwIF6CakxSr70iQ,"""Carnevino""",The Strip,2
jsXZ7WDbwyaHEWY8OXxTfg,7fxebHYUwIF6CakxSr70iQ,"""Carnevino""",The Strip,1
wIIFno3gf5BqsnogacFRZQ,Cni2l-VKG_pdospJ6xliXQ,"""Burger Bar""",The Strip,5
6B3TA78ma-4Wx4xT2g1vOQ,Cni2l-VKG_pdospJ6xliXQ,"""Burger Bar""",The Strip,2
0c7H0fkvezEaxlHag3KfJQ,7fxebHYUwIF6CakxSr70iQ,"""Carnevino""",The Strip,4
IN6saNdoFAYCSJYFcE3vhQ,Cni2l-VKG_pdospJ6xliXQ,"""Burger Bar""",The Strip,3
FZQXGfmkMASFWq3JnuQZqg,Cni2l-VKG_pdospJ6xliXQ,"""Burger Bar""",The Strip,3
hOBakMVaLFBoQzrm4_ftGA,CCRgGKhzxSpl38w7yhqKUw,"""Noodles""",The Strip,4
r8W30awOjF5bjk4kWYaKxA,pKk7jCFIm96qDdk0laVT2w,"""StripSteak""",The Strip,4
5J5akoctu-c28miRgE1TlA,pik4ebdFa0UcUhnNkivFcg,"""Carmine's Italian Restaurant - Las Vegas""",The Strip,5
59t8r7v0f51SwW3Ss2Pnxw,Cni2l-VKG_pdospJ6xliXQ,"""Burger Bar""",The Strip,5
rhEF7nrppbzsj0NYA7lzAw,pKk7jCFIm96qDdk0laVT2w,"""StripSteak""",The Strip,5
J-ezufyIb8_4CRfDZrnBhw,Cni2l-VKG_pdospJ6xliXQ,"""Burger Bar""",The Strip,2
1dWLN4Mr4hKhu8MQUCKqXQ,Cni2l-VKG_pdospJ6xliXQ,"""Burger Bar""",The Strip,4
hdEm5r8fXhJUFwEbsCd15g,u-67zd1ImTv3EEr5kIdWrA,"""House of Blues - Music Venue""",The Strip,3
hdEm5r8fXhJUFwEbsCd15g,Cni2l-VKG_pdospJ6xliXQ,"""Burger Bar""",The Strip,4
chJ7qlfiI8swU-FiWHfL3w,Cni2l-VKG_pdospJ6xliXQ,"""Burger Bar""",The Strip,4
W92S95QwdQERvx7lvxmeKg,Cni2l-VKG_pdospJ6xliXQ,"""Burger Bar""",The Strip,5
qJB0P2nGK5186H2kePrq-Q,Cni2l-VKG_pdospJ6xliXQ,"""Burger Bar""",The Strip,5
nRicr5sDYwpDUM9s2bjS4w,pik4ebdFa0UcUhnNkivFcg,"""Carmine's Italian Restaurant - Las Vegas""",The Strip,3
9jZAXnAaulEC40wtEZK6Fw,Cni2l-VKG_pdospJ6xliXQ,"""Burger Bar""",The Strip,5
x-uGEVdbdln28BurgdpfhQ,pik4ebdFa0UcUhnNkivFcg,"""Carmine's Italian Restaurant - Las Vegas""",The Strip,1
rnU1EFMSnVJGrQxrnjaODg,Cni2l-VKG_pdospJ6xliXQ,"""Burger Bar""",The Strip,4
Tlj9K5c0jh58u6oRZZUuXA,pik4ebdFa0UcUhnNkivFcg,"""Carmine's Italian Restaurant - Las Vegas""",The Strip,4
np_PA4ejejVhk4klYvnMDA,Cni2l-VKG_pdospJ6xliXQ,"""Burger Bar""",The Strip,4
R9OXKfutXkoll2ynG73GOg,u-67zd1ImTv3EEr5kIdWrA,"""House of Blues - Music Venue""",The Strip,5
FniWTVlU1eE9dPEtlZJD9g,Cni2l-VKG_pdospJ6xliXQ,"""Burger Bar""",The Strip,3
fTWtXca0hmdjLQFvkrNDPw,Cni2l-VKG_pdospJ6xliXQ,"""Burger Bar""",The Strip,3
ytrwYqpYTQUiaIbIkntepA,CCRgGKhzxSpl38w7yhqKUw,"""Noodles""",The Strip,5
Ol_ENRJCgwjgTucmBy9Vfw,CCRgGKhzxSpl38w7yhqKUw,"""Noodles""",The Strip,4
Ol_ENRJCgwjgTucmBy9Vfw,Cni2l-VKG_pdospJ6xliXQ,"""Burger Bar""",The Strip,4
yZFAlk6UdPqzt-k2laVVaQ,Cni2l-VKG_pdospJ6xliXQ,"""Burger Bar""",The Strip,4
iqAq0w-wFskTwbyVOkSntg,pik4ebdFa0UcUhnNkivFcg,"""Carmine's Italian Restaurant - Las Vegas""",The Strip,5
qX9rK32qy5hiYo9EPPJftw,Cni2l-VKG_pdospJ6xliXQ,"""Burger Bar""",The Strip,5
H471NIXlrXZ4BLORQxmmkg,u-67zd1ImTv3EEr5kIdWrA,"""House of Blues - Music Venue""",The Strip,5
GB3yqJxiusaISq34lgZulg,Cni2l-VKG_pdospJ6xliXQ,"""Burger Bar""",The Strip,5
VrmL3kRTos3KWGZovV4hRg,Cni2l-VKG_pdospJ6xliXQ,"""Burger Bar""",The Strip,5
1T-rePv-lLJDO5gVGFyfFQ,pKk7jCFIm96qDdk0laVT2w,"""StripSteak""",The Strip,5
1T-rePv-lLJDO5gVGFyfFQ,Cni2l-VKG_pdospJ6xliXQ,"""Burger Bar""",The Strip,4
c_fcs7-X6PpQbhywoDXaWA,u-67zd1ImTv3EEr5kIdWrA,"""House of Blues - Music Venue""",The Strip,5
LnwvFkZDlGKtDbUvvBR3UQ,CCRgGKhzxSpl38w7yhqKUw,"""Noodles""",The Strip,3
umZPUpLSJuCTXLckxA4nmg,u-67zd1ImTv3EEr5kIdWrA,"""House of Blues - Music Venue""",The Strip,3
8PohxezOZCtEUAPi_lCInQ,Cni2l-VKG_pdospJ6xliXQ,"""Burger Bar""",The Strip,4
XlpEhStw0UXXEXaDk3Zgpg,Cni2l-VKG_pdospJ6xliXQ,"""Burger Bar""",The Strip,3
zgDADFTL6rSi6ELUMJPuxw,u-67zd1ImTv3EEr5kIdWrA,"""House of Blues - Music Venue""",The Strip,4
SLUUrZjHdL5G-EAp6BoYWA,Cni2l-VKG_pdospJ6xliXQ,"""Burger Bar""",The Strip,2
Jg7jCdtWRnDb_fHDibSlFA,Cni2l-VKG_pdospJ6xliXQ,"""Burger Bar""",The Strip,5
R6C5iRTV8HY_p07qKiuOWA,pKk7jCFIm96qDdk0laVT2w,"""StripSteak""",The Strip,4
9ks-80ZxeCZWNObzEbW4-Q,7fxebHYUwIF6CakxSr70iQ,"""Carnevino""",The Strip,4
K6FpHYwcJYznoXXu8ySZHw,7fxebHYUwIF6CakxSr70iQ,"""Carnevino""",The Strip,5
a9JeahzYDt8bM4Ey69zPAw,CCRgGKhzxSpl38w7yhqKUw,"""Noodles""",The Strip,4
Yvj5Hws7hkHriZZuxsjQcg,Cni2l-VKG_pdospJ6xliXQ,"""Burger Bar""",The Strip,5
WlWgl1aWl-8wGZYUncV-2A,u-67zd1ImTv3EEr5kIdWrA,"""House of Blues - Music Venue""",The Strip,5
QV-gEM6BItetjR2yllZomw,u-67zd1ImTv3EEr5kIdWrA,"""House of Blues - Music Venue""",The Strip,3
OS_sHMLVIcF5JlZQzfYCKA,CCRgGKhzxSpl38w7yhqKUw,"""Noodles""",The Strip,5
673-xv8s3w0ddO2-WlKpeA,CCRgGKhzxSpl38w7yhqKUw,"""Noodles""",The Strip,2
vzFgKBZU6hALKUQ6CJ2j7w,pKk7jCFIm96qDdk0laVT2w,"""StripSteak""",The Strip,1
khyig4aF00tZsTYw4F4GLg,u-67zd1ImTv3EEr5kIdWrA,"""House of Blues - Music Venue""",The Strip,4
khyig4aF00tZsTYw4F4GLg,Cni2l-VKG_pdospJ6xliXQ,"""Burger Bar""",The Strip,5
ANOptiQZ7VQZ7kqdjEaoqA,7fxebHYUwIF6CakxSr70iQ,"""Carnevino""",The Strip,1
DrZRM0WEcwJZjyO8mymeKA,u-67zd1ImTv3EEr5kIdWrA,"""House of Blues - Music Venue""",The Strip,3
UvY0E6Wuhv_0Bita52RPOw,u-67zd1ImTv3EEr5kIdWrA,"""House of Blues - Music Venue""",The Strip,3
UvY0E6Wuhv_0Bita52RPOw,pKk7jCFIm96qDdk0laVT2w,"""StripSteak""",The Strip,4
_8g1fuUaePfZ8CcrAceuqg,u-67zd1ImTv3EEr5kIdWrA,"""House of Blues - Music Venue""",The Strip,4
Rpckl94hRBZVyDfizNrkuA,u-67zd1ImTv3EEr5kIdWrA,"""House of Blues - Music Venue""",The Strip,4
rr2IjLGLy7WOWKiO7o_KxQ,pKk7jCFIm96qDdk0laVT2w,"""StripSteak""",The Strip,3
wJHy7ZJG_EvLFQDRms5rXQ,7fxebHYUwIF6CakxSr70iQ,"""Carnevino""",The Strip,4
8bMZr8a1NfgSW8Ed-58GRA,pKk7jCFIm96qDdk0laVT2w,"""StripSteak""",The Strip,2
3lBeFANLx46aMzHN7xXUKQ,u-67zd1ImTv3EEr5kIdWrA,"""House of Blues - Music Venue""",The Strip,1
qk1sUn7xukLRBq6w1TAAFg,pik4ebdFa0UcUhnNkivFcg,"""Carmine's Italian Restaurant - Las Vegas""",The Strip,5
Cehh5TRakdL92SU90pcxpw,Cni2l-VKG_pdospJ6xliXQ,"""Burger Bar""",The Strip,5
OcfhdkV7PQA3We2rMXjQgw,Cni2l-VKG_pdospJ6xliXQ,"""Burger Bar""",The Strip,2
0mPNO00WMxPGksLnVjSxoQ,Cni2l-VKG_pdospJ6xliXQ,"""Burger Bar""",The Strip,3
Kz0w0wXwP3RYpn2q2KyLyg,7fxebHYUwIF6CakxSr70iQ,"""Carnevino""",The Strip,4
LPv-skm7xGtglkgq4KHsbw,pik4ebdFa0UcUhnNkivFcg,"""Carmine's Italian Restaurant - Las Vegas""",The Strip,4
A3gEkJ0lvC1-37KPMNTehg,CCRgGKhzxSpl38w7yhqKUw,"""Noodles""",The Strip,3
NljEXgfmhSfl4nqYgOwk2A,u-67zd1ImTv3EEr5kIdWrA,"""House of Blues - Music Venue""",The Strip,5
8OGKhjz8yQLGazu2R-E4bA,pKk7jCFIm96qDdk0laVT2w,"""StripSteak""",The Strip,4
TPusr6U2B4zPhIgbCJrrxw,u-67zd1ImTv3EEr5kIdWrA,"""House of Blues - Music Venue""",The Strip,4
jvfMRfmVLbh7tpjYEMbXNg,7fxebHYUwIF6CakxSr70iQ,"""Carnevino""",The Strip,5
Blj7M6x30SdBtyH4oQy2dA,u-67zd1ImTv3EEr5kIdWrA,"""House of Blues - Music Venue""",The Strip,4
U223DVfsYE4mPr175aQtuQ,Cni2l-VKG_pdospJ6xliXQ,"""Burger Bar""",The Strip,3
vj-71bWcddq5l-FEkThVbw,pik4ebdFa0UcUhnNkivFcg,"""Carmine's Italian Restaurant - Las Vegas""",The Strip,4
6InyxxWLYI0J9y4342o12Q,u-67zd1ImTv3EEr5kIdWrA,"""House of Blues - Music Venue""",The Strip,4
6InyxxWLYI0J9y4342o12Q,Cni2l-VKG_pdospJ6xliXQ,"""Burger Bar""",The Strip,4
1rlB-SWvDU5TnDnym2qeDw,CCRgGKhzxSpl38w7yhqKUw,"""Noodles""",The Strip,4
1rlB-SWvDU5TnDnym2qeDw,Cni2l-VKG_pdospJ6xliXQ,"""Burger Bar""",The Strip,4
1rlB-SWvDU5TnDnym2qeDw,pKk7jCFIm96qDdk0laVT2w,"""StripSteak""",The Strip,4
v9-z83PZKn8tnL5bzSRBfg,Cni2l-VKG_pdospJ6xliXQ,"""Burger Bar""",The Strip,4
s2o_JsABvrZVm_T03qrBUw,7fxebHYUwIF6CakxSr70iQ,"""Carnevino""",The Strip,5
mwAGcfk2YfpWnL2uCQfCEw,Cni2l-VKG_pdospJ6xliXQ,"""Burger Bar""",The Strip,3
scf9Y304Ap-35WtD8pXFKg,pKk7jCFIm96qDdk0laVT2w,"""StripSteak""",The Strip,5
bA6sFAZTIc5ddwpnB_WJUw,Cni2l-VKG_pdospJ6xliXQ,"""Burger Bar""",The Strip,4
npsERTMbyKLotgpbf2Z6WQ,u-67zd1ImTv3EEr5kIdWrA,"""House of Blues - Music Venue""",The Strip,3
dlUdyRnYahNutQXThNdBBA,CCRgGKhzxSpl38w7yhqKUw,"""Noodles""",The Strip,1
1sjEMU8RsuMvRSvC2FkU-g,Cni2l-VKG_pdospJ6xliXQ,"""Burger Bar""",The Strip,4
DDVmnhPG2rnP3WqX9UFG2g,CCRgGKhzxSpl38w7yhqKUw,"""Noodles""",The Strip,2
Gaq9rRJsoBz9o5ekkiBMzQ,pKk7jCFIm96qDdk0laVT2w,"""StripSteak""",The Strip,5
ToMI6fEmwe1t5DVnFNvD-w,7fxebHYUwIF6CakxSr70iQ,"""Carnevino""",The Strip,5
GIXX7Z-Of1ykCFxJqJW9wQ,Cni2l-VKG_pdospJ6xliXQ,"""Burger Bar""",The Strip,3
51UaY_JKrEOzA1CeEbuDNg,Cni2l-VKG_pdospJ6xliXQ,"""Burger Bar""",The Strip,4
sELpZpITOy9abQB3YY2Ugg,pKk7jCFIm96qDdk0laVT2w,"""StripSteak""",The Strip,1
IVcwCTE7dLqybxxyWzjv1Q,CCRgGKhzxSpl38w7yhqKUw,"""Noodles""",The Strip,5
xHhJ7w9DQ7TY_0fU0HgKng,u-67zd1ImTv3EEr5kIdWrA,"""House of Blues - Music Venue""",The Strip,3
5xgukyckWd1BqX7anejShA,7fxebHYUwIF6CakxSr70iQ,"""Carnevino""",The Strip,5
5h8nyN4CS2WaenSse2BWaA,pik4ebdFa0UcUhnNkivFcg,"""Carmine's Italian Restaurant - Las Vegas""",The Strip,3
kAa5hQRdPglx9IZKaWRAuA,pik4ebdFa0UcUhnNkivFcg,"""Carmine's Italian Restaurant - Las Vegas""",The Strip,5
kAa5hQRdPglx9IZKaWRAuA,pKk7jCFIm96qDdk0laVT2w,"""StripSteak""",The Strip,3
tQyZ71zqHmMoQBhHGh8-Ug,7fxebHYUwIF6CakxSr70iQ,"""Carnevino""",The Strip,4
z5JZMH_CBu2XFDi1La0ERg,CCRgGKhzxSpl38w7yhqKUw,"""Noodles""",The Strip,1
a1Rc4YHqLGTINGJK_u3X_w,u-67zd1ImTv3EEr5kIdWrA,"""House of Blues - Music Venue""",The Strip,2
nNYp73lBH-cNLRZfK3iG_g,pKk7jCFIm96qDdk0laVT2w,"""StripSteak""",The Strip,5
Z18Bze20mEVqRXAfe8DjZg,u-67zd1ImTv3EEr5kIdWrA,"""House of Blues - Music Venue""",The Strip,4
eGZ1n7LWe6PJ2OILZzJdgw,pik4ebdFa0UcUhnNkivFcg,"""Carmine's Italian Restaurant - Las Vegas""",The Strip,3
0G9BcXSQscv_GnhlNwFfjw,Cni2l-VKG_pdospJ6xliXQ,"""Burger Bar""",The Strip,5
0teREpDgIlU4JjpIIjkzMA,7fxebHYUwIF6CakxSr70iQ,"""Carnevino""",The Strip,5
fnl_8VB0SWykurnB_nk7DA,7fxebHYUwIF6CakxSr70iQ,"""Carnevino""",The Strip,4
Gy1rZbmsLq-Tqkvyk69RUQ,pKk7jCFIm96qDdk0laVT2w,"""StripSteak""",The Strip,5
zyJWc8oW8JpPg2xXMQsnAA,pKk7jCFIm96qDdk0laVT2w,"""StripSteak""",The Strip,5
jx1BSmGVycPVwUjWXgg_XA,Cni2l-VKG_pdospJ6xliXQ,"""Burger Bar""",The Strip,4
AJxfFzUNH4mlP5duXi-ZCw,Cni2l-VKG_pdospJ6xliXQ,"""Burger Bar""",The Strip,5
gqVEZhVMhn0Y0o2pSNpGAg,CCRgGKhzxSpl38w7yhqKUw,"""Noodles""",The Strip,4
RPgxx0yCxGXvWx8KKpc1DQ,Cni2l-VKG_pdospJ6xliXQ,"""Burger Bar""",The Strip,4
7APuXUNXLS3UtB2uu8MI9w,7fxebHYUwIF6CakxSr70iQ,"""Carnevino""",The Strip,2
730NIlTXOzcRYQUzVgmmqA,CCRgGKhzxSpl38w7yhqKUw,"""Noodles""",The Strip,1
YTgUJk1FT_wbITP5cmmMsw,7fxebHYUwIF6CakxSr70iQ,"""Carnevino""",The Strip,3
tjeIncbFN31zRucITS4rfA,u-67zd1ImTv3EEr5kIdWrA,"""House of Blues - Music Venue""",The Strip,2
FLnezz8xtPAP1c4-RHfREw,pKk7jCFIm96qDdk0laVT2w,"""StripSteak""",The Strip,4
4kfTglFC5RBcZsXOX6d5vw,Cni2l-VKG_pdospJ6xliXQ,"""Burger Bar""",The Strip,3
QKhJkTpDuwnR6TozGT1eqg,Cni2l-VKG_pdospJ6xliXQ,"""Burger Bar""",The Strip,4
SgpfcoSUpFWBLlYOUy6nHA,7fxebHYUwIF6CakxSr70iQ,"""Carnevino""",The Strip,5
OP7Dhj5lM0gaDC4AipAiDg,pKk7jCFIm96qDdk0laVT2w,"""StripSteak""",The Strip,5
9RcUw63xGgV1pkirCD47zw,u-67zd1ImTv3EEr5kIdWrA,"""House of Blues - Music Venue""",The Strip,1
bTkH9pJcsKM4CfQ1tciD1g,u-67zd1ImTv3EEr5kIdWrA,"""House of Blues - Music Venue""",The Strip,3
bTkH9pJcsKM4CfQ1tciD1g,Cni2l-VKG_pdospJ6xliXQ,"""Burger Bar""",The Strip,5
c-bWfrKQOaLIBo7YCQyM4g,7fxebHYUwIF6CakxSr70iQ,"""Carnevino""",The Strip,4
wGCIzYUugIYOds35_Qzagw,pKk7jCFIm96qDdk0laVT2w,"""StripSteak""",The Strip,3
kd7OUKO-_3O_D34-zo8uoA,Cni2l-VKG_pdospJ6xliXQ,"""Burger Bar""",The Strip,3
EKVb4iSefHyonB70IO1eXQ,pKk7jCFIm96qDdk0laVT2w,"""StripSteak""",The Strip,4
8D2R7acumiJgJXJ5NMF4GA,7fxebHYUwIF6CakxSr70iQ,"""Carnevino""",The Strip,2
XNKCpMXvWlC_RF6u6DQ8_Q,u-67zd1ImTv3EEr5kIdWrA,"""House of Blues - Music Venue""",The Strip,2
2-XLTj0Cfd81_XlmHo02Aw,Cni2l-VKG_pdospJ6xliXQ,"""Burger Bar""",The Strip,1
N3oNEwh0qgPqPP3Em6wJXw,u-67zd1ImTv3EEr5kIdWrA,"""House of Blues - Music Venue""",The Strip,4
oDakbfUOUOwM9Gc07qd0FA,7fxebHYUwIF6CakxSr70iQ,"""Carnevino""",The Strip,2
DsHmT0Lx6zpx8H4xnDM27Q,Cni2l-VKG_pdospJ6xliXQ,"""Burger Bar""",The Strip,4
UvY0E6Wuhv_0Bita52RPOw,Cni2l-VKG_pdospJ6xliXQ,"""Burger Bar""",The Strip,5
-5OT7RlQP6VCgbCCLnvZDg,Cni2l-VKG_pdospJ6xliXQ,"""Burger Bar""",The Strip,5
7ieNUFQeqUJLPRJ5xXdA3w,CCRgGKhzxSpl38w7yhqKUw,"""Noodles""",The Strip,3
8T_sbIjItVWJ43DcSbmXRw,pKk7jCFIm96qDdk0laVT2w,"""StripSteak""",The Strip,1
iGVdakpiu7GccWmk9hkDPA,7fxebHYUwIF6CakxSr70iQ,"""Carnevino""",The Strip,1
RQvoF6UbHVGoWR-6EPA8jw,7fxebHYUwIF6CakxSr70iQ,"""Carnevino""",The Strip,4
RQvoF6UbHVGoWR-6EPA8jw,pKk7jCFIm96qDdk0laVT2w,"""StripSteak""",The Strip,2
x1qxpGOgNnWvceFQSP5SvA,7fxebHYUwIF6CakxSr70iQ,"""Carnevino""",The Strip,1
uaURMprG-udxpAoZefixEg,Cni2l-VKG_pdospJ6xliXQ,"""Burger Bar""",The Strip,5
YxXC8af-FI3WHSVuwuX17g,Cni2l-VKG_pdospJ6xliXQ,"""Burger Bar""",The Strip,1
JbVsJAfRd1-nXm5A3kQv3g,CCRgGKhzxSpl38w7yhqKUw,"""Noodles""",The Strip,2
j_xdpXxPdSVhlwTJ7roKag,pKk7jCFIm96qDdk0laVT2w,"""StripSteak""",The Strip,4
NlZvnZhS3USKo4co7GLH8Q,Cni2l-VKG_pdospJ6xliXQ,"""Burger Bar""",The Strip,5
YOolEFiFnr7jXYUUJoA-Ow,u-67zd1ImTv3EEr5kIdWrA,"""House of Blues - Music Venue""",The Strip,5
hFlbM4fFLjL63dObsBbV1Q,Cni2l-VKG_pdospJ6xliXQ,"""Burger Bar""",The Strip,5
QEi56aubSERvXMZdKdlmPQ,pKk7jCFIm96qDdk0laVT2w,"""StripSteak""",The Strip,5
FUSIbv4EwPQdQr4W3EezzA,Cni2l-VKG_pdospJ6xliXQ,"""Burger Bar""",The Strip,4
loHW3nLm8Ex5BbCu7QOVaA,7fxebHYUwIF6CakxSr70iQ,"""Carnevino""",The Strip,5
CVpfIuNfldE0BIUJ7eZF1g,CCRgGKhzxSpl38w7yhqKUw,"""Noodles""",The Strip,5
g6pTya4kB4g31AsLDsdhSA,7fxebHYUwIF6CakxSr70iQ,"""Carnevino""",The Strip,1
0HdTa-MiPaoeEfM8RK63kA,Cni2l-VKG_pdospJ6xliXQ,"""Burger Bar""",The Strip,4
xyQnrbFDoV1JzJzHxoiG2Q,u-67zd1ImTv3EEr5kIdWrA,"""House of Blues - Music Venue""",The Strip,4
t1RbiqrHWBFamS5ZIUfT6w,pKk7jCFIm96qDdk0laVT2w,"""StripSteak""",The Strip,4
yvqCXtmcMh4Txv5SZI5BSA,7fxebHYUwIF6CakxSr70iQ,"""Carnevino""",The Strip,5
qsMpT4rxOWoCI1dSbtS9WA,7fxebHYUwIF6CakxSr70iQ,"""Carnevino""",The Strip,5
y3OmMymE57BiHa03yjaxCQ,7fxebHYUwIF6CakxSr70iQ,"""Carnevino""",The Strip,5
_C9owUom6EaGCPJMmGWUog,7fxebHYUwIF6CakxSr70iQ,"""Carnevino""",The Strip,5
xaiNxJsL5bjjFeeNP_btgA,7fxebHYUwIF6CakxSr70iQ,"""Carnevino""",The Strip,4
MJ0Wphhko2-LbJ0uZ5XyQA,Cni2l-VKG_pdospJ6xliXQ,"""Burger Bar""",The Strip,3
3w-Mto6hHy5XxXO163bHTg,CCRgGKhzxSpl38w7yhqKUw,"""Noodles""",The Strip,3
3w-Mto6hHy5XxXO163bHTg,7fxebHYUwIF6CakxSr70iQ,"""Carnevino""",The Strip,4
8Rvo_Sr_x9n_bMS7ee4r_Q,Cni2l-VKG_pdospJ6xliXQ,"""Burger Bar""",The Strip,2
uih53bykBGPNn3Lv09ofkA,CCRgGKhzxSpl38w7yhqKUw,"""Noodles""",The Strip,4
yfoGaLpHHXy4Mt4txWcQTg,pik4ebdFa0UcUhnNkivFcg,"""Carmine's Italian Restaurant - Las Vegas""",The Strip,5
AL_UmDL0QF_mFmoFt5vWxg,Cni2l-VKG_pdospJ6xliXQ,"""Burger Bar""",The Strip,4
iK4gc8oguHISfKzLrlXO1g,pik4ebdFa0UcUhnNkivFcg,"""Carmine's Italian Restaurant - Las Vegas""",The Strip,5
0KjqHIouprEuBr_8A9BJ_Q,Cni2l-VKG_pdospJ6xliXQ,"""Burger Bar""",The Strip,3
ENUe5BByRCTXAoUhguL9qg,pik4ebdFa0UcUhnNkivFcg,"""Carmine's Italian Restaurant - Las Vegas""",The Strip,5
xADAW32u15sgA18Hfy9PsQ,Cni2l-VKG_pdospJ6xliXQ,"""Burger Bar""",The Strip,4
EndbpS-MrxeCIdP4mMo14Q,7fxebHYUwIF6CakxSr70iQ,"""Carnevino""",The Strip,5
f0vjl72bmXNUw3dC8Lcyaw,pKk7jCFIm96qDdk0laVT2w,"""StripSteak""",The Strip,4
-JAMkc2sq1C11Ul0hSJmHg,Cni2l-VKG_pdospJ6xliXQ,"""Burger Bar""",The Strip,4
7sOGl1UxfLQv0y5Oj28XCw,7fxebHYUwIF6CakxSr70iQ,"""Carnevino""",The Strip,4
56Cba4g0gX9ErGciSAa8Rw,Cni2l-VKG_pdospJ6xliXQ,"""Burger Bar""",The Strip,2
UJVfRfeKHo6x8r5UWOqLTw,7fxebHYUwIF6CakxSr70iQ,"""Carnevino""",The Strip,5
FRLugA_YEno_qKP7Z7p0CQ,u-67zd1ImTv3EEr5kIdWrA,"""House of Blues - Music Venue""",The Strip,3
hilL60vuuh06sMxs6Ckkog,7fxebHYUwIF6CakxSr70iQ,"""Carnevino""",The Strip,2
8DEyKVyplnOcSKx39vatbg,pKk7jCFIm96qDdk0laVT2w,"""StripSteak""",The Strip,4
Se3XL5Opy0e2cHbxxjs2ZQ,7fxebHYUwIF6CakxSr70iQ,"""Carnevino""",The Strip,3
KFc8CkhFH2Mx4KgTcyTx8Q,u-67zd1ImTv3EEr5kIdWrA,"""House of Blues - Music Venue""",The Strip,2
y7m3MbgqY7oWvUebOeWSVg,pik4ebdFa0UcUhnNkivFcg,"""Carmine's Italian Restaurant - Las Vegas""",The Strip,5
iPKiPAvebPG8pC7ipNCFFg,7fxebHYUwIF6CakxSr70iQ,"""Carnevino""",The Strip,4
56fP-02ya5JdCcL--IpifA,Cni2l-VKG_pdospJ6xliXQ,"""Burger Bar""",The Strip,4
H1fcbC-WKsbiEo8BBVkHwA,7fxebHYUwIF6CakxSr70iQ,"""Carnevino""",The Strip,3
Is-VLEzLJM5yRLln_uIx7A,pKk7jCFIm96qDdk0laVT2w,"""StripSteak""",The Strip,1
viwKpVVaOhWur77Sh4L4cw,Cni2l-VKG_pdospJ6xliXQ,"""Burger Bar""",The Strip,3
2RLnT-ibHe6P6z6Q2sSIIQ,u-67zd1ImTv3EEr5kIdWrA,"""House of Blues - Music Venue""",The Strip,2
s2o_JsABvrZVm_T03qrBUw,pik4ebdFa0UcUhnNkivFcg,"""Carmine's Italian Restaurant - Las Vegas""",The Strip,5
KZvcXtsdMbaQQ2DNGFwCjw,Cni2l-VKG_pdospJ6xliXQ,"""Burger Bar""",The Strip,3
F4bgNA3DctjQK8vVrvPNlQ,7fxebHYUwIF6CakxSr70iQ,"""Carnevino""",The Strip,5
yOD4t9gHzidTGec296pthQ,pik4ebdFa0UcUhnNkivFcg,"""Carmine's Italian Restaurant - Las Vegas""",The Strip,4
9ks-80ZxeCZWNObzEbW4-Q,Cni2l-VKG_pdospJ6xliXQ,"""Burger Bar""",The Strip,4
u7dxmiH0hJvfkAwDMT5MgQ,pKk7jCFIm96qDdk0laVT2w,"""StripSteak""",The Strip,5
u7dxmiH0hJvfkAwDMT5MgQ,Cni2l-VKG_pdospJ6xliXQ,"""Burger Bar""",The Strip,5
O1eFTbVTzpuMCOVKXLTyvw,pKk7jCFIm96qDdk0laVT2w,"""StripSteak""",The Strip,5
VzlX5LJ7__pl6AaBWBiw9w,7fxebHYUwIF6CakxSr70iQ,"""Carnevino""",The Strip,4
VzlX5LJ7__pl6AaBWBiw9w,pKk7jCFIm96qDdk0laVT2w,"""StripSteak""",The Strip,4
vnydJW_gxfl94KFzuOLSNQ,7fxebHYUwIF6CakxSr70iQ,"""Carnevino""",The Strip,3
18oxjOTgXtUK0O068vOQDA,7fxebHYUwIF6CakxSr70iQ,"""Carnevino""",The Strip,2
Aek3ZJ5CxvJEQvOltYW1Iw,Cni2l-VKG_pdospJ6xliXQ,"""Burger Bar""",The Strip,5
6QFyYvYgN1XcVfxMMMWxGw,7fxebHYUwIF6CakxSr70iQ,"""Carnevino""",The Strip,4
kjwxztpu-WLfRINVN8VLxQ,pik4ebdFa0UcUhnNkivFcg,"""Carmine's Italian Restaurant - Las Vegas""",The Strip,1
ubiDyFxcUTYm9_3NuNuP5g,pik4ebdFa0UcUhnNkivFcg,"""Carmine's Italian Restaurant - Las Vegas""",The Strip,5
ecc8giAKqxyy72M-IwI82w,7fxebHYUwIF6CakxSr70iQ,"""Carnevino""",The Strip,5
PgrCdD3iPgYzXxO8QsMnew,u-67zd1ImTv3EEr5kIdWrA,"""House of Blues - Music Venue""",The Strip,2
W5LiooLyMtJPEhCafhwVDA,Cni2l-VKG_pdospJ6xliXQ,"""Burger Bar""",The Strip,4
tP9eRbDZMzfCb03V4h8d2g,Cni2l-VKG_pdospJ6xliXQ,"""Burger Bar""",The Strip,4
tRlmPeqSkFkl4pv4uwyuHA,pKk7jCFIm96qDdk0laVT2w,"""StripSteak""",The Strip,2
r2R9t9_0Je8wP-wh4-xM3w,Cni2l-VKG_pdospJ6xliXQ,"""Burger Bar""",The Strip,4
OzSk7IpUPyz5flZFyRQqCQ,Cni2l-VKG_pdospJ6xliXQ,"""Burger Bar""",The Strip,5
tIahvmUHosyVlCJre6QBWA,Cni2l-VKG_pdospJ6xliXQ,"""Burger Bar""",The Strip,1
-7uQzohmG3ayimeNWaH6jg,Cni2l-VKG_pdospJ6xliXQ,"""Burger Bar""",The Strip,4
uH1pPCJuaVBQlBxHZ2xiyw,Cni2l-VKG_pdospJ6xliXQ,"""Burger Bar""",The Strip,4
0f_0XfO2qcgNwSJAHwfR9g,Cni2l-VKG_pdospJ6xliXQ,"""Burger Bar""",The Strip,5
rSUD64fcfKhbDv9_J2-DxQ,Cni2l-VKG_pdospJ6xliXQ,"""Burger Bar""",The Strip,5
3YoUW3XV6bXlL-o-lCdlKQ,pKk7jCFIm96qDdk0laVT2w,"""StripSteak""",The Strip,5
czJjUvuzfil0agvji1C6qA,7fxebHYUwIF6CakxSr70iQ,"""Carnevino""",The Strip,4
8eJyEKD2eqWRISu76p7cjA,7fxebHYUwIF6CakxSr70iQ,"""Carnevino""",The Strip,1
RbMta8rXN3nBaKbloDWeng,u-67zd1ImTv3EEr5kIdWrA,"""House of Blues - Music Venue""",The Strip,3
9kVoC6zbIScuXWsw4OIsTg,Cni2l-VKG_pdospJ6xliXQ,"""Burger Bar""",The Strip,5
VSrYiB1pnWAIBogGxe2w1A,pKk7jCFIm96qDdk0laVT2w,"""StripSteak""",The Strip,4
rBr-dKg-gZm3hTBXgZ76uQ,Cni2l-VKG_pdospJ6xliXQ,"""Burger Bar""",The Strip,5
DgrkaxfNoMP1nGGrDcpkOw,pKk7jCFIm96qDdk0laVT2w,"""StripSteak""",The Strip,4
8Ox2EA8A7FVSzVEM3TRn7Q,pik4ebdFa0UcUhnNkivFcg,"""Carmine's Italian Restaurant - Las Vegas""",The Strip,2
LPkh_eURB6fOA1w7GSf1qA,Cni2l-VKG_pdospJ6xliXQ,"""Burger Bar""",The Strip,5
DAvrtfdKcTrROSNnCD6fYw,Cni2l-VKG_pdospJ6xliXQ,"""Burger Bar""",The Strip,4
gOt3ewsNURmQt3g6nt55kg,u-67zd1ImTv3EEr5kIdWrA,"""House of Blues - Music Venue""",The Strip,5
9Hcm6Sz-YEGTZzVYmlnQog,7fxebHYUwIF6CakxSr70iQ,"""Carnevino""",The Strip,4
qVtl0JT4vZliuI3VZLmJ7g,pKk7jCFIm96qDdk0laVT2w,"""StripSteak""",The Strip,4
tRIHlMbHe4Hsg-ubVLg8Ow,7fxebHYUwIF6CakxSr70iQ,"""Carnevino""",The Strip,5
06VPkhNbac6QAbJ87_2irA,Cni2l-VKG_pdospJ6xliXQ,"""Burger Bar""",The Strip,4
APlf7la-CsrfapWqw798Tg,u-67zd1ImTv3EEr5kIdWrA,"""House of Blues - Music Venue""",The Strip,5
1co-llB7W6ydEObKuoyH5A,CCRgGKhzxSpl38w7yhqKUw,"""Noodles""",The Strip,3
Hb6LUSM-JH5JV5jV3GqVoQ,Cni2l-VKG_pdospJ6xliXQ,"""Burger Bar""",The Strip,4
6Zyt_YrA10anHT4s-uWf7A,Cni2l-VKG_pdospJ6xliXQ,"""Burger Bar""",The Strip,1
2vPcyj_8Lyyten_HhRJt-Q,Cni2l-VKG_pdospJ6xliXQ,"""Burger Bar""",The Strip,5
nh6mz0rxuGu3SAyf5ij-sA,pKk7jCFIm96qDdk0laVT2w,"""StripSteak""",The Strip,5
Es4bEXX-X_ZqgsgCqzPN5Q,7fxebHYUwIF6CakxSr70iQ,"""Carnevino""",The Strip,1
1c3L0N87vCKTG2M3XgQCVQ,Cni2l-VKG_pdospJ6xliXQ,"""Burger Bar""",The Strip,3
7B_h1fLcuEd3LQqKqQZCLg,pik4ebdFa0UcUhnNkivFcg,"""Carmine's Italian Restaurant - Las Vegas""",The Strip,4
Xy6iRr-bcxssG8lOY0tRnQ,pKk7jCFIm96qDdk0laVT2w,"""StripSteak""",The Strip,5
NknWFPAxaGxx_OJIEYVXWA,pKk7jCFIm96qDdk0laVT2w,"""StripSteak""",The Strip,4
piuChu3C8l8En3WNlg6BuQ,7fxebHYUwIF6CakxSr70iQ,"""Carnevino""",The Strip,5
piuChu3C8l8En3WNlg6BuQ,Cni2l-VKG_pdospJ6xliXQ,"""Burger Bar""",The Strip,5
LHXhYiylELmDa-PHE9AL_Q,u-67zd1ImTv3EEr5kIdWrA,"""House of Blues - Music Venue""",The Strip,3
FPTowq9-AQtNQZzciYFLbQ,Cni2l-VKG_pdospJ6xliXQ,"""Burger Bar""",The Strip,5
pJUzdorsC5BpC3q5ECi4Lg,7fxebHYUwIF6CakxSr70iQ,"""Carnevino""",The Strip,4
nJzPqTvckM4G5LkR1eCxRw,7fxebHYUwIF6CakxSr70iQ,"""Carnevino""",The Strip,3
Jk7sjPeIFcaGO3IJOOQ1Pg,Cni2l-VKG_pdospJ6xliXQ,"""Burger Bar""",The Strip,3
HagJ2TbkL62QX4IlUPsAaA,pKk7jCFIm96qDdk0laVT2w,"""StripSteak""",The Strip,5
st0BO3TE5ZlwcJngc2l3sA,7fxebHYUwIF6CakxSr70iQ,"""Carnevino""",The Strip,1
Xlb-Hxrvkfyadnkmk5hrgw,pKk7jCFIm96qDdk0laVT2w,"""StripSteak""",The Strip,5
Xlb-Hxrvkfyadnkmk5hrgw,u-67zd1ImTv3EEr5kIdWrA,"""House of Blues - Music Venue""",The Strip,4
aVxhrgATiKhrLK8Y2Tyj9g,Cni2l-VKG_pdospJ6xliXQ,"""Burger Bar""",The Strip,4
t4e9kQghUHuoEIhxyauIVg,7fxebHYUwIF6CakxSr70iQ,"""Carnevino""",The Strip,1
N3oNEwh0qgPqPP3Em6wJXw,pKk7jCFIm96qDdk0laVT2w,"""StripSteak""",The Strip,4
3Tgx2n1f5rKxY3CCPUdMog,u-67zd1ImTv3EEr5kIdWrA,"""House of Blues - Music Venue""",The Strip,5
6gp-_PQXPxnakUA0-KVs2A,7fxebHYUwIF6CakxSr70iQ,"""Carnevino""",The Strip,5
fYTamBVBQn1ov12OhhJ4vg,pKk7jCFIm96qDdk0laVT2w,"""StripSteak""",The Strip,5
h2vFChc8YRdKVnTwafM3Pg,pik4ebdFa0UcUhnNkivFcg,"""Carmine's Italian Restaurant - Las Vegas""",The Strip,5
i_M9WUezDJnsijR2aHXpCQ,pik4ebdFa0UcUhnNkivFcg,"""Carmine's Italian Restaurant - Las Vegas""",The Strip,5
_BBFY6sBot2j1iY-UDfdxg,Cni2l-VKG_pdospJ6xliXQ,"""Burger Bar""",The Strip,3
6sgJfHy6lUY9xWP7uCMA3Q,Cni2l-VKG_pdospJ6xliXQ,"""Burger Bar""",The Strip,4
Ki63sCyQGGUSksbFK6SRQQ,7fxebHYUwIF6CakxSr70iQ,"""Carnevino""",The Strip,4
CPJe84zpcoVQ2giQJEbdoQ,7fxebHYUwIF6CakxSr70iQ,"""Carnevino""",The Strip,5
3smtc_vEKvsJHwwtl3EqbQ,CCRgGKhzxSpl38w7yhqKUw,"""Noodles""",The Strip,1
7iu3GFxhc0IdKN6sAiyn6Q,u-67zd1ImTv3EEr5kIdWrA,"""House of Blues - Music Venue""",The Strip,4
OpzqHzqod7FZusRzin5KRg,Cni2l-VKG_pdospJ6xliXQ,"""Burger Bar""",The Strip,4
GqegyYM09y5DDtNzeFTWkQ,u-67zd1ImTv3EEr5kIdWrA,"""House of Blues - Music Venue""",The Strip,4
TME7TykXlssIn-v8GkOoBA,CCRgGKhzxSpl38w7yhqKUw,"""Noodles""",The Strip,1
ELKjd3lZbqKtuAgtX7r_HQ,CCRgGKhzxSpl38w7yhqKUw,"""Noodles""",The Strip,3
4_x6qrBcYNhXwWm9UZBUOg,Cni2l-VKG_pdospJ6xliXQ,"""Burger Bar""",The Strip,5
oXViu1-A5BVXy-tuJQ6erQ,pKk7jCFIm96qDdk0laVT2w,"""StripSteak""",The Strip,4
6zivd0TMVJN4wYqMpwveRg,CCRgGKhzxSpl38w7yhqKUw,"""Noodles""",The Strip,4
v6J_GeMsl6XTT-ZsV6ApHA,Cni2l-VKG_pdospJ6xliXQ,"""Burger Bar""",The Strip,3
2KngCXOz9cq1wQdl1b57WA,pKk7jCFIm96qDdk0laVT2w,"""StripSteak""",The Strip,4
bQAFfG-DGRMaH0XugJJt1Q,7fxebHYUwIF6CakxSr70iQ,"""Carnevino""",The Strip,5
rxkMt0Jz-GguUtco7aAadg,pKk7jCFIm96qDdk0laVT2w,"""StripSteak""",The Strip,2
tD6a8AI7q__4COb_hhHc9w,CCRgGKhzxSpl38w7yhqKUw,"""Noodles""",The Strip,3
TY7QgNKJEhvo1zCULlT9Rg,7fxebHYUwIF6CakxSr70iQ,"""Carnevino""",The Strip,2
iplE0RwOqAHBumz5HwXiTQ,pKk7jCFIm96qDdk0laVT2w,"""StripSteak""",The Strip,4
ienOKBJoatlAcwVeKxlDJQ,u-67zd1ImTv3EEr5kIdWrA,"""House of Blues - Music Venue""",The Strip,3
oJXh6bJfAM7krX5MyxCf7w,Cni2l-VKG_pdospJ6xliXQ,"""Burger Bar""",The Strip,2
Z0G_mRsTgfOLOnjjRBRnbw,pKk7jCFIm96qDdk0laVT2w,"""StripSteak""",The Strip,5
ZLkTG-Q92w-EXKzwkGTmYw,Cni2l-VKG_pdospJ6xliXQ,"""Burger Bar""",The Strip,3
7XalXutU9tlKqJvdXv3egQ,Cni2l-VKG_pdospJ6xliXQ,"""Burger Bar""",The Strip,4
Ai0sHh-hU3tEcFSWJM0I5g,7fxebHYUwIF6CakxSr70iQ,"""Carnevino""",The Strip,1
PgrCdD3iPgYzXxO8QsMnew,Cni2l-VKG_pdospJ6xliXQ,"""Burger Bar""",The Strip,5
-z0y9RqlX1GaOe9BU29Zpg,Cni2l-VKG_pdospJ6xliXQ,"""Burger Bar""",The Strip,5
fprp37KruVZBUjfnCDKVog,pik4ebdFa0UcUhnNkivFcg,"""Carmine's Italian Restaurant - Las Vegas""",The Strip,5
OPN-dDUBkH7uH-G8nOnskg,pKk7jCFIm96qDdk0laVT2w,"""StripSteak""",The Strip,5
c8BOieUiZI4xbwXXDUOFCQ,Cni2l-VKG_pdospJ6xliXQ,"""Burger Bar""",The Strip,5
h1rg3nzy0W5B-ewTIn4waw,7fxebHYUwIF6CakxSr70iQ,"""Carnevino""",The Strip,4
29cwCgCiTFAU2v0Pti9hAw,pKk7jCFIm96qDdk0laVT2w,"""StripSteak""",The Strip,5
_0bpfpVYYbnqN_NBJNXudQ,pik4ebdFa0UcUhnNkivFcg,"""Carmine's Italian Restaurant - Las Vegas""",The Strip,4
uPOidT0L-W5GwBJkz54edw,7fxebHYUwIF6CakxSr70iQ,"""Carnevino""",The Strip,3
uPOidT0L-W5GwBJkz54edw,Cni2l-VKG_pdospJ6xliXQ,"""Burger Bar""",The Strip,5
z4-tDAEDzp5hadyscWkMgg,u-67zd1ImTv3EEr5kIdWrA,"""House of Blues - Music Venue""",The Strip,2
PQjAWwU245oa9atM-B-x-g,u-67zd1ImTv3EEr5kIdWrA,"""House of Blues - Music Venue""",The Strip,5
st5rpCdvHaBJ6XW7axsRfA,pKk7jCFIm96qDdk0laVT2w,"""StripSteak""",The Strip,2
4CRZW2-hxRVw4MG_PO2p4w,pik4ebdFa0UcUhnNkivFcg,"""Carmine's Italian Restaurant - Las Vegas""",The Strip,4
u8MAear-ZbZHTPUp7SKLZQ,pKk7jCFIm96qDdk0laVT2w,"""StripSteak""",The Strip,5
qDDdTKjQMEqffaeNVs47dw,Cni2l-VKG_pdospJ6xliXQ,"""Burger Bar""",The Strip,5
lCYC5Ei9tIFBaW1AQfRu7A,u-67zd1ImTv3EEr5kIdWrA,"""House of Blues - Music Venue""",The Strip,5
WANhIVSoD5oIIu2LfKx5Ig,Cni2l-VKG_pdospJ6xliXQ,"""Burger Bar""",The Strip,1
ldkOeC_ionczQdTTv7954g,pKk7jCFIm96qDdk0laVT2w,"""StripSteak""",The Strip,5
fccMIyBd6ZhFUVAhvSqsrw,u-67zd1ImTv3EEr5kIdWrA,"""House of Blues - Music Venue""",The Strip,5
fccMIyBd6ZhFUVAhvSqsrw,Cni2l-VKG_pdospJ6xliXQ,"""Burger Bar""",The Strip,5
Jnhcs0GotxoXfH2fb1lKvg,Cni2l-VKG_pdospJ6xliXQ,"""Burger Bar""",The Strip,5
zrjPAqOfZtygjOCz3wQwrQ,pik4ebdFa0UcUhnNkivFcg,"""Carmine's Italian Restaurant - Las Vegas""",The Strip,5
NwA8f5V6KBLZUQVv8lbuPA,Cni2l-VKG_pdospJ6xliXQ,"""Burger Bar""",The Strip,5
bx6AcusVzV17KMX8i5J2XQ,Cni2l-VKG_pdospJ6xliXQ,"""Burger Bar""",The Strip,4
eMOpOLfR1Zz5tfHUlzMp_w,Cni2l-VKG_pdospJ6xliXQ,"""Burger Bar""",The Strip,4
9dW_06DY4FYUbyRdXSGGng,7fxebHYUwIF6CakxSr70iQ,"""Carnevino""",The Strip,4
Wez_YoTdzSxsBWPvx-leaA,7fxebHYUwIF6CakxSr70iQ,"""Carnevino""",The Strip,5
fWRbagBDErc7W7VexglndQ,pKk7jCFIm96qDdk0laVT2w,"""StripSteak""",The Strip,2
kvqaPWOKxyMN-yU8KSr-Rg,pKk7jCFIm96qDdk0laVT2w,"""StripSteak""",The Strip,5
mDE-5kLLbwEPl04AMRARTA,u-67zd1ImTv3EEr5kIdWrA,"""House of Blues - Music Venue""",The Strip,4
mCtbnY3HVLUmb91ADNPczQ,7fxebHYUwIF6CakxSr70iQ,"""Carnevino""",The Strip,5
REWd6yU-wy8LPJOQgd_DxQ,Cni2l-VKG_pdospJ6xliXQ,"""Burger Bar""",The Strip,3
Jbd1x8jj3EgOkQMZ3RImKw,Cni2l-VKG_pdospJ6xliXQ,"""Burger Bar""",The Strip,4
nVaLnWgDeoNMYNIPddansg,pKk7jCFIm96qDdk0laVT2w,"""StripSteak""",The Strip,5
Q7dSwttZ50TZr7rkf9h1Zg,Cni2l-VKG_pdospJ6xliXQ,"""Burger Bar""",The Strip,2
Hb6LUSM-JH5JV5jV3GqVoQ,pKk7jCFIm96qDdk0laVT2w,"""StripSteak""",The Strip,4
DkP-AieJSBYjCaediBplpA,pik4ebdFa0UcUhnNkivFcg,"""Carmine's Italian Restaurant - Las Vegas""",The Strip,5
BpA_yC6Kx_UeRbduV5wCpA,Cni2l-VKG_pdospJ6xliXQ,"""Burger Bar""",The Strip,5
W-La-8pnqIYBk2eyfoA4Gw,CCRgGKhzxSpl38w7yhqKUw,"""Noodles""",The Strip,3
SEi-ECjbwRug5pzfzF9l0w,Cni2l-VKG_pdospJ6xliXQ,"""Burger Bar""",The Strip,4
WjbspISJ4v27_TUWJYUtbg,CCRgGKhzxSpl38w7yhqKUw,"""Noodles""",The Strip,2
sYDbtnEi4CZcrF-HayLAKA,pik4ebdFa0UcUhnNkivFcg,"""Carmine's Italian Restaurant - Las Vegas""",The Strip,4
WvKUNhsTdO1xoC48prLfuQ,7fxebHYUwIF6CakxSr70iQ,"""Carnevino""",The Strip,2
xf9O7h-ReiTVmp-R00En5w,7fxebHYUwIF6CakxSr70iQ,"""Carnevino""",The Strip,5
XLNaiWF21OsAf0fMV6kuSg,Cni2l-VKG_pdospJ6xliXQ,"""Burger Bar""",The Strip,3
jKPxKSpH22Vn5UXn7cOqKw,7fxebHYUwIF6CakxSr70iQ,"""Carnevino""",The Strip,3
URXIYkA035I8e27S1G7H4A,Cni2l-VKG_pdospJ6xliXQ,"""Burger Bar""",The Strip,4
uHZxYHgjxhXY7PS6g2rFsA,pKk7jCFIm96qDdk0laVT2w,"""StripSteak""",The Strip,4
ix_tXZM570tHdTdwsAhkqw,u-67zd1ImTv3EEr5kIdWrA,"""House of Blues - Music Venue""",The Strip,4
ix_tXZM570tHdTdwsAhkqw,pKk7jCFIm96qDdk0laVT2w,"""StripSteak""",The Strip,5
ZQYNombDho1PYfnEWFZevw,pKk7jCFIm96qDdk0laVT2w,"""StripSteak""",The Strip,5
O_wgnKu47mjUh30xq_anqw,Cni2l-VKG_pdospJ6xliXQ,"""Burger Bar""",The Strip,4
zzr6MQqGgjkAEu6yTDK_TQ,u-67zd1ImTv3EEr5kIdWrA,"""House of Blues - Music Venue""",The Strip,2
DprZw-Y4pf3bcp8AzGBLYQ,Cni2l-VKG_pdospJ6xliXQ,"""Burger Bar""",The Strip,3
LqtL0PAaSlxwGeKeJg7F-A,Cni2l-VKG_pdospJ6xliXQ,"""Burger Bar""",The Strip,5
G4MjUY-PRI8-u7PHShUCYA,7fxebHYUwIF6CakxSr70iQ,"""Carnevino""",The Strip,3
jbFZT0FkPbbOQEG5A6LNFQ,7fxebHYUwIF6CakxSr70iQ,"""Carnevino""",The Strip,5
OgBVeALFaqAD5Wuxs0837A,Cni2l-VKG_pdospJ6xliXQ,"""Burger Bar""",The Strip,5
G5LXEaxhQMF_BVjNHkVr7g,CCRgGKhzxSpl38w7yhqKUw,"""Noodles""",The Strip,4
4XEpgquBsc5PiSKpcrbbWg,7fxebHYUwIF6CakxSr70iQ,"""Carnevino""",The Strip,5
wtUwFJFfFBJ4FR59QcptHA,Cni2l-VKG_pdospJ6xliXQ,"""Burger Bar""",The Strip,4
MqnoT_Z9qjnBlwcS_GjLMA,Cni2l-VKG_pdospJ6xliXQ,"""Burger Bar""",The Strip,4
xnLeye-9jkIDX_jspSjQrA,Cni2l-VKG_pdospJ6xliXQ,"""Burger Bar""",The Strip,2
QljKnMBirKiYVtmr2S5UsQ,u-67zd1ImTv3EEr5kIdWrA,"""House of Blues - Music Venue""",The Strip,5
PomQayG1WhMxeSl1zohAUA,pKk7jCFIm96qDdk0laVT2w,"""StripSteak""",The Strip,4
PomQayG1WhMxeSl1zohAUA,7fxebHYUwIF6CakxSr70iQ,"""Carnevino""",The Strip,5
1H_dFThL-mPlCAqgOWN6JQ,pik4ebdFa0UcUhnNkivFcg,"""Carmine's Italian Restaurant - Las Vegas""",The Strip,3
GI8jtJcMoye-WqXUH4dVHw,7fxebHYUwIF6CakxSr70iQ,"""Carnevino""",The Strip,5
JumU1enAh-hYo0dYW43gUg,u-67zd1ImTv3EEr5kIdWrA,"""House of Blues - Music Venue""",The Strip,5
5maHojUq0dFZCpgRg3itDA,CCRgGKhzxSpl38w7yhqKUw,"""Noodles""",The Strip,4
hyIGLrzgG3Bbe1ue73ZM_w,7fxebHYUwIF6CakxSr70iQ,"""Carnevino""",The Strip,3
jCm4gMf5r9cZKL3OhETUUw,7fxebHYUwIF6CakxSr70iQ,"""Carnevino""",The Strip,3
3CHJk5k323U6UZ-MKVkTdw,7fxebHYUwIF6CakxSr70iQ,"""Carnevino""",The Strip,4
LCSlP0CPOpbHml5qR5fK-Q,u-67zd1ImTv3EEr5kIdWrA,"""House of Blues - Music Venue""",The Strip,2
EWEMvfAA09iHJUte8F-cNw,Cni2l-VKG_pdospJ6xliXQ,"""Burger Bar""",The Strip,4
fnJCb62UstXDsvEJxqP0mg,CCRgGKhzxSpl38w7yhqKUw,"""Noodles""",The Strip,4
rqMYol4ZfvLm9WmIMtV4IA,CCRgGKhzxSpl38w7yhqKUw,"""Noodles""",The Strip,3
x0gMGfawXFEY-ocsW-kTsQ,Cni2l-VKG_pdospJ6xliXQ,"""Burger Bar""",The Strip,4
oMiiGnUgXIbHaE5Canxm5Q,Cni2l-VKG_pdospJ6xliXQ,"""Burger Bar""",The Strip,4
8p4w0obQ4tBStWw13omWig,CCRgGKhzxSpl38w7yhqKUw,"""Noodles""",The Strip,1
9F27hv0LCnbJrrXrwoWAGQ,Cni2l-VKG_pdospJ6xliXQ,"""Burger Bar""",The Strip,5
3xuctd8CfSj-4z3TCAMgmQ,7fxebHYUwIF6CakxSr70iQ,"""Carnevino""",The Strip,3
0LTe8v53cPUdGAsvdWBI5Q,Cni2l-VKG_pdospJ6xliXQ,"""Burger Bar""",The Strip,5
-XouWRfq24qMx37oJcXXmg,u-67zd1ImTv3EEr5kIdWrA,"""House of Blues - Music Venue""",The Strip,3
-XouWRfq24qMx37oJcXXmg,Cni2l-VKG_pdospJ6xliXQ,"""Burger Bar""",The Strip,5
PfQqUcmzV2U000EbYmsDkw,u-67zd1ImTv3EEr5kIdWrA,"""House of Blues - Music Venue""",The Strip,2
FLnezz8xtPAP1c4-RHfREw,Cni2l-VKG_pdospJ6xliXQ,"""Burger Bar""",The Strip,4
ssxluwhq_AFkJDcfZWtonA,Cni2l-VKG_pdospJ6xliXQ,"""Burger Bar""",The Strip,4
V6_ngZmpk4Lj_xjEeH5L4w,Cni2l-VKG_pdospJ6xliXQ,"""Burger Bar""",The Strip,3
acF0Prc1ZMBd9rgEv70eYA,CCRgGKhzxSpl38w7yhqKUw,"""Noodles""",The Strip,2
MyRkSyp5BwHqfu58FZ6Iyw,Cni2l-VKG_pdospJ6xliXQ,"""Burger Bar""",The Strip,4
-wFe4uwbK_vkqbl0SHP2rg,Cni2l-VKG_pdospJ6xliXQ,"""Burger Bar""",The Strip,5
rQRljHQtNSdZlaEBqkUY5w,pKk7jCFIm96qDdk0laVT2w,"""StripSteak""",The Strip,5
dvFGnnfiOvgz50HkF0l5Mw,Cni2l-VKG_pdospJ6xliXQ,"""Burger Bar""",The Strip,4
zIcBCceMc1XTlUdCn-rtNw,7fxebHYUwIF6CakxSr70iQ,"""Carnevino""",The Strip,5
pzMvoRhpuwwC3jHZtZSCeg,Cni2l-VKG_pdospJ6xliXQ,"""Burger Bar""",The Strip,4
kHGRDaZt4nHgNSJcjOTDeQ,CCRgGKhzxSpl38w7yhqKUw,"""Noodles""",The Strip,3
qDhRAryB7gYW6WwUJTwrvg,7fxebHYUwIF6CakxSr70iQ,"""Carnevino""",The Strip,5
D9Xvq8fwDNyxBCK8gjIdFA,pKk7jCFIm96qDdk0laVT2w,"""StripSteak""",The Strip,4
H-b7oAtGX_Q-Qd3auPX5HQ,pKk7jCFIm96qDdk0laVT2w,"""StripSteak""",The Strip,5
vWwjNrAg3G7dxnPwiHtxdQ,pik4ebdFa0UcUhnNkivFcg,"""Carmine's Italian Restaurant - Las Vegas""",The Strip,5
LEQQqGzow9bIRtfMu6sl3g,CCRgGKhzxSpl38w7yhqKUw,"""Noodles""",The Strip,2
y8newlV0NHKeyD73upTT5w,Cni2l-VKG_pdospJ6xliXQ,"""Burger Bar""",The Strip,1
YUMRAqC216mI4P1dSH-BHA,Cni2l-VKG_pdospJ6xliXQ,"""Burger Bar""",The Strip,3
Ytc2SvfE8jmLDX2Cs_62xA,7fxebHYUwIF6CakxSr70iQ,"""Carnevino""",The Strip,4
WhAJCrMwgaT2KB3EASCmTQ,7fxebHYUwIF6CakxSr70iQ,"""Carnevino""",The Strip,5
HCPpzzWzdFLIhJHNNgCheQ,pKk7jCFIm96qDdk0laVT2w,"""StripSteak""",The Strip,5
riETmgv8NnaNfTWhXc-XDA,Cni2l-VKG_pdospJ6xliXQ,"""Burger Bar""",The Strip,4
sVy5pmUN2J0sE2AzmgoBvw,Cni2l-VKG_pdospJ6xliXQ,"""Burger Bar""",The Strip,4
TzKcTlp25bazvKCpjp_5Ig,7fxebHYUwIF6CakxSr70iQ,"""Carnevino""",The Strip,4
LKmYMGm33ht-KeylECYDLw,Cni2l-VKG_pdospJ6xliXQ,"""Burger Bar""",The Strip,3
PiorsSWlbadMTfsJEn9u3A,7fxebHYUwIF6CakxSr70iQ,"""Carnevino""",The Strip,5
Iwy7RjBLfE8rYrV0kfyp0w,CCRgGKhzxSpl38w7yhqKUw,"""Noodles""",The Strip,4
n9DJHwgYflQ_ms8gBU37Wg,7fxebHYUwIF6CakxSr70iQ,"""Carnevino""",The Strip,4
P0rGN5mDue55uIiAzkrRlw,pik4ebdFa0UcUhnNkivFcg,"""Carmine's Italian Restaurant - Las Vegas""",The Strip,4
siBixDijzRwzPvCvzFLHTw,7fxebHYUwIF6CakxSr70iQ,"""Carnevino""",The Strip,5
2wfU9DHb_VsEt3P0sC0sWw,pKk7jCFIm96qDdk0laVT2w,"""StripSteak""",The Strip,4
1kDZtcjHT9JFOOrNXXP3Lw,Cni2l-VKG_pdospJ6xliXQ,"""Burger Bar""",The Strip,4
O3HAFKDyxF2sLQ33AJASOQ,CCRgGKhzxSpl38w7yhqKUw,"""Noodles""",The Strip,3
JP1S2BmA6nLoFmrrNtokWw,7fxebHYUwIF6CakxSr70iQ,"""Carnevino""",The Strip,5
qq7IXff2cLdaTFw42wpgQg,7fxebHYUwIF6CakxSr70iQ,"""Carnevino""",The Strip,4
VxfIIW2Tyj5-VffIQITP2g,pik4ebdFa0UcUhnNkivFcg,"""Carmine's Italian Restaurant - Las Vegas""",The Strip,4
8LpVFKp0g97Cp3xusJMZGg,pKk7jCFIm96qDdk0laVT2w,"""StripSteak""",The Strip,3
z_9oeZ5aN8g8AzPNENht8w,7fxebHYUwIF6CakxSr70iQ,"""Carnevino""",The Strip,5
jbtPzPEdL7mE8cD5JKyTTA,u-67zd1ImTv3EEr5kIdWrA,"""House of Blues - Music Venue""",The Strip,2
LNPyE5X1K5B_flcTCH9StQ,Cni2l-VKG_pdospJ6xliXQ,"""Burger Bar""",The Strip,3
g7BVhNukAjCVvaWmt7I1wg,u-67zd1ImTv3EEr5kIdWrA,"""House of Blues - Music Venue""",The Strip,5
QnCWtjNiSIRXxSWujG8oBQ,Cni2l-VKG_pdospJ6xliXQ,"""Burger Bar""",The Strip,3
M-OyDg7UU0RKJh70GkDuHQ,pKk7jCFIm96qDdk0laVT2w,"""StripSteak""",The Strip,2
M-OyDg7UU0RKJh70GkDuHQ,Cni2l-VKG_pdospJ6xliXQ,"""Burger Bar""",The Strip,5
ytuNKZ1Etk6xtc4lwjWJFw,7fxebHYUwIF6CakxSr70iQ,"""Carnevino""",The Strip,5
HWiLPQ9FUr_0tfjtZs7Tnw,pik4ebdFa0UcUhnNkivFcg,"""Carmine's Italian Restaurant - Las Vegas""",The Strip,4
OwWOl11P1Dg6qP_vEiXHQw,u-67zd1ImTv3EEr5kIdWrA,"""House of Blues - Music Venue""",The Strip,2
8Ezl4ef9w-erm8AnON1hpQ,pik4ebdFa0UcUhnNkivFcg,"""Carmine's Italian Restaurant - Las Vegas""",The Strip,4
_PogIvICTS-uaZLXLX-OnQ,Cni2l-VKG_pdospJ6xliXQ,"""Burger Bar""",The Strip,5
p11hH16uwioYBzRNWGhaTA,pik4ebdFa0UcUhnNkivFcg,"""Carmine's Italian Restaurant - Las Vegas""",The Strip,1
ZSvQE5wGWaIENs0ybmT7yQ,Cni2l-VKG_pdospJ6xliXQ,"""Burger Bar""",The Strip,5
uCNo-Hk4Kqid4MMAqQxk_g,pKk7jCFIm96qDdk0laVT2w,"""StripSteak""",The Strip,4
pU6GoRTcl1rIOi6zMynjog,pKk7jCFIm96qDdk0laVT2w,"""StripSteak""",The Strip,4
3Riuwx_9xYhuqu0y1cuSFg,pKk7jCFIm96qDdk0laVT2w,"""StripSteak""",The Strip,2
9GrOIGO_KSYOhioNCbxqog,Cni2l-VKG_pdospJ6xliXQ,"""Burger Bar""",The Strip,4
3nPw1uhSLDDhq1YeLrMUxA,pKk7jCFIm96qDdk0laVT2w,"""StripSteak""",The Strip,5
8OeTLey-p-WaL9ErNEci1Q,u-67zd1ImTv3EEr5kIdWrA,"""House of Blues - Music Venue""",The Strip,3
p1r7rZYruZR92x1A649PTQ,pKk7jCFIm96qDdk0laVT2w,"""StripSteak""",The Strip,5
chEGmPkCg5q98L0Fx7jW3Q,7fxebHYUwIF6CakxSr70iQ,"""Carnevino""",The Strip,1
MKnSdSqgJZvbYZ-WhvZPAg,CCRgGKhzxSpl38w7yhqKUw,"""Noodles""",The Strip,1
tM5a-XOHVHEexc26H_euPA,CCRgGKhzxSpl38w7yhqKUw,"""Noodles""",The Strip,4
9xlwSCtOABq2CuzY_REQpw,Cni2l-VKG_pdospJ6xliXQ,"""Burger Bar""",The Strip,4
KFWOn7x19RmrO6kzTJYmrQ,u-67zd1ImTv3EEr5kIdWrA,"""House of Blues - Music Venue""",The Strip,4
kLQmqXOB3-71jR6STtVZ2A,7fxebHYUwIF6CakxSr70iQ,"""Carnevino""",The Strip,4
kLQmqXOB3-71jR6STtVZ2A,pKk7jCFIm96qDdk0laVT2w,"""StripSteak""",The Strip,4
kLQmqXOB3-71jR6STtVZ2A,Cni2l-VKG_pdospJ6xliXQ,"""Burger Bar""",The Strip,4
G2ECYNE3KX-Rd-2D3aeZVw,u-67zd1ImTv3EEr5kIdWrA,"""House of Blues - Music Venue""",The Strip,1
5hHB4TfSxrvHWqkBiEAxvA,Cni2l-VKG_pdospJ6xliXQ,"""Burger Bar""",The Strip,4
3-BonIKcsG9OMXmxZzQP2Q,u-67zd1ImTv3EEr5kIdWrA,"""House of Blues - Music Venue""",The Strip,4
Z92_QN_S1WCNABRFX4A91w,7fxebHYUwIF6CakxSr70iQ,"""Carnevino""",The Strip,4
HJj82f-csBI7jjgenwqhvw,u-67zd1ImTv3EEr5kIdWrA,"""House of Blues - Music Venue""",The Strip,3
q6-_PZS-Ro44-6xpuL1Vdw,pKk7jCFIm96qDdk0laVT2w,"""StripSteak""",The Strip,1
-QViqz6QGfMLUYLY73lysg,u-67zd1ImTv3EEr5kIdWrA,"""House of Blues - Music Venue""",The Strip,4
__ib13EKnfQAT9j8haTItQ,pKk7jCFIm96qDdk0laVT2w,"""StripSteak""",The Strip,5
RHR_Fahrir7jWnye2lL_IQ,7fxebHYUwIF6CakxSr70iQ,"""Carnevino""",The Strip,2
J0P6Fnwo2ADG5S1mRoDSYw,pik4ebdFa0UcUhnNkivFcg,"""Carmine's Italian Restaurant - Las Vegas""",The Strip,5
CbcYWghJxVnIYSHHGojzuw,Cni2l-VKG_pdospJ6xliXQ,"""Burger Bar""",The Strip,3
GSTf4SKV1HjZBfWFapea0Q,Cni2l-VKG_pdospJ6xliXQ,"""Burger Bar""",The Strip,2
8fsZcLADFrPTbGrFqMACpg,pKk7jCFIm96qDdk0laVT2w,"""StripSteak""",The Strip,4
wFk5djOJreGPy8j-C-mXew,pKk7jCFIm96qDdk0laVT2w,"""StripSteak""",The Strip,4
58w7YA4li04e3cOw3BKbUQ,pKk7jCFIm96qDdk0laVT2w,"""StripSteak""",The Strip,5
qqXt2IuBdf1Qm0jjk8Trqg,Cni2l-VKG_pdospJ6xliXQ,"""Burger Bar""",The Strip,1
U1Fb3N1tVaODu-OWdLufYg,7fxebHYUwIF6CakxSr70iQ,"""Carnevino""",The Strip,5
-ApvB2uyNYkLCvSfwgLF7g,7fxebHYUwIF6CakxSr70iQ,"""Carnevino""",The Strip,5
utBlxXoHV9NeCedXh9LZ0A,u-67zd1ImTv3EEr5kIdWrA,"""House of Blues - Music Venue""",The Strip,5
FY210h7InzLHIwmkcFC5uw,pKk7jCFIm96qDdk0laVT2w,"""StripSteak""",The Strip,5
NNgQ8fV5ARQgHw-Ob7l50A,Cni2l-VKG_pdospJ6xliXQ,"""Burger Bar""",The Strip,5
PrVfhaFCVoLHi-wgk-3euQ,Cni2l-VKG_pdospJ6xliXQ,"""Burger Bar""",The Strip,5
ytt3wTHFAX6pNby6F6sg_Q,Cni2l-VKG_pdospJ6xliXQ,"""Burger Bar""",The Strip,5
AlhKf86Mw9ZTd21XrOrF-w,7fxebHYUwIF6CakxSr70iQ,"""Carnevino""",The Strip,5
ytFAbq2NLRXzAyxvTDJOsw,Cni2l-VKG_pdospJ6xliXQ,"""Burger Bar""",The Strip,1
v-fb6sYqLQBhbDnpSrZeWg,Cni2l-VKG_pdospJ6xliXQ,"""Burger Bar""",The Strip,4
PAmYtNeU_cVjcfWRF7opVA,Cni2l-VKG_pdospJ6xliXQ,"""Burger Bar""",The Strip,4
XkF3_q7-ZCX8xGRsWOzRSQ,Cni2l-VKG_pdospJ6xliXQ,"""Burger Bar""",The Strip,5
oVbgdafYVDPAi_p6ESDaAw,CCRgGKhzxSpl38w7yhqKUw,"""Noodles""",The Strip,1
0P2K-_MBOdTe2xw028g5_A,Cni2l-VKG_pdospJ6xliXQ,"""Burger Bar""",The Strip,5
cMEtAiW60I5wE_vLfTxoJQ,u-67zd1ImTv3EEr5kIdWrA,"""House of Blues - Music Venue""",The Strip,3
rqi-goLoeA28NJOnLVCyUg,pKk7jCFIm96qDdk0laVT2w,"""StripSteak""",The Strip,1
BQmXaFOj7aJKJzIny5B0gA,Cni2l-VKG_pdospJ6xliXQ,"""Burger Bar""",The Strip,2
yzns786Ro92mmBfzvKCGSw,CCRgGKhzxSpl38w7yhqKUw,"""Noodles""",The Strip,4
h07Tq-a4IeMXlNMZCXAzAg,u-67zd1ImTv3EEr5kIdWrA,"""House of Blues - Music Venue""",The Strip,2
APmgGSugxZWucNp5nM9p1g,u-67zd1ImTv3EEr5kIdWrA,"""House of Blues - Music Venue""",The Strip,1
5IBBZS7EvG4yZBrxvqsH3A,u-67zd1ImTv3EEr5kIdWrA,"""House of Blues - Music Venue""",The Strip,5
JW-2Ir5i7shwzY7sexkuhw,CCRgGKhzxSpl38w7yhqKUw,"""Noodles""",The Strip,3
YoRAeI6BIVth9-yoMFz5Tw,Cni2l-VKG_pdospJ6xliXQ,"""Burger Bar""",The Strip,4
HCQQS5LFe4_qWKpCq9aN8w,CCRgGKhzxSpl38w7yhqKUw,"""Noodles""",The Strip,3
Tb-GAFRsL4UROZwGEXq7Aw,pKk7jCFIm96qDdk0laVT2w,"""StripSteak""",The Strip,4
djv_DKkjVSX63XlTlv0D5g,pKk7jCFIm96qDdk0laVT2w,"""StripSteak""",The Strip,4
PFA6aBQ5yGnY8ccNcGde4Q,pik4ebdFa0UcUhnNkivFcg,"""Carmine's Italian Restaurant - Las Vegas""",The Strip,5
2ZI7f2CRul38wb_1X1lR7g,pKk7jCFIm96qDdk0laVT2w,"""StripSteak""",The Strip,5
aZ_WfuEW55KQJx3aOnGCjw,Cni2l-VKG_pdospJ6xliXQ,"""Burger Bar""",The Strip,4
X28TEBldC3PfV1rVRJeTVA,Cni2l-VKG_pdospJ6xliXQ,"""Burger Bar""",The Strip,5
6gb0T4_MngSXukRUbIMEfQ,pKk7jCFIm96qDdk0laVT2w,"""StripSteak""",The Strip,5
6gb0T4_MngSXukRUbIMEfQ,Cni2l-VKG_pdospJ6xliXQ,"""Burger Bar""",The Strip,5
UHhCOW58UTDbNlnpHCBmzg,CCRgGKhzxSpl38w7yhqKUw,"""Noodles""",The Strip,4
-594af_E7Z9VVjQc9pJK3g,pik4ebdFa0UcUhnNkivFcg,"""Carmine's Italian Restaurant - Las Vegas""",The Strip,5
A0V_Uv1TjaFdVJguc_BwZw,Cni2l-VKG_pdospJ6xliXQ,"""Burger Bar""",The Strip,5
i6IRahEGVbfOC8XcglHZaw,u-67zd1ImTv3EEr5kIdWrA,"""House of Blues - Music Venue""",The Strip,4
i6IRahEGVbfOC8XcglHZaw,Cni2l-VKG_pdospJ6xliXQ,"""Burger Bar""",The Strip,4
Oqr2_qKeTqgqqToIzYigpw,Cni2l-VKG_pdospJ6xliXQ,"""Burger Bar""",The Strip,5
bS67Nn6axLIcNqn_rIMYng,Cni2l-VKG_pdospJ6xliXQ,"""Burger Bar""",The Strip,3
7A7FOLZZKL0iokQVOAEbgA,CCRgGKhzxSpl38w7yhqKUw,"""Noodles""",The Strip,1
iw4DQsoVRFa5hVulSDrwOA,pKk7jCFIm96qDdk0laVT2w,"""StripSteak""",The Strip,5
CzttMxMc3IC33b4fY8emHA,Cni2l-VKG_pdospJ6xliXQ,"""Burger Bar""",The Strip,4
jIrvaPb-nn_tC4bRnziUPA,pik4ebdFa0UcUhnNkivFcg,"""Carmine's Italian Restaurant - Las Vegas""",The Strip,5
OgLyhQefoJ35LZRhp8ugWg,pKk7jCFIm96qDdk0laVT2w,"""StripSteak""",The Strip,3
SpGoNeZ9uMBNpeW4i-b9tg,Cni2l-VKG_pdospJ6xliXQ,"""Burger Bar""",The Strip,3
KNYUyElD-18SgqhfoYhp2A,7fxebHYUwIF6CakxSr70iQ,"""Carnevino""",The Strip,5
5-99aUMBliOEck_w13YD_Q,7fxebHYUwIF6CakxSr70iQ,"""Carnevino""",The Strip,3
z_9oeZ5aN8g8AzPNENht8w,Cni2l-VKG_pdospJ6xliXQ,"""Burger Bar""",The Strip,4
PB65DUc1e09pKUYD7tNWtQ,pKk7jCFIm96qDdk0laVT2w,"""StripSteak""",The Strip,1
rDzXsaCLoHR2VTo2d70Blw,Cni2l-VKG_pdospJ6xliXQ,"""Burger Bar""",The Strip,5
IqZKEn6P85D4pf7oEvYoZQ,u-67zd1ImTv3EEr5kIdWrA,"""House of Blues - Music Venue""",The Strip,5
x4FTUhMKSkblxXltklvSow,Cni2l-VKG_pdospJ6xliXQ,"""Burger Bar""",The Strip,5
VmlShd8k2tq7-O4TVx5R1Q,Cni2l-VKG_pdospJ6xliXQ,"""Burger Bar""",The Strip,5
a8tH8TMvHSJ2RwOsd4zksg,pKk7jCFIm96qDdk0laVT2w,"""StripSteak""",The Strip,5
PM0VVFdxzsskcqhvBC6l7g,7fxebHYUwIF6CakxSr70iQ,"""Carnevino""",The Strip,1
JN0MVUdjy9bOczRJ-uJf3w,u-67zd1ImTv3EEr5kIdWrA,"""House of Blues - Music Venue""",The Strip,5
8ps8yRo0XsXmEgTh_ORw7A,7fxebHYUwIF6CakxSr70iQ,"""Carnevino""",The Strip,3
oAtqV5wafKEP1aCbbF1jxg,7fxebHYUwIF6CakxSr70iQ,"""Carnevino""",The Strip,4
TEtzbpgA2BFBrC0y0sCbfw,Cni2l-VKG_pdospJ6xliXQ,"""Burger Bar""",The Strip,5
leqO_dcZQnAWqHInEBTjwQ,Cni2l-VKG_pdospJ6xliXQ,"""Burger Bar""",The Strip,2
tnSVm_tdM5zthKgmGF5d1A,7fxebHYUwIF6CakxSr70iQ,"""Carnevino""",The Strip,3
2r5SNxpO3Lm1BdVifBOeHA,pKk7jCFIm96qDdk0laVT2w,"""StripSteak""",The Strip,2
eSdQJJx3s-4uKS9ofr0zhw,CCRgGKhzxSpl38w7yhqKUw,"""Noodles""",The Strip,5
eSdQJJx3s-4uKS9ofr0zhw,pKk7jCFIm96qDdk0laVT2w,"""StripSteak""",The Strip,5
scQBrQJbxWZ6telqJTc6Kw,pik4ebdFa0UcUhnNkivFcg,"""Carmine's Italian Restaurant - Las Vegas""",The Strip,5
AeZlLmJfQYoaNQToHpkzBw,Cni2l-VKG_pdospJ6xliXQ,"""Burger Bar""",The Strip,1
w4HNs_abqYF3PaHwjezbbg,Cni2l-VKG_pdospJ6xliXQ,"""Burger Bar""",The Strip,2
qewG3X2O4X6JKskxyyqFwQ,CCRgGKhzxSpl38w7yhqKUw,"""Noodles""",The Strip,3
kTwTxyQ40slLJsHz2-2SHA,Cni2l-VKG_pdospJ6xliXQ,"""Burger Bar""",The Strip,5
A1ew06xc01Ppha1mXJpI7g,pik4ebdFa0UcUhnNkivFcg,"""Carmine's Italian Restaurant - Las Vegas""",The Strip,1
92e_B3VDY5TqxVYsKuNzKg,u-67zd1ImTv3EEr5kIdWrA,"""House of Blues - Music Venue""",The Strip,4
DyeTuEuH8J8FSlqd6b8JQw,Cni2l-VKG_pdospJ6xliXQ,"""Burger Bar""",The Strip,4
MUh8Cdivf5H11NnTX-Mcxw,CCRgGKhzxSpl38w7yhqKUw,"""Noodles""",The Strip,5
xj-xL72Bdc3ZJsls-b8JWw,Cni2l-VKG_pdospJ6xliXQ,"""Burger Bar""",The Strip,5
DL7Nj2hDsP6GdnhRO1xbrA,pik4ebdFa0UcUhnNkivFcg,"""Carmine's Italian Restaurant - Las Vegas""",The Strip,1
fUnIZ6Z_hy68xjvWipXA7Q,Cni2l-VKG_pdospJ6xliXQ,"""Burger Bar""",The Strip,3
8eQ7LmOK6KeSRXq_o8KaAw,u-67zd1ImTv3EEr5kIdWrA,"""House of Blues - Music Venue""",The Strip,4
nfAAe4bGnZCtNc9phWwkAA,Cni2l-VKG_pdospJ6xliXQ,"""Burger Bar""",The Strip,5
5wRCMyU9dEdkja_mO0qfeQ,pKk7jCFIm96qDdk0laVT2w,"""StripSteak""",The Strip,4
l5Rsyr-GucrrabwCNuGzYg,Cni2l-VKG_pdospJ6xliXQ,"""Burger Bar""",The Strip,5
sCikczUAKMZMeqlDrBJDVw,pKk7jCFIm96qDdk0laVT2w,"""StripSteak""",The Strip,5
Yx0inhKpoqOQcXqzMlw0xQ,CCRgGKhzxSpl38w7yhqKUw,"""Noodles""",The Strip,5
ooNGqUMtocqCpGOQCJod9g,7fxebHYUwIF6CakxSr70iQ,"""Carnevino""",The Strip,3
L27-Dtc1oi3SvMXJB0jIJg,Cni2l-VKG_pdospJ6xliXQ,"""Burger Bar""",The Strip,4
_ReaelzjXLsmi1BTbvCINA,Cni2l-VKG_pdospJ6xliXQ,"""Burger Bar""",The Strip,4
dPKQW4rNYbVeR67aAtOI9g,pKk7jCFIm96qDdk0laVT2w,"""StripSteak""",The Strip,5
6jzp6aA_t7MjO5XgbomCJQ,CCRgGKhzxSpl38w7yhqKUw,"""Noodles""",The Strip,2
1ubBwVy6TOIJYyS8JAvJqA,7fxebHYUwIF6CakxSr70iQ,"""Carnevino""",The Strip,2
3skUlmSTSp7S1yugXXvcaQ,CCRgGKhzxSpl38w7yhqKUw,"""Noodles""",The Strip,3
NSIbeq26wonapwo2OY0_9A,7fxebHYUwIF6CakxSr70iQ,"""Carnevino""",The Strip,2
lk6YfZ_naMoQKB3wCFuRpw,CCRgGKhzxSpl38w7yhqKUw,"""Noodles""",The Strip,3
6UpmrGAzh4ikzIrQA9QzPg,u-67zd1ImTv3EEr5kIdWrA,"""House of Blues - Music Venue""",The Strip,1
_ZyyUWYguYRaz83w4JT1WQ,pik4ebdFa0UcUhnNkivFcg,"""Carmine's Italian Restaurant - Las Vegas""",The Strip,4
hHJ6-jxWjEK_foGv7IhEJg,pKk7jCFIm96qDdk0laVT2w,"""StripSteak""",The Strip,5
sLcVd_SgU2ti8heffNKT5g,u-67zd1ImTv3EEr5kIdWrA,"""House of Blues - Music Venue""",The Strip,3
fHOBGmtI1VdGKWIxrFH0kA,u-67zd1ImTv3EEr5kIdWrA,"""House of Blues - Music Venue""",The Strip,2
P-CRYltpvp4aABRctIZWtg,CCRgGKhzxSpl38w7yhqKUw,"""Noodles""",The Strip,2
lZbuh6DY1bcvpbBN5gIeTA,Cni2l-VKG_pdospJ6xliXQ,"""Burger Bar""",The Strip,3
h9eHvrMfZHv4DpKqTvS5ww,u-67zd1ImTv3EEr5kIdWrA,"""House of Blues - Music Venue""",The Strip,1
fEa9PAIyyP90pmRtw3Ao5Q,Cni2l-VKG_pdospJ6xliXQ,"""Burger Bar""",The Strip,4
PxICVhateTl6x-B9UayL_Q,pik4ebdFa0UcUhnNkivFcg,"""Carmine's Italian Restaurant - Las Vegas""",The Strip,5
OP2FP46QOMMc-lQ1ij-dHw,pKk7jCFIm96qDdk0laVT2w,"""StripSteak""",The Strip,4
o68A_3bAJTge-ioGXHdxKA,CCRgGKhzxSpl38w7yhqKUw,"""Noodles""",The Strip,2
WSfKpA9cNNlRfHuYAJZboA,CCRgGKhzxSpl38w7yhqKUw,"""Noodles""",The Strip,3
UlmlSKRHZJ4UJbCzjY3j9A,pik4ebdFa0UcUhnNkivFcg,"""Carmine's Italian Restaurant - Las Vegas""",The Strip,3
FAJs9iYzh60dPZoJ6dnG2Q,pik4ebdFa0UcUhnNkivFcg,"""Carmine's Italian Restaurant - Las Vegas""",The Strip,1
_OUk1IGHuqMHTOai8R-MJg,CCRgGKhzxSpl38w7yhqKUw,"""Noodles""",The Strip,3
kPSHI-z5Eimu1u2DG6KUKQ,Cni2l-VKG_pdospJ6xliXQ,"""Burger Bar""",The Strip,5
GOTjwdXD6bNZ-_qjY7GYYw,pik4ebdFa0UcUhnNkivFcg,"""Carmine's Italian Restaurant - Las Vegas""",The Strip,5
wCvI5QBFxm-X7aagjFn96g,7fxebHYUwIF6CakxSr70iQ,"""Carnevino""",The Strip,5
IdwOvXtqIAH77ddftjwp1w,u-67zd1ImTv3EEr5kIdWrA,"""House of Blues - Music Venue""",The Strip,2
632VsPZ37A5tzJSxdaGwnA,7fxebHYUwIF6CakxSr70iQ,"""Carnevino""",The Strip,5
NhzICbdPjZmIxthuM7Fj6w,Cni2l-VKG_pdospJ6xliXQ,"""Burger Bar""",The Strip,5
tAWuiXWNBYKaU-hxa4ZanA,pKk7jCFIm96qDdk0laVT2w,"""StripSteak""",The Strip,3
5quW2RvfcgDPIU0qFHryfA,7fxebHYUwIF6CakxSr70iQ,"""Carnevino""",The Strip,5
Q34PEqVXtwaKuo9mshuH6A,u-67zd1ImTv3EEr5kIdWrA,"""House of Blues - Music Venue""",The Strip,3
fJLHBro42pE72kEz-CLSBQ,CCRgGKhzxSpl38w7yhqKUw,"""Noodles""",The Strip,4
zH6racrZ7rUqqv_Qy6dZDQ,u-67zd1ImTv3EEr5kIdWrA,"""House of Blues - Music Venue""",The Strip,3
OPN-dDUBkH7uH-G8nOnskg,Cni2l-VKG_pdospJ6xliXQ,"""Burger Bar""",The Strip,5
VCqjLoSJZRfROgA8L-GnNw,u-67zd1ImTv3EEr5kIdWrA,"""House of Blues - Music Venue""",The Strip,1
C0bv_PGHPEeZ9NHSt2PY6Q,Cni2l-VKG_pdospJ6xliXQ,"""Burger Bar""",The Strip,4
PomQayG1WhMxeSl1zohAUA,Cni2l-VKG_pdospJ6xliXQ,"""Burger Bar""",The Strip,4
OIXobpkZdVGxB1rnkC3M2g,7fxebHYUwIF6CakxSr70iQ,"""Carnevino""",The Strip,5
p_J_rWlY5wFckif4UMcuTg,7fxebHYUwIF6CakxSr70iQ,"""Carnevino""",The Strip,4
zCKB_vSpVFt_ONUgDTrOZw,Cni2l-VKG_pdospJ6xliXQ,"""Burger Bar""",The Strip,4
UOu2itUVJpSi5qaRAjsP6Q,u-67zd1ImTv3EEr5kIdWrA,"""House of Blues - Music Venue""",The Strip,5
9s5dl8w6PyVTr6Ma3JWnfQ,CCRgGKhzxSpl38w7yhqKUw,"""Noodles""",The Strip,4
_gGJCgYtA9A8mcDKe9WLqw,pik4ebdFa0UcUhnNkivFcg,"""Carmine's Italian Restaurant - Las Vegas""",The Strip,2
EGfNOqpPVbx1yhT66kUeNA,7fxebHYUwIF6CakxSr70iQ,"""Carnevino""",The Strip,4
zXj4PlDxzh7cVl9wM7x2sA,7fxebHYUwIF6CakxSr70iQ,"""Carnevino""",The Strip,5
VBQFmsO5HoBRFQxuTx4wIA,pik4ebdFa0UcUhnNkivFcg,"""Carmine's Italian Restaurant - Las Vegas""",The Strip,2
thi-jmMx-himXfCw_EuDSw,u-67zd1ImTv3EEr5kIdWrA,"""House of Blues - Music Venue""",The Strip,4
DwTuHbQiAzmCKdf_fSmOsw,pik4ebdFa0UcUhnNkivFcg,"""Carmine's Italian Restaurant - Las Vegas""",The Strip,3
YM438SwX858ctwpaD6IHtw,7fxebHYUwIF6CakxSr70iQ,"""Carnevino""",The Strip,5
SGfNVZPEqj4PhZnfwG4uHA,7fxebHYUwIF6CakxSr70iQ,"""Carnevino""",The Strip,1
pDXRU0DEutmzAuZRYoesgA,Cni2l-VKG_pdospJ6xliXQ,"""Burger Bar""",The Strip,4
ZAZoyFJtSBWdFIaeTH7IPg,Cni2l-VKG_pdospJ6xliXQ,"""Burger Bar""",The Strip,4
NalIzN5J8qA979cndUOvNQ,CCRgGKhzxSpl38w7yhqKUw,"""Noodles""",The Strip,1
dmKC7vRJfutmts8hVsNdlw,7fxebHYUwIF6CakxSr70iQ,"""Carnevino""",The Strip,2
v7RnXhY-54qpJzh6VF9fuA,Cni2l-VKG_pdospJ6xliXQ,"""Burger Bar""",The Strip,5
qD51vvp5Zf5DgPEGy7yfDQ,Cni2l-VKG_pdospJ6xliXQ,"""Burger Bar""",The Strip,4
jNXFcbjz3uJknIpd0bQxEw,u-67zd1ImTv3EEr5kIdWrA,"""House of Blues - Music Venue""",The Strip,2
Hm7iHqixTJJ55DAQ6KCvMQ,Cni2l-VKG_pdospJ6xliXQ,"""Burger Bar""",The Strip,5
uS_AbpU1lOzIeibGSEGVkA,Cni2l-VKG_pdospJ6xliXQ,"""Burger Bar""",The Strip,2
BMMGhgy9SctTq_nJfWviog,CCRgGKhzxSpl38w7yhqKUw,"""Noodles""",The Strip,5
pTHm46QHOcGVCQOVsJ5KhA,CCRgGKhzxSpl38w7yhqKUw,"""Noodles""",The Strip,4
cfal6-bQGmfkZO7Jw6y-6Q,7fxebHYUwIF6CakxSr70iQ,"""Carnevino""",The Strip,5
4RLP0a_Xjmyth-LS2x1tSg,CCRgGKhzxSpl38w7yhqKUw,"""Noodles""",The Strip,1
zl-VhyJ6HpisGv1Z4GDSHg,Cni2l-VKG_pdospJ6xliXQ,"""Burger Bar""",The Strip,4
1b29-Bnt4Mfed81lV1nS0g,Cni2l-VKG_pdospJ6xliXQ,"""Burger Bar""",The Strip,4
dxr0LLxxxP7Ukw03MGjE9A,Cni2l-VKG_pdospJ6xliXQ,"""Burger Bar""",The Strip,5
92e_B3VDY5TqxVYsKuNzKg,pKk7jCFIm96qDdk0laVT2w,"""StripSteak""",The Strip,5
YKgYTaKim7Vs-NNYe-yM6Q,7fxebHYUwIF6CakxSr70iQ,"""Carnevino""",The Strip,4
Y4GoyLlehsf8kzUF395QDg,Cni2l-VKG_pdospJ6xliXQ,"""Burger Bar""",The Strip,5
Nm53VqrrE6cHZi9cdLCPiQ,u-67zd1ImTv3EEr5kIdWrA,"""House of Blues - Music Venue""",The Strip,5
i8O9HI9mZZI1MRK2LrJmFA,Cni2l-VKG_pdospJ6xliXQ,"""Burger Bar""",The Strip,3
MsOuhK9Yg-qkFuHC4htP-w,7fxebHYUwIF6CakxSr70iQ,"""Carnevino""",The Strip,3
wY9dGXo2gUXL08gST_2cHg,7fxebHYUwIF6CakxSr70iQ,"""Carnevino""",The Strip,5
jDP4L-8nQvRUpdM7QNzO8Q,CCRgGKhzxSpl38w7yhqKUw,"""Noodles""",The Strip,2
NkDsAgSQBU-XQmDKS9NH7Q,7fxebHYUwIF6CakxSr70iQ,"""Carnevino""",The Strip,5
VAqgdX4D3BE6s669qTWJjw,Cni2l-VKG_pdospJ6xliXQ,"""Burger Bar""",The Strip,2
JWGtnzTF_fmp--Ls6w28cA,pik4ebdFa0UcUhnNkivFcg,"""Carmine's Italian Restaurant - Las Vegas""",The Strip,1
jPQL982KfxkC6iojpwAcpw,Cni2l-VKG_pdospJ6xliXQ,"""Burger Bar""",The Strip,4
8OeTLey-p-WaL9ErNEci1Q,pKk7jCFIm96qDdk0laVT2w,"""StripSteak""",The Strip,4
PGFhvnLTptgACdwxnHfbMA,7fxebHYUwIF6CakxSr70iQ,"""Carnevino""",The Strip,5
8zXgNCkusOHMwh5Tj_8yCQ,CCRgGKhzxSpl38w7yhqKUw,"""Noodles""",The Strip,3
lQTUWyDz7sqgq24QW-ynrA,7fxebHYUwIF6CakxSr70iQ,"""Carnevino""",The Strip,1
cqXps2xKThJ0X892-s3KpQ,pKk7jCFIm96qDdk0laVT2w,"""StripSteak""",The Strip,2
r5pdWxXSkVRXMnZFiscFAA,CCRgGKhzxSpl38w7yhqKUw,"""Noodles""",The Strip,5
3skUlmSTSp7S1yugXXvcaQ,7fxebHYUwIF6CakxSr70iQ,"""Carnevino""",The Strip,5
UyaIFEscO2qGnIcCKhy3GQ,pik4ebdFa0UcUhnNkivFcg,"""Carmine's Italian Restaurant - Las Vegas""",The Strip,5
vAf7BMwgVzAsSjRgcXE-vQ,7fxebHYUwIF6CakxSr70iQ,"""Carnevino""",The Strip,4
96EBrGCUvmMRh9ihKiLU-A,CCRgGKhzxSpl38w7yhqKUw,"""Noodles""",The Strip,5
8mmJzsavALt6YyJrJRCw6g,Cni2l-VKG_pdospJ6xliXQ,"""Burger Bar""",The Strip,4
4LwWuFkCkCV7jCE5-t7JOw,7fxebHYUwIF6CakxSr70iQ,"""Carnevino""",The Strip,5
3UW_-mt_Ed0v4y3bMMQcoA,7fxebHYUwIF6CakxSr70iQ,"""Carnevino""",The Strip,3
ejwGAyM8CrLQXSsui91CGg,7fxebHYUwIF6CakxSr70iQ,"""Carnevino""",The Strip,3
3ZCS3niZj8GjbZY6Dx7uqw,u-67zd1ImTv3EEr5kIdWrA,"""House of Blues - Music Venue""",The Strip,4
AvKRj1XhF1US2-BgFlmG4Q,pik4ebdFa0UcUhnNkivFcg,"""Carmine's Italian Restaurant - Las Vegas""",The Strip,4
0m4o0sKXdhBQ0zUU7Po7Vw,Cni2l-VKG_pdospJ6xliXQ,"""Burger Bar""",The Strip,5
QKT6-Qs2LneuGPW3goWc3Q,pKk7jCFIm96qDdk0laVT2w,"""StripSteak""",The Strip,5
QtpQ6Pj7le8Z4bIwuVvE2Q,7fxebHYUwIF6CakxSr70iQ,"""Carnevino""",The Strip,1
O7NUneNMpSq5REygeKhQ8g,pKk7jCFIm96qDdk0laVT2w,"""StripSteak""",The Strip,5
HbKywocRlYTsEph-7pKJaQ,7fxebHYUwIF6CakxSr70iQ,"""Carnevino""",The Strip,4
FrojnPaTrXjeHEmHgZ2pDA,CCRgGKhzxSpl38w7yhqKUw,"""Noodles""",The Strip,5
EBveE4oDk6AYWNUEs937mg,7fxebHYUwIF6CakxSr70iQ,"""Carnevino""",The Strip,5
A63h_7zL1phcQvrRuwEpvw,pik4ebdFa0UcUhnNkivFcg,"""Carmine's Italian Restaurant - Las Vegas""",The Strip,5
bj5Q_20qkS8y6XbwheshOQ,pKk7jCFIm96qDdk0laVT2w,"""StripSteak""",The Strip,3
8v8e9XUPFV8SaDb6P0OmfQ,pKk7jCFIm96qDdk0laVT2w,"""StripSteak""",The Strip,1
Bbccglw-T5KmLKSlR4YV2Q,CCRgGKhzxSpl38w7yhqKUw,"""Noodles""",The Strip,5
67QqgrGuOYy97ZhXxGoTbg,CCRgGKhzxSpl38w7yhqKUw,"""Noodles""",The Strip,2
82dCHyU-ANOgdhxUgZsUeg,7fxebHYUwIF6CakxSr70iQ,"""Carnevino""",The Strip,4
ksYpOznbD-22wYpTiacHwA,pKk7jCFIm96qDdk0laVT2w,"""StripSteak""",The Strip,5
sr2pTeBbehzepVkzUXft7Q,Cni2l-VKG_pdospJ6xliXQ,"""Burger Bar""",The Strip,4
I1DvqiRc1e3AvhlPuB6Cww,pKk7jCFIm96qDdk0laVT2w,"""StripSteak""",The Strip,5
vwi68eg4bmJHMSYq3jP2OQ,CCRgGKhzxSpl38w7yhqKUw,"""Noodles""",The Strip,3
s61JNnyCVu4xIQEnlrcoCQ,pKk7jCFIm96qDdk0laVT2w,"""StripSteak""",The Strip,4
7ogyWzylWz1K2-HU2TbO5g,Cni2l-VKG_pdospJ6xliXQ,"""Burger Bar""",The Strip,4
3A9IVklswVBBckBvnI5zSA,u-67zd1ImTv3EEr5kIdWrA,"""House of Blues - Music Venue""",The Strip,5
p8ECGW0TzHUk7xnlSSLaMQ,7fxebHYUwIF6CakxSr70iQ,"""Carnevino""",The Strip,2
jn7A8qRju2GQRU9c5lj4yw,pKk7jCFIm96qDdk0laVT2w,"""StripSteak""",The Strip,2
xboSmF4chE5oi-Ty1gWtEA,Cni2l-VKG_pdospJ6xliXQ,"""Burger Bar""",The Strip,3
XdIniLYDJENb0VR0JbmG_Q,Cni2l-VKG_pdospJ6xliXQ,"""Burger Bar""",The Strip,5
o3XBMn3b0KUg97qJ5-Q8aA,Cni2l-VKG_pdospJ6xliXQ,"""Burger Bar""",The Strip,2
qUGMYSGV24KD8QFCdGGIlQ,CCRgGKhzxSpl38w7yhqKUw,"""Noodles""",The Strip,4
dktCjJYFYroBsuqUGiU_tA,Cni2l-VKG_pdospJ6xliXQ,"""Burger Bar""",The Strip,2
id7XUdGE78pQGBbzcSHpzg,u-67zd1ImTv3EEr5kIdWrA,"""House of Blues - Music Venue""",The Strip,4
6CvBV2AaMoRkbqdbs0z6Vg,pKk7jCFIm96qDdk0laVT2w,"""StripSteak""",The Strip,5
gm8nNoA3uB4In5o_Hxpq3g,CCRgGKhzxSpl38w7yhqKUw,"""Noodles""",The Strip,3
Bjz4TBIlyv6SBvYf5IOHBA,Cni2l-VKG_pdospJ6xliXQ,"""Burger Bar""",The Strip,4
P7git5lUc--3lmX4KA2hng,Cni2l-VKG_pdospJ6xliXQ,"""Burger Bar""",The Strip,4
1SkYkTA4ON3zwPb1e-NbSw,u-67zd1ImTv3EEr5kIdWrA,"""House of Blues - Music Venue""",The Strip,4
r8Le5P12KVWRCtyad0XcKQ,Cni2l-VKG_pdospJ6xliXQ,"""Burger Bar""",The Strip,3
2TPODjHaHQ-cThz-oahpXQ,Cni2l-VKG_pdospJ6xliXQ,"""Burger Bar""",The Strip,2
jcEeQmboGg_2YoHVKbpndQ,Cni2l-VKG_pdospJ6xliXQ,"""Burger Bar""",The Strip,4
w8dy-ibFrNXBfA-TdQDCIQ,Cni2l-VKG_pdospJ6xliXQ,"""Burger Bar""",The Strip,5
FaPrtK-SB9sygQuxndPm3Q,CCRgGKhzxSpl38w7yhqKUw,"""Noodles""",The Strip,3
NIGS8M6jP2zGOmq5VU2OsA,u-67zd1ImTv3EEr5kIdWrA,"""House of Blues - Music Venue""",The Strip,4
DxgEnAWzPUEuXEMfhU8yjw,Cni2l-VKG_pdospJ6xliXQ,"""Burger Bar""",The Strip,2
5I_4mavGiob4a-yYQv898A,7fxebHYUwIF6CakxSr70iQ,"""Carnevino""",The Strip,5
iiQAk1fM5_WqngmNYQwrmQ,Cni2l-VKG_pdospJ6xliXQ,"""Burger Bar""",The Strip,3
DmHxp2G_OiCd-30nQ4t0Ww,Cni2l-VKG_pdospJ6xliXQ,"""Burger Bar""",The Strip,5
mphPmrtSa4Ouc8nwK7MAiA,CCRgGKhzxSpl38w7yhqKUw,"""Noodles""",The Strip,4
LlwPg64wneb3XC1cgUlJqw,Cni2l-VKG_pdospJ6xliXQ,"""Burger Bar""",The Strip,4
nuI-SoswDI6KhS1BAwAu4g,Cni2l-VKG_pdospJ6xliXQ,"""Burger Bar""",The Strip,4
saYaT_TryivtnslxSfiuYg,u-67zd1ImTv3EEr5kIdWrA,"""House of Blues - Music Venue""",The Strip,4
iN1-o11zBC_7vgVPgPEuXA,Cni2l-VKG_pdospJ6xliXQ,"""Burger Bar""",The Strip,4
EioBYV0lF-1YdknL1uDWmQ,pik4ebdFa0UcUhnNkivFcg,"""Carmine's Italian Restaurant - Las Vegas""",The Strip,4
rCKLhzDdPofFLK9TC6UTyg,u-67zd1ImTv3EEr5kIdWrA,"""House of Blues - Music Venue""",The Strip,4
zXj4PlDxzh7cVl9wM7x2sA,u-67zd1ImTv3EEr5kIdWrA,"""House of Blues - Music Venue""",The Strip,2
zXj4PlDxzh7cVl9wM7x2sA,pKk7jCFIm96qDdk0laVT2w,"""StripSteak""",The Strip,3
s-591-mtIyP7F1Lffw98jw,pKk7jCFIm96qDdk0laVT2w,"""StripSteak""",The Strip,5
s-591-mtIyP7F1Lffw98jw,7fxebHYUwIF6CakxSr70iQ,"""Carnevino""",The Strip,5
Xri-uAd7HUGkO-uubNRR6Q,pik4ebdFa0UcUhnNkivFcg,"""Carmine's Italian Restaurant - Las Vegas""",The Strip,1
fS5HNGTYCZPlVDUgCev-yg,u-67zd1ImTv3EEr5kIdWrA,"""House of Blues - Music Venue""",The Strip,5
r9Vxo1Tvuc5er-ewynlL8Q,pKk7jCFIm96qDdk0laVT2w,"""StripSteak""",The Strip,4
eE-IgOTIwA1yyP-GMYFzrg,7fxebHYUwIF6CakxSr70iQ,"""Carnevino""",The Strip,5
b9JZuU2kX4jB_JQ3p0IgIA,CCRgGKhzxSpl38w7yhqKUw,"""Noodles""",The Strip,4
UjbjJOyGZVc866rZ-BeiOw,pKk7jCFIm96qDdk0laVT2w,"""StripSteak""",The Strip,5
WDPZtGiK2VvZayHa014CIg,Cni2l-VKG_pdospJ6xliXQ,"""Burger Bar""",The Strip,5
yTV3KHOm4-RQpClyYKGnkw,Cni2l-VKG_pdospJ6xliXQ,"""Burger Bar""",The Strip,4
F8ylCGhdqBt1OpT0o5S6Tw,CCRgGKhzxSpl38w7yhqKUw,"""Noodles""",The Strip,4
Ldn_XjoPo6TrOnfWE9WaJQ,pKk7jCFIm96qDdk0laVT2w,"""StripSteak""",The Strip,2
YCXAX3VeQFiqsih5WMThVA,7fxebHYUwIF6CakxSr70iQ,"""Carnevino""",The Strip,2
6YZTsCnOBkM_5b7gjUQ9zA,Cni2l-VKG_pdospJ6xliXQ,"""Burger Bar""",The Strip,4
VYJFlcUVMlL37qJOGTXVvw,CCRgGKhzxSpl38w7yhqKUw,"""Noodles""",The Strip,3
67HwuY1mtttvvnqn9tHU0Q,Cni2l-VKG_pdospJ6xliXQ,"""Burger Bar""",The Strip,3
llWp9CUGgO1U92G16CBJ9w,pik4ebdFa0UcUhnNkivFcg,"""Carmine's Italian Restaurant - Las Vegas""",The Strip,3
x16Fl_5h9aX4tn38kKSGHw,u-67zd1ImTv3EEr5kIdWrA,"""House of Blues - Music Venue""",The Strip,3
tP23n9LMs-IeGqlnvmo27g,CCRgGKhzxSpl38w7yhqKUw,"""Noodles""",The Strip,2
mCYFoGRRbgu8INUe_5u6jQ,7fxebHYUwIF6CakxSr70iQ,"""Carnevino""",The Strip,1
FOR0odVeeNFKskz8W_BsQw,CCRgGKhzxSpl38w7yhqKUw,"""Noodles""",The Strip,1
S0GybHRqOA9Q0kSptidKBg,pKk7jCFIm96qDdk0laVT2w,"""StripSteak""",The Strip,4
-Rmn3d16eXedRT3P6IumsQ,Cni2l-VKG_pdospJ6xliXQ,"""Burger Bar""",The Strip,2
gdmtWF-rO6256W7VNUlI9Q,CCRgGKhzxSpl38w7yhqKUw,"""Noodles""",The Strip,5
o9iq2-jaJANPS8CqfpbV9w,7fxebHYUwIF6CakxSr70iQ,"""Carnevino""",The Strip,1
brB9juOccskwahslL-mULA,CCRgGKhzxSpl38w7yhqKUw,"""Noodles""",The Strip,2
z_GU1DeB4VaNKoTkUZ8fmQ,CCRgGKhzxSpl38w7yhqKUw,"""Noodles""",The Strip,4
XCvtthJqf2LbN2asy_rbHA,pik4ebdFa0UcUhnNkivFcg,"""Carmine's Italian Restaurant - Las Vegas""",The Strip,1
KSmc5_QPMuJq5dVXGzcmYA,7fxebHYUwIF6CakxSr70iQ,"""Carnevino""",The Strip,3
ooWPvjcTnE_6pvGurD_XBw,7fxebHYUwIF6CakxSr70iQ,"""Carnevino""",The Strip,2
i3d8ycNQJHDA16u3mKqGCQ,Cni2l-VKG_pdospJ6xliXQ,"""Burger Bar""",The Strip,5
Dgx185t0xrXT8nboVCNBqA,7fxebHYUwIF6CakxSr70iQ,"""Carnevino""",The Strip,5
Dgx185t0xrXT8nboVCNBqA,pKk7jCFIm96qDdk0laVT2w,"""StripSteak""",The Strip,3
ybq_bVbVN-8Jn9vnTVml2w,Cni2l-VKG_pdospJ6xliXQ,"""Burger Bar""",The Strip,5
ngw3KMOUXnSXQ5DC0nAaTw,Cni2l-VKG_pdospJ6xliXQ,"""Burger Bar""",The Strip,3
ujb10dgsk3m2ajCqQeiOSA,pKk7jCFIm96qDdk0laVT2w,"""StripSteak""",The Strip,1
7dnh9OrD8LekBwvachGH5Q,CCRgGKhzxSpl38w7yhqKUw,"""Noodles""",The Strip,3
exvJ7RESCp0eap6_tOFuJg,CCRgGKhzxSpl38w7yhqKUw,"""Noodles""",The Strip,2
G1jmHEX-3G8EYbYDgL9jXA,CCRgGKhzxSpl38w7yhqKUw,"""Noodles""",The Strip,2
QEWM9V1Mh7x5OFSjsY-bCQ,7fxebHYUwIF6CakxSr70iQ,"""Carnevino""",The Strip,2
Zq0qJcjlBWKQComGSrczbA,7fxebHYUwIF6CakxSr70iQ,"""Carnevino""",The Strip,4
R3jMcisnWU-gjjSXgWNXvw,CCRgGKhzxSpl38w7yhqKUw,"""Noodles""",The Strip,3
R3jMcisnWU-gjjSXgWNXvw,pKk7jCFIm96qDdk0laVT2w,"""StripSteak""",The Strip,4
bj74wKp-hqSvcrMrzJdPuQ,Cni2l-VKG_pdospJ6xliXQ,"""Burger Bar""",The Strip,2
19O3Op-7aq8L86VRVHY0vg,pKk7jCFIm96qDdk0laVT2w,"""StripSteak""",The Strip,5
YNDGH84LjICg5TOo1HLDWw,Cni2l-VKG_pdospJ6xliXQ,"""Burger Bar""",The Strip,4
vN7b9zpIsuY3HWMKh5pMJg,pKk7jCFIm96qDdk0laVT2w,"""StripSteak""",The Strip,2
Pv0XISisbZZX6sRDRDxT9w,pKk7jCFIm96qDdk0laVT2w,"""StripSteak""",The Strip,5
wrMuU1zyKV4dD46iK5PWQA,Cni2l-VKG_pdospJ6xliXQ,"""Burger Bar""",The Strip,5
qIlPh8mlpsG8ppgukzWeUQ,pKk7jCFIm96qDdk0laVT2w,"""StripSteak""",The Strip,5
uQ8_bq9NGN4Vg8gvQOou0A,u-67zd1ImTv3EEr5kIdWrA,"""House of Blues - Music Venue""",The Strip,4
5AOCaS4veNqTBv1VoD6fcg,u-67zd1ImTv3EEr5kIdWrA,"""House of Blues - Music Venue""",The Strip,2
R_iFtVedipobZaZXGa2Sjw,pKk7jCFIm96qDdk0laVT2w,"""StripSteak""",The Strip,5
Ta0ki1Fi2fcDpOjiQcR1Qw,CCRgGKhzxSpl38w7yhqKUw,"""Noodles""",The Strip,3
XXhjULI6r8A0HPVsEK2x2w,pKk7jCFIm96qDdk0laVT2w,"""StripSteak""",The Strip,4
EWmsIjFSIo7iT27x8Z1QeA,CCRgGKhzxSpl38w7yhqKUw,"""Noodles""",The Strip,1
r28hLEIwmoK9bl4K11Poaw,Cni2l-VKG_pdospJ6xliXQ,"""Burger Bar""",The Strip,3
A_YDxF5Y0OqBB4GH-kDOTg,Cni2l-VKG_pdospJ6xliXQ,"""Burger Bar""",The Strip,3
fSOon7griyaNid_YBJJXmA,CCRgGKhzxSpl38w7yhqKUw,"""Noodles""",The Strip,4
0CndvHiC0IZ0jKZ_9tSVPA,7fxebHYUwIF6CakxSr70iQ,"""Carnevino""",The Strip,4
NAd6QWoKzSMVcDRKUM4iBw,pKk7jCFIm96qDdk0laVT2w,"""StripSteak""",The Strip,4
vnZwSQazxEwnoSzireHDvg,7fxebHYUwIF6CakxSr70iQ,"""Carnevino""",The Strip,2
jx-Ju34y3HzTQKgVxLv9pQ,CCRgGKhzxSpl38w7yhqKUw,"""Noodles""",The Strip,2
gm8nNoA3uB4In5o_Hxpq3g,7fxebHYUwIF6CakxSr70iQ,"""Carnevino""",The Strip,4
gm8nNoA3uB4In5o_Hxpq3g,Cni2l-VKG_pdospJ6xliXQ,"""Burger Bar""",The Strip,3
aN4BozWLJVvBEMS49GQWiw,pKk7jCFIm96qDdk0laVT2w,"""StripSteak""",The Strip,4
aN4BozWLJVvBEMS49GQWiw,Cni2l-VKG_pdospJ6xliXQ,"""Burger Bar""",The Strip,4
mceASs663DuILZtTy5_2Dw,pKk7jCFIm96qDdk0laVT2w,"""StripSteak""",The Strip,5
IenBScbX_jD0ubG2rIEztQ,pKk7jCFIm96qDdk0laVT2w,"""StripSteak""",The Strip,5
cdQ3DQuJa0sllmIS4KRxNw,Cni2l-VKG_pdospJ6xliXQ,"""Burger Bar""",The Strip,3
GoARWqayYXgYsW1cKTi4Mg,pKk7jCFIm96qDdk0laVT2w,"""StripSteak""",The Strip,5
JB8mQmNh7uWNjysqbEYK3g,Cni2l-VKG_pdospJ6xliXQ,"""Burger Bar""",The Strip,4
fCpniKsfDPBjKagpCGHMZg,Cni2l-VKG_pdospJ6xliXQ,"""Burger Bar""",The Strip,2
jEUXKYcE9RqBEa9bJ6aXgA,pik4ebdFa0UcUhnNkivFcg,"""Carmine's Italian Restaurant - Las Vegas""",The Strip,5
mQRfNWDy4X6sNhaDFInO5w,CCRgGKhzxSpl38w7yhqKUw,"""Noodles""",The Strip,2
x5qO6r_A5wpmAs-C73Iz7Q,7fxebHYUwIF6CakxSr70iQ,"""Carnevino""",The Strip,2
s9x_X8z9bFLvuFHvx4AXUw,pKk7jCFIm96qDdk0laVT2w,"""StripSteak""",The Strip,4
-mXobpJ3z3X6nMriCklbog,CCRgGKhzxSpl38w7yhqKUw,"""Noodles""",The Strip,4
rCKLhzDdPofFLK9TC6UTyg,Cni2l-VKG_pdospJ6xliXQ,"""Burger Bar""",The Strip,2
SAWkTZbP79ildfrDsiqUrQ,CCRgGKhzxSpl38w7yhqKUw,"""Noodles""",The Strip,4
Q3-TOzuk0rVveXRiTcnZJg,Cni2l-VKG_pdospJ6xliXQ,"""Burger Bar""",The Strip,4
c7RyEp07yPKWPhjSjqzEoA,Cni2l-VKG_pdospJ6xliXQ,"""Burger Bar""",The Strip,4
mL3t4OtVsjJygKNO_3oygQ,7fxebHYUwIF6CakxSr70iQ,"""Carnevino""",The Strip,4
QsmOuB_7oSFPaaJLDT5oeA,CCRgGKhzxSpl38w7yhqKUw,"""Noodles""",The Strip,3
jnzWl5XvAqtD_rOgH6pI9g,Cni2l-VKG_pdospJ6xliXQ,"""Burger Bar""",The Strip,5
mRArfi2eu17IkBy9eGvB9A,7fxebHYUwIF6CakxSr70iQ,"""Carnevino""",The Strip,5
iOYwGK0qWeuuPr9vGeLh6g,Cni2l-VKG_pdospJ6xliXQ,"""Burger Bar""",The Strip,5
XdThqavg9OuslvsvlxT2zg,7fxebHYUwIF6CakxSr70iQ,"""Carnevino""",The Strip,2
_6HBDrmVN785UnoKe1KfmA,Cni2l-VKG_pdospJ6xliXQ,"""Burger Bar""",The Strip,4
Wi0VgIrbb8vqU6weyVw6tg,u-67zd1ImTv3EEr5kIdWrA,"""House of Blues - Music Venue""",The Strip,3
AsJ5TxY87oSFcGxu5tuc9g,Cni2l-VKG_pdospJ6xliXQ,"""Burger Bar""",The Strip,5
_pjaIjsDWGtW0ZV7VNyucg,Cni2l-VKG_pdospJ6xliXQ,"""Burger Bar""",The Strip,1
BbwldZQM1i89cAvV7fce3A,u-67zd1ImTv3EEr5kIdWrA,"""House of Blues - Music Venue""",The Strip,4
MtJAGKBA2VNOWTGZsoSnYw,Cni2l-VKG_pdospJ6xliXQ,"""Burger Bar""",The Strip,5
iiQAk1fM5_WqngmNYQwrmQ,u-67zd1ImTv3EEr5kIdWrA,"""House of Blues - Music Venue""",The Strip,3
Ty8coWPVwmabfBcF7GexGg,u-67zd1ImTv3EEr5kIdWrA,"""House of Blues - Music Venue""",The Strip,4
UlsZJ618qrY5W6NIcHk8pA,u-67zd1ImTv3EEr5kIdWrA,"""House of Blues - Music Venue""",The Strip,3
JQIZhoQB-Tg9hdBEj90m4g,pik4ebdFa0UcUhnNkivFcg,"""Carmine's Italian Restaurant - Las Vegas""",The Strip,4
rSZXiNfbOOupoYHAhr6cnw,7fxebHYUwIF6CakxSr70iQ,"""Carnevino""",The Strip,5
oHfXI8GogkdeQJ-z-DpfLA,pik4ebdFa0UcUhnNkivFcg,"""Carmine's Italian Restaurant - Las Vegas""",The Strip,5
wD-Lj-jTX7gU-vLivE3xOw,CCRgGKhzxSpl38w7yhqKUw,"""Noodles""",The Strip,5
Dy4pinuc-MsxB3Ptf0xdJg,7fxebHYUwIF6CakxSr70iQ,"""Carnevino""",The Strip,5
r6psNEvMoJDmMEyFJALO6g,u-67zd1ImTv3EEr5kIdWrA,"""House of Blues - Music Venue""",The Strip,4
0KueQxXgax9GlbZ0UNaGlg,7fxebHYUwIF6CakxSr70iQ,"""Carnevino""",The Strip,4
vVvtk_SeKy6qY_LMAc1xbg,Cni2l-VKG_pdospJ6xliXQ,"""Burger Bar""",The Strip,4
5rBwUnAGQI8PxfwMBktMAA,7fxebHYUwIF6CakxSr70iQ,"""Carnevino""",The Strip,5
Ba6nwM8pG-xko5rDv2Dz1g,pKk7jCFIm96qDdk0laVT2w,"""StripSteak""",The Strip,5
-ne-7caCLAk2j3kD7tzBGw,Cni2l-VKG_pdospJ6xliXQ,"""Burger Bar""",The Strip,4
IZv5RkxYQrL4aiKUglK8GQ,Cni2l-VKG_pdospJ6xliXQ,"""Burger Bar""",The Strip,4
1h6v6dfoxvguZ8ZRH5t4Ow,pik4ebdFa0UcUhnNkivFcg,"""Carmine's Italian Restaurant - Las Vegas""",The Strip,5
lBUm09kw2fYjd88Am6DQUw,7fxebHYUwIF6CakxSr70iQ,"""Carnevino""",The Strip,2
7dnh9OrD8LekBwvachGH5Q,u-67zd1ImTv3EEr5kIdWrA,"""House of Blues - Music Venue""",The Strip,3
b1TLsiRhQdfbbXahqFkVtg,u-67zd1ImTv3EEr5kIdWrA,"""House of Blues - Music Venue""",The Strip,4
snIAyWu0r0FBO063SEmi1w,Cni2l-VKG_pdospJ6xliXQ,"""Burger Bar""",The Strip,3
ZOXLXDo1C8nlW5a_2RpvKg,7fxebHYUwIF6CakxSr70iQ,"""Carnevino""",The Strip,5
VeYSD3Xgxd-R4yowet51tA,u-67zd1ImTv3EEr5kIdWrA,"""House of Blues - Music Venue""",The Strip,4
cJdbGDrrHuucMUJwyRo_XQ,u-67zd1ImTv3EEr5kIdWrA,"""House of Blues - Music Venue""",The Strip,2
u2Hbex-ZsUmAuVALi8CkTg,pKk7jCFIm96qDdk0laVT2w,"""StripSteak""",The Strip,4
SIpBqzGhRM7T5cDFiuIryg,7fxebHYUwIF6CakxSr70iQ,"""Carnevino""",The Strip,5
SIpBqzGhRM7T5cDFiuIryg,pKk7jCFIm96qDdk0laVT2w,"""StripSteak""",The Strip,5
zqswiCI7jGbyxMFBpniZWw,pKk7jCFIm96qDdk0laVT2w,"""StripSteak""",The Strip,2
1B65LAHB8Eeo6xcP4vbNhw,CCRgGKhzxSpl38w7yhqKUw,"""Noodles""",The Strip,2
d47Gm0gB6uDiknEMsCdKdQ,Cni2l-VKG_pdospJ6xliXQ,"""Burger Bar""",The Strip,3
SSQRUS90RWq0UE5Xn91_rA,7fxebHYUwIF6CakxSr70iQ,"""Carnevino""",The Strip,4
IMIQKNoF-6QvQjF8wEACPw,u-67zd1ImTv3EEr5kIdWrA,"""House of Blues - Music Venue""",The Strip,3
-ONOZkDHelIi0RGZm-yNkg,u-67zd1ImTv3EEr5kIdWrA,"""House of Blues - Music Venue""",The Strip,4
0V0B18iPkkyxk8p5GVB9OQ,Cni2l-VKG_pdospJ6xliXQ,"""Burger Bar""",The Strip,1
sdbBs5UJ_MNBFLqo3pP_wQ,Cni2l-VKG_pdospJ6xliXQ,"""Burger Bar""",The Strip,5
CWKytni5XqKv8B-xzb3qyQ,pik4ebdFa0UcUhnNkivFcg,"""Carmine's Italian Restaurant - Las Vegas""",The Strip,5
G_bJdUPCnL1x6dvRhyHNyw,u-67zd1ImTv3EEr5kIdWrA,"""House of Blues - Music Venue""",The Strip,3
XqdJteJasKn70IXZDkX7PA,7fxebHYUwIF6CakxSr70iQ,"""Carnevino""",The Strip,5
Bw2y-SsxtBXhfCRVBddmyg,7fxebHYUwIF6CakxSr70iQ,"""Carnevino""",The Strip,1
skiDg3UsDNsc0SB5kYlzLQ,pKk7jCFIm96qDdk0laVT2w,"""StripSteak""",The Strip,5
EqXQhu2h96hEPKJEpDZaCQ,CCRgGKhzxSpl38w7yhqKUw,"""Noodles""",The Strip,4
gfm6b8-Dd6CIKRKnGBvf8A,pKk7jCFIm96qDdk0laVT2w,"""StripSteak""",The Strip,5
gfm6b8-Dd6CIKRKnGBvf8A,7fxebHYUwIF6CakxSr70iQ,"""Carnevino""",The Strip,5
WaVpGC24zs6mYZQKjcMjHw,CCRgGKhzxSpl38w7yhqKUw,"""Noodles""",The Strip,1
rPRy7N3WCD3sVCrF60OOnA,Cni2l-VKG_pdospJ6xliXQ,"""Burger Bar""",The Strip,4
u8tcptuFyyCdhXNoFCaNfg,pik4ebdFa0UcUhnNkivFcg,"""Carmine's Italian Restaurant - Las Vegas""",The Strip,4
gQbckENfcZQxHSrMGUUBdg,pik4ebdFa0UcUhnNkivFcg,"""Carmine's Italian Restaurant - Las Vegas""",The Strip,5
HrOoD6pmD38m2r0c1Wltxg,Cni2l-VKG_pdospJ6xliXQ,"""Burger Bar""",The Strip,5
G8dGH2ln53sqf-qniCl-Ow,Cni2l-VKG_pdospJ6xliXQ,"""Burger Bar""",The Strip,5
qQecSd0lynfB4g-LPa9JCw,7fxebHYUwIF6CakxSr70iQ,"""Carnevino""",The Strip,4
qQecSd0lynfB4g-LPa9JCw,CCRgGKhzxSpl38w7yhqKUw,"""Noodles""",The Strip,5
dFQBMX369EeqW9pnE6g2mg,7fxebHYUwIF6CakxSr70iQ,"""Carnevino""",The Strip,5
HOdFpiXVeEZMYWgEirdl1w,pKk7jCFIm96qDdk0laVT2w,"""StripSteak""",The Strip,5
N-jLtUfESMkX9b7iqXtP_g,CCRgGKhzxSpl38w7yhqKUw,"""Noodles""",The Strip,3
n26rAuTl76G6DWmbaSbuzQ,Cni2l-VKG_pdospJ6xliXQ,"""Burger Bar""",The Strip,4
jjj-rTey-q2XN1oRNHpD7A,u-67zd1ImTv3EEr5kIdWrA,"""House of Blues - Music Venue""",The Strip,1
H3_ucbHZs_F5BNnWe-dryw,Cni2l-VKG_pdospJ6xliXQ,"""Burger Bar""",The Strip,4
fKA_CMVbzBDZijkHZPFeSg,Cni2l-VKG_pdospJ6xliXQ,"""Burger Bar""",The Strip,5
eyNbnEMvQ4LpUar27N_2XQ,Cni2l-VKG_pdospJ6xliXQ,"""Burger Bar""",The Strip,4
at41ymjb1OVu34ii08bCEw,u-67zd1ImTv3EEr5kIdWrA,"""House of Blues - Music Venue""",The Strip,5
kvJN7kWB_DmAsoQ2Mi0ZNA,u-67zd1ImTv3EEr5kIdWrA,"""House of Blues - Music Venue""",The Strip,1
Xv-F-ucvCXB0SD2Oy7RC8g,CCRgGKhzxSpl38w7yhqKUw,"""Noodles""",The Strip,1
y-yVd887YX4H-0JmYN6ijg,pKk7jCFIm96qDdk0laVT2w,"""StripSteak""",The Strip,3
mTvG07hrNDGPfF672tSnLw,7fxebHYUwIF6CakxSr70iQ,"""Carnevino""",The Strip,1
r4OFK76rfmj9D2kOW6Y5mA,7fxebHYUwIF6CakxSr70iQ,"""Carnevino""",The Strip,5
edM_uPMilhI18slb85wB9Q,pik4ebdFa0UcUhnNkivFcg,"""Carmine's Italian Restaurant - Las Vegas""",The Strip,4
sLcVd_SgU2ti8heffNKT5g,Cni2l-VKG_pdospJ6xliXQ,"""Burger Bar""",The Strip,4
kANQSXjuxhyN1qt1JL56OA,Cni2l-VKG_pdospJ6xliXQ,"""Burger Bar""",The Strip,3
ogkSx3LzAZrY7ZwFz5JV3A,7fxebHYUwIF6CakxSr70iQ,"""Carnevino""",The Strip,3
EUyKk8kEs9-aJuc8nmm9MQ,Cni2l-VKG_pdospJ6xliXQ,"""Burger Bar""",The Strip,5
ugpGI6jgFq_gDyaGBn1Cmw,Cni2l-VKG_pdospJ6xliXQ,"""Burger Bar""",The Strip,4
6OLa_4UxVFQhwQx76DMBxw,7fxebHYUwIF6CakxSr70iQ,"""Carnevino""",The Strip,1
jshNg9d1IuGcsGxGBKracQ,7fxebHYUwIF6CakxSr70iQ,"""Carnevino""",The Strip,3
jshNg9d1IuGcsGxGBKracQ,Cni2l-VKG_pdospJ6xliXQ,"""Burger Bar""",The Strip,5
L9XZe2Bx6TzqrUp2YbFOLQ,u-67zd1ImTv3EEr5kIdWrA,"""House of Blues - Music Venue""",The Strip,4
lUSTYwIZX8VZPUHNh_A0qQ,pKk7jCFIm96qDdk0laVT2w,"""StripSteak""",The Strip,2
7dnh9OrD8LekBwvachGH5Q,Cni2l-VKG_pdospJ6xliXQ,"""Burger Bar""",The Strip,3
iIhDrDVp_tZnSn3XMNLQ2Q,7fxebHYUwIF6CakxSr70iQ,"""Carnevino""",The Strip,5
HQNKiFYpPzp_st2jPLf4mQ,Cni2l-VKG_pdospJ6xliXQ,"""Burger Bar""",The Strip,3
3YK7REruC4FwDTOj8zUYcQ,CCRgGKhzxSpl38w7yhqKUw,"""Noodles""",The Strip,5
2QvakfTX184GOqPjdlfaxA,pik4ebdFa0UcUhnNkivFcg,"""Carmine's Italian Restaurant - Las Vegas""",The Strip,5
LVT0AbAlo-kF0uDKEOjxcQ,CCRgGKhzxSpl38w7yhqKUw,"""Noodles""",The Strip,5
LVT0AbAlo-kF0uDKEOjxcQ,Cni2l-VKG_pdospJ6xliXQ,"""Burger Bar""",The Strip,2
SlOendilVJwP8GhRoxJX_w,pKk7jCFIm96qDdk0laVT2w,"""StripSteak""",The Strip,5
ZuWAof5l6yKeft-F1QCWSQ,Cni2l-VKG_pdospJ6xliXQ,"""Burger Bar""",The Strip,5
o0zz9KvYOA6FoRaK0EbIzA,CCRgGKhzxSpl38w7yhqKUw,"""Noodles""",The Strip,4
5Slh4cbi5tLqUAIV91RIaQ,Cni2l-VKG_pdospJ6xliXQ,"""Burger Bar""",The Strip,5
-F3yZ-Dls214RxK1o_K7IA,u-67zd1ImTv3EEr5kIdWrA,"""House of Blues - Music Venue""",The Strip,5
mOifnWQ5JoE2uCzll3G4HQ,CCRgGKhzxSpl38w7yhqKUw,"""Noodles""",The Strip,1
6zzU_lcQhGINIB4cffk2Pg,Cni2l-VKG_pdospJ6xliXQ,"""Burger Bar""",The Strip,3
5_GZPSAc1svAih8-a8hFmg,pKk7jCFIm96qDdk0laVT2w,"""StripSteak""",The Strip,5
85uM-cor3VXCUyVFEe0YNg,7fxebHYUwIF6CakxSr70iQ,"""Carnevino""",The Strip,5
t-U2sPUNmhJ-YqN7fquK6w,Cni2l-VKG_pdospJ6xliXQ,"""Burger Bar""",The Strip,3
cs-sSFKkgSTUjiXCF_-_6Q,u-67zd1ImTv3EEr5kIdWrA,"""House of Blues - Music Venue""",The Strip,2
KBDNQI2isi-drtylCoVu_w,pKk7jCFIm96qDdk0laVT2w,"""StripSteak""",The Strip,5
EEV5sEA-BQozGg8VzOYWOQ,CCRgGKhzxSpl38w7yhqKUw,"""Noodles""",The Strip,1
PzWCKZUkRyuwchIsI07uQw,u-67zd1ImTv3EEr5kIdWrA,"""House of Blues - Music Venue""",The Strip,5
FW4wCh31Ajv39rMoj1sJbA,Cni2l-VKG_pdospJ6xliXQ,"""Burger Bar""",The Strip,5
j755ck8iI3Ybqi8GPdYN2Q,pik4ebdFa0UcUhnNkivFcg,"""Carmine's Italian Restaurant - Las Vegas""",The Strip,5
yXfBad5cK4pcKR_w9A931w,7fxebHYUwIF6CakxSr70iQ,"""Carnevino""",The Strip,3
iS9tY8x5o7NKYZRt1_C0dA,7fxebHYUwIF6CakxSr70iQ,"""Carnevino""",The Strip,5
D6g4lkkM-eXBXYC2y-YUAw,CCRgGKhzxSpl38w7yhqKUw,"""Noodles""",The Strip,4
TFv8f0hxc6yqdpG5TL-uNg,Cni2l-VKG_pdospJ6xliXQ,"""Burger Bar""",The Strip,5
OOTgmLIdHFKzVRIOiRVGkA,CCRgGKhzxSpl38w7yhqKUw,"""Noodles""",The Strip,4
4SJS_m-JXc0oASx6x5Mjkw,Cni2l-VKG_pdospJ6xliXQ,"""Burger Bar""",The Strip,3
WSSUioQuBJaGuoCVux6B2A,Cni2l-VKG_pdospJ6xliXQ,"""Burger Bar""",The Strip,4
3_fvcTn9M_5fCWviCOzxdQ,Cni2l-VKG_pdospJ6xliXQ,"""Burger Bar""",The Strip,4
Msrf26QN1qUhK47MawTMAw,Cni2l-VKG_pdospJ6xliXQ,"""Burger Bar""",The Strip,5
X7eMmndgHouD7vXYSqCRow,Cni2l-VKG_pdospJ6xliXQ,"""Burger Bar""",The Strip,5
3r9BVzKJ7jA4SCDgjhBzZQ,pik4ebdFa0UcUhnNkivFcg,"""Carmine's Italian Restaurant - Las Vegas""",The Strip,2
uLsdhDdFfPGA9NFsZQN2PA,pik4ebdFa0UcUhnNkivFcg,"""Carmine's Italian Restaurant - Las Vegas""",The Strip,5
SGy6GdzJZo27Ugh3ZZhMaw,CCRgGKhzxSpl38w7yhqKUw,"""Noodles""",The Strip,4
6wJUkXZ03Qw9qbxehpux-A,CCRgGKhzxSpl38w7yhqKUw,"""Noodles""",The Strip,2
r5DEHtafAXjG87B7Brw0VQ,Cni2l-VKG_pdospJ6xliXQ,"""Burger Bar""",The Strip,5
qbtWwWvOrFZIbH3snVOJOw,u-67zd1ImTv3EEr5kIdWrA,"""House of Blues - Music Venue""",The Strip,1
zwLq4aVDSH7HyMbVjKfkRg,CCRgGKhzxSpl38w7yhqKUw,"""Noodles""",The Strip,4
xUTqAVBHCjCIykoUAKBodw,u-67zd1ImTv3EEr5kIdWrA,"""House of Blues - Music Venue""",The Strip,5
xUTqAVBHCjCIykoUAKBodw,pKk7jCFIm96qDdk0laVT2w,"""StripSteak""",The Strip,3
KUeQsSuRHXQhuNhWTCcXLw,Cni2l-VKG_pdospJ6xliXQ,"""Burger Bar""",The Strip,5
62p2KSGTCuZAeTvqyS-hFg,7fxebHYUwIF6CakxSr70iQ,"""Carnevino""",The Strip,1
ZQNB_jqhDwu1Qau3JumKRA,7fxebHYUwIF6CakxSr70iQ,"""Carnevino""",The Strip,1
Uv5v7r1eN4XFsKZ2jwn1sg,Cni2l-VKG_pdospJ6xliXQ,"""Burger Bar""",The Strip,3
5eLI-Lbjjy0lC2hABS32Sg,7fxebHYUwIF6CakxSr70iQ,"""Carnevino""",The Strip,2
WYNXicjK_V36OdXRDzeBvw,pKk7jCFIm96qDdk0laVT2w,"""StripSteak""",The Strip,4
E_n3KtAMMrxZSWGb9o9iTg,Cni2l-VKG_pdospJ6xliXQ,"""Burger Bar""",The Strip,2
kmsYq-rbS7NGwstQ9CyqlA,CCRgGKhzxSpl38w7yhqKUw,"""Noodles""",The Strip,3
BmBFOBkCJboDbRn1xtoPgQ,Cni2l-VKG_pdospJ6xliXQ,"""Burger Bar""",The Strip,5
WXVK7uOJa21iXiUPiGF4jA,pKk7jCFIm96qDdk0laVT2w,"""StripSteak""",The Strip,4
WXVK7uOJa21iXiUPiGF4jA,u-67zd1ImTv3EEr5kIdWrA,"""House of Blues - Music Venue""",The Strip,3
WXVK7uOJa21iXiUPiGF4jA,Cni2l-VKG_pdospJ6xliXQ,"""Burger Bar""",The Strip,4
AZRxphVG3RjljoJ7QD39zg,Cni2l-VKG_pdospJ6xliXQ,"""Burger Bar""",The Strip,4
m1X96vPIYRja96l0O0G-3Q,7fxebHYUwIF6CakxSr70iQ,"""Carnevino""",The Strip,5
1qbXEjOkGFt8bv7cOMBzgw,Cni2l-VKG_pdospJ6xliXQ,"""Burger Bar""",The Strip,1
qQC7w7AEGJAsYAfzDip24w,Cni2l-VKG_pdospJ6xliXQ,"""Burger Bar""",The Strip,4
Kez5MabViniF-HUZ166HFw,u-67zd1ImTv3EEr5kIdWrA,"""House of Blues - Music Venue""",The Strip,3
sGIGOFKg_yTd76cDPs6pjA,Cni2l-VKG_pdospJ6xliXQ,"""Burger Bar""",The Strip,4
UYcmGbelzRa0Q6JqzLoguw,pKk7jCFIm96qDdk0laVT2w,"""StripSteak""",The Strip,4
krMG8sy3m_9aTRHgfNJf2A,Cni2l-VKG_pdospJ6xliXQ,"""Burger Bar""",The Strip,5
06wsjUYFFTvCKhOtRuTCsw,Cni2l-VKG_pdospJ6xliXQ,"""Burger Bar""",The Strip,5
Nc6ipczjzeVsibdThRa7aA,pKk7jCFIm96qDdk0laVT2w,"""StripSteak""",The Strip,4
2POpSPQ0nb4p5oE4Sok9aw,7fxebHYUwIF6CakxSr70iQ,"""Carnevino""",The Strip,2
9HDsSv9MNYNg_WOlZ9xF_A,u-67zd1ImTv3EEr5kIdWrA,"""House of Blues - Music Venue""",The Strip,4
Vp5DzIiP_MmaMZMZVFFltA,pKk7jCFIm96qDdk0laVT2w,"""StripSteak""",The Strip,3
s3U36sFJ960PQn91yN4x-w,pKk7jCFIm96qDdk0laVT2w,"""StripSteak""",The Strip,5
5O8yJxFtZokAKVRRCMTAmg,Cni2l-VKG_pdospJ6xliXQ,"""Burger Bar""",The Strip,4
P7tk0TvdBtnZUlTtv8uzzA,pKk7jCFIm96qDdk0laVT2w,"""StripSteak""",The Strip,1
WqcZsAkwxqOf-hNxLIvRGw,pKk7jCFIm96qDdk0laVT2w,"""StripSteak""",The Strip,3
IgGh0HMuPUYH-bwe0U_6_A,Cni2l-VKG_pdospJ6xliXQ,"""Burger Bar""",The Strip,5
urnAblh6kiW_wL8eVN2jxA,Cni2l-VKG_pdospJ6xliXQ,"""Burger Bar""",The Strip,5
cg_05hRU33HSWx1g3AubjQ,u-67zd1ImTv3EEr5kIdWrA,"""House of Blues - Music Venue""",The Strip,4
cg_05hRU33HSWx1g3AubjQ,Cni2l-VKG_pdospJ6xliXQ,"""Burger Bar""",The Strip,4
EvH1Qa4EQmHffrZEumJbNQ,Cni2l-VKG_pdospJ6xliXQ,"""Burger Bar""",The Strip,4
8OeTLey-p-WaL9ErNEci1Q,Cni2l-VKG_pdospJ6xliXQ,"""Burger Bar""",The Strip,3
rP_ohCKc0oppScyKl2Juqw,Cni2l-VKG_pdospJ6xliXQ,"""Burger Bar""",The Strip,5
r0j4IpUbcdC1-HfoMYae4w,Cni2l-VKG_pdospJ6xliXQ,"""Burger Bar""",The Strip,3
6YU4wxo9x1lMzBMaUkWs5Q,Cni2l-VKG_pdospJ6xliXQ,"""Burger Bar""",The Strip,4
Kwabq2SeJwbJMnp1bVO2sg,Cni2l-VKG_pdospJ6xliXQ,"""Burger Bar""",The Strip,1
0q4dBp-rDyJBIbqzBIlNGw,Cni2l-VKG_pdospJ6xliXQ,"""Burger Bar""",The Strip,4
XDiXo0AaAJmFwFioZiLOtg,pKk7jCFIm96qDdk0laVT2w,"""StripSteak""",The Strip,4
Kn0ouhCWyQsf7V_rKH9OIA,7fxebHYUwIF6CakxSr70iQ,"""Carnevino""",The Strip,5
nQhxjCpGDgmkRZwhwwcOKQ,7fxebHYUwIF6CakxSr70iQ,"""Carnevino""",The Strip,4
mI6kFnKk9FARzfla7GAJaQ,pKk7jCFIm96qDdk0laVT2w,"""StripSteak""",The Strip,1
CziKNLs3bp9kxOFsX4KiPA,pKk7jCFIm96qDdk0laVT2w,"""StripSteak""",The Strip,2
85uM-cor3VXCUyVFEe0YNg,Cni2l-VKG_pdospJ6xliXQ,"""Burger Bar""",The Strip,2
6Yl7L3w6Sa4fIx_z48c1qw,Cni2l-VKG_pdospJ6xliXQ,"""Burger Bar""",The Strip,5
G0XkU-XKbtCDjNRQdNJlTw,CCRgGKhzxSpl38w7yhqKUw,"""Noodles""",The Strip,1
9eTHWIIMC3WFglX8xGDOxw,u-67zd1ImTv3EEr5kIdWrA,"""House of Blues - Music Venue""",The Strip,3
tGZ4Y0nzx2B3_lngaBipYw,Cni2l-VKG_pdospJ6xliXQ,"""Burger Bar""",The Strip,4
cqGNPY-Do-Zv4CcYpHJ3mQ,7fxebHYUwIF6CakxSr70iQ,"""Carnevino""",The Strip,5
VEMNTjBgo7E5rltYJeG8ZA,pik4ebdFa0UcUhnNkivFcg,"""Carmine's Italian Restaurant - Las Vegas""",The Strip,3
9Z3L9iol8nb-bBg3UFkv_g,Cni2l-VKG_pdospJ6xliXQ,"""Burger Bar""",The Strip,4
gTLXCqfz2MLuFPivHf7ABQ,7fxebHYUwIF6CakxSr70iQ,"""Carnevino""",The Strip,5
gdvERpyZ7daiBBAOoU5o3Q,pKk7jCFIm96qDdk0laVT2w,"""StripSteak""",The Strip,5
eyt40SUZ8VWXyqxCxGfZTA,pik4ebdFa0UcUhnNkivFcg,"""Carmine's Italian Restaurant - Las Vegas""",The Strip,4
eyt40SUZ8VWXyqxCxGfZTA,Cni2l-VKG_pdospJ6xliXQ,"""Burger Bar""",The Strip,4
RM4IVqMGA1U0UIlbpFLRwQ,pKk7jCFIm96qDdk0laVT2w,"""StripSteak""",The Strip,5
KuedpkRHA45hDrxxX2eq3w,pik4ebdFa0UcUhnNkivFcg,"""Carmine's Italian Restaurant - Las Vegas""",The Strip,5
RDZV5cfJRE5Ocyl67Mm7UA,pKk7jCFIm96qDdk0laVT2w,"""StripSteak""",The Strip,4
RDZV5cfJRE5Ocyl67Mm7UA,Cni2l-VKG_pdospJ6xliXQ,"""Burger Bar""",The Strip,3
MIyk7EehR0HUumHyJECaOg,Cni2l-VKG_pdospJ6xliXQ,"""Burger Bar""",The Strip,5
bhJ6ivAuSpgXP4JiKWjSZQ,Cni2l-VKG_pdospJ6xliXQ,"""Burger Bar""",The Strip,3
NDKicKaBmcLGBpv99XBLOg,u-67zd1ImTv3EEr5kIdWrA,"""House of Blues - Music Venue""",The Strip,5
hJafcBUmiTB5csUJSbVklA,u-67zd1ImTv3EEr5kIdWrA,"""House of Blues - Music Venue""",The Strip,1
Q-XmXD1Wepm2B9mol3Pi0w,pik4ebdFa0UcUhnNkivFcg,"""Carmine's Italian Restaurant - Las Vegas""",The Strip,5
N-jLtUfESMkX9b7iqXtP_g,Cni2l-VKG_pdospJ6xliXQ,"""Burger Bar""",The Strip,4
MFhLRCyqpo1pp8CSQHEP_A,Cni2l-VKG_pdospJ6xliXQ,"""Burger Bar""",The Strip,5
-bLdd0wCh6LnxQ3Z88_5jg,7fxebHYUwIF6CakxSr70iQ,"""Carnevino""",The Strip,5
jQB-yh5WoOPMrfqwZEBfSg,7fxebHYUwIF6CakxSr70iQ,"""Carnevino""",The Strip,5
xpkYTJb1kGzhn5QDT2ydNQ,Cni2l-VKG_pdospJ6xliXQ,"""Burger Bar""",The Strip,5
VD7X4Cl47nUlwYfB8jcvig,u-67zd1ImTv3EEr5kIdWrA,"""House of Blues - Music Venue""",The Strip,5
b075tfHPcyZeP-xiafp1LQ,pKk7jCFIm96qDdk0laVT2w,"""StripSteak""",The Strip,5
-Vrb0dmE3AxJuJ0dyVY4NA,u-67zd1ImTv3EEr5kIdWrA,"""House of Blues - Music Venue""",The Strip,5
-qQIp-qzB3NXfIr2Wop83Q,pKk7jCFIm96qDdk0laVT2w,"""StripSteak""",The Strip,2
CLhwqxLbc4GsNLDUC0gaww,Cni2l-VKG_pdospJ6xliXQ,"""Burger Bar""",The Strip,3
lKT4U1-Nz0g5kMcKSiSk6w,Cni2l-VKG_pdospJ6xliXQ,"""Burger Bar""",The Strip,2
oOLIY-z1fMoS6Nbf3nwOyA,CCRgGKhzxSpl38w7yhqKUw,"""Noodles""",The Strip,3
8PN3HwXgJ-eUiB82gAPdQg,Cni2l-VKG_pdospJ6xliXQ,"""Burger Bar""",The Strip,4
JENs7gmDXUkXplFSXLXR0Q,7fxebHYUwIF6CakxSr70iQ,"""Carnevino""",The Strip,4
TO5G32j_BZ7zRI3CEPyQ6w,Cni2l-VKG_pdospJ6xliXQ,"""Burger Bar""",The Strip,5
vGi1Y7cGGVYME22JtiZM7A,Cni2l-VKG_pdospJ6xliXQ,"""Burger Bar""",The Strip,4
xtHn0bafbHfeTsBq3xs-wg,CCRgGKhzxSpl38w7yhqKUw,"""Noodles""",The Strip,4
oshnCjoowc9RJdMmnCpA8A,Cni2l-VKG_pdospJ6xliXQ,"""Burger Bar""",The Strip,5
CkVjeTQNQol9A7R21sa_mw,7fxebHYUwIF6CakxSr70iQ,"""Carnevino""",The Strip,4
16i0SmGbo8Vyyqli-Gcl6w,Cni2l-VKG_pdospJ6xliXQ,"""Burger Bar""",The Strip,5
0XUT600cCh-fFCS4SZe-tQ,7fxebHYUwIF6CakxSr70iQ,"""Carnevino""",The Strip,5
5vLaESxxkVOKgIEFc9pP0g,7fxebHYUwIF6CakxSr70iQ,"""Carnevino""",The Strip,5
Hpn23vXZq7HmzaOwAy2_-A,CCRgGKhzxSpl38w7yhqKUw,"""Noodles""",The Strip,2
GKZw9pVMesGBRfCR7Q_bgw,pKk7jCFIm96qDdk0laVT2w,"""StripSteak""",The Strip,5
asRT5PAkQpaOoVNikH3RHQ,u-67zd1ImTv3EEr5kIdWrA,"""House of Blues - Music Venue""",The Strip,4
G4xO4tT0ltQWUs2pKUvpfg,u-67zd1ImTv3EEr5kIdWrA,"""House of Blues - Music Venue""",The Strip,4
Ptv3b4b_nbpF0SlTWlUdWg,Cni2l-VKG_pdospJ6xliXQ,"""Burger Bar""",The Strip,3
1mLyt-XSTwU5gUJWkCQ9fA,u-67zd1ImTv3EEr5kIdWrA,"""House of Blues - Music Venue""",The Strip,5
HUS7om6WoGk3OoCivJC3zg,7fxebHYUwIF6CakxSr70iQ,"""Carnevino""",The Strip,1
K6h0y_nilh7kTeXmG_Q0pw,7fxebHYUwIF6CakxSr70iQ,"""Carnevino""",The Strip,4
edMTkM8eoD3FLcpO_OxnqQ,Cni2l-VKG_pdospJ6xliXQ,"""Burger Bar""",The Strip,3
URXhuUuywulaV5laplhxpg,Cni2l-VKG_pdospJ6xliXQ,"""Burger Bar""",The Strip,5
zb5Qxyx1Lm5Av8WCrZVzEg,pik4ebdFa0UcUhnNkivFcg,"""Carmine's Italian Restaurant - Las Vegas""",The Strip,1
4wbu4oRDqI4rclBK_ZfqQQ,Cni2l-VKG_pdospJ6xliXQ,"""Burger Bar""",The Strip,3
dgcVExoR_Gpo_tmzY5HpGQ,pKk7jCFIm96qDdk0laVT2w,"""StripSteak""",The Strip,4
dgcVExoR_Gpo_tmzY5HpGQ,Cni2l-VKG_pdospJ6xliXQ,"""Burger Bar""",The Strip,5
dgddMzrgMfxdRFes4TrPLA,Cni2l-VKG_pdospJ6xliXQ,"""Burger Bar""",The Strip,4
_W4y7ku6Q0uGoiI3ePtkgQ,7fxebHYUwIF6CakxSr70iQ,"""Carnevino""",The Strip,5
Bup5rU9ohlTJ5grYu4ROZA,7fxebHYUwIF6CakxSr70iQ,"""Carnevino""",The Strip,5
xztPbkxk-YlWWH7jRTCNSw,pKk7jCFIm96qDdk0laVT2w,"""StripSteak""",The Strip,5
u0rMrAa9kOj6c1WZ5hcpPw,7fxebHYUwIF6CakxSr70iQ,"""Carnevino""",The Strip,2
MwowPOKZwi7RKaN-S9XCdQ,pKk7jCFIm96qDdk0laVT2w,"""StripSteak""",The Strip,5
jfoj2zH7S44pKuv9axlJWw,u-67zd1ImTv3EEr5kIdWrA,"""House of Blues - Music Venue""",The Strip,5
BQ9oLWYiO-XUcXzmkDXzHg,Cni2l-VKG_pdospJ6xliXQ,"""Burger Bar""",The Strip,2
adQwdRvhjscGDbIZkvFmEQ,7fxebHYUwIF6CakxSr70iQ,"""Carnevino""",The Strip,3
U3L7gAvzQu4t0-0Wup1A0A,pKk7jCFIm96qDdk0laVT2w,"""StripSteak""",The Strip,5
tXhscxwFTd-ayLTdPx_2yA,7fxebHYUwIF6CakxSr70iQ,"""Carnevino""",The Strip,3
n5zHIJwSXmAJQgBi0svsHw,Cni2l-VKG_pdospJ6xliXQ,"""Burger Bar""",The Strip,5
6uFtwm9OnL2o5Es9_lLReg,7fxebHYUwIF6CakxSr70iQ,"""Carnevino""",The Strip,5
PCFhvL-IRq8xIlaEzuovXA,pKk7jCFIm96qDdk0laVT2w,"""StripSteak""",The Strip,1
NSZl_iazjtEZ8IlX30OIWg,CCRgGKhzxSpl38w7yhqKUw,"""Noodles""",The Strip,1
JITevzyEgskIJc6sgOyEgw,CCRgGKhzxSpl38w7yhqKUw,"""Noodles""",The Strip,4
tV0ZQOddEv2rbFYrR_8LdA,CCRgGKhzxSpl38w7yhqKUw,"""Noodles""",The Strip,4
m9HuMPmSWL1hqd25A2j7DA,Cni2l-VKG_pdospJ6xliXQ,"""Burger Bar""",The Strip,4
ftbbcJM_jt8etpUIL42isQ,Cni2l-VKG_pdospJ6xliXQ,"""Burger Bar""",The Strip,5
8Ltn4JMksARzDM8TpE3PfQ,7fxebHYUwIF6CakxSr70iQ,"""Carnevino""",The Strip,4
IJpCK-cyKrwBpIz6X6jB8g,u-67zd1ImTv3EEr5kIdWrA,"""House of Blues - Music Venue""",The Strip,3
6Oj0jFLPxxDCuS4eOrBdBg,pKk7jCFIm96qDdk0laVT2w,"""StripSteak""",The Strip,5
xVfK4hxPqr57SRleHT1U5w,pik4ebdFa0UcUhnNkivFcg,"""Carmine's Italian Restaurant - Las Vegas""",The Strip,5
xRJyMR1_QPuZuUhUuVaooQ,7fxebHYUwIF6CakxSr70iQ,"""Carnevino""",The Strip,3
4x504qbGi7dBPopAong31g,CCRgGKhzxSpl38w7yhqKUw,"""Noodles""",The Strip,5
nVEO_vMEkWUFk9eIBuh_kw,pKk7jCFIm96qDdk0laVT2w,"""StripSteak""",The Strip,3
cjNa0LO5D--5D3h5YSMHRg,pKk7jCFIm96qDdk0laVT2w,"""StripSteak""",The Strip,5
ye-STmcAm6EnNRePYkQDOw,pKk7jCFIm96qDdk0laVT2w,"""StripSteak""",The Strip,2
HDlXlNwXjxvo026xRyDqgw,CCRgGKhzxSpl38w7yhqKUw,"""Noodles""",The Strip,5
ZTNAnFpWz1OnAq0kuoCh1Q,7fxebHYUwIF6CakxSr70iQ,"""Carnevino""",The Strip,3
pcxkHV_jp0Twn5qrFW54yw,Cni2l-VKG_pdospJ6xliXQ,"""Burger Bar""",The Strip,3
MuDxIwqJNLyXlU3DWBxpwQ,pKk7jCFIm96qDdk0laVT2w,"""StripSteak""",The Strip,5
_ngZhM91LjPc7mlIvT0KYQ,pKk7jCFIm96qDdk0laVT2w,"""StripSteak""",The Strip,2
7zd0tBzdePu-dGurBwW9Yw,7fxebHYUwIF6CakxSr70iQ,"""Carnevino""",The Strip,4
5BmMpDqDLGbYAvj5G1bt0A,Cni2l-VKG_pdospJ6xliXQ,"""Burger Bar""",The Strip,1
2oF_oHcerMolLL6jlO-aDA,CCRgGKhzxSpl38w7yhqKUw,"""Noodles""",The Strip,3
VHjR5F6mdnLrQcCb0nqCYg,CCRgGKhzxSpl38w7yhqKUw,"""Noodles""",The Strip,3
utb6bhr1Fx7_Z5hZnPq_dQ,u-67zd1ImTv3EEr5kIdWrA,"""House of Blues - Music Venue""",The Strip,1
9ZvScLtxqxGmIpgP-AeMNA,CCRgGKhzxSpl38w7yhqKUw,"""Noodles""",The Strip,4
AbS86Ke5m8ESMMJeUfyEiw,CCRgGKhzxSpl38w7yhqKUw,"""Noodles""",The Strip,4
06nvMytGvUEG3l4go2mGmQ,CCRgGKhzxSpl38w7yhqKUw,"""Noodles""",The Strip,4
06nvMytGvUEG3l4go2mGmQ,pKk7jCFIm96qDdk0laVT2w,"""StripSteak""",The Strip,5
CUpV9vg6djG6ilg4Vd_2aA,7fxebHYUwIF6CakxSr70iQ,"""Carnevino""",The Strip,2
eiD7FCOyKtFjjfxy49I2VA,Cni2l-VKG_pdospJ6xliXQ,"""Burger Bar""",The Strip,5
YDXHsLuMrlJ4yDr4na0eOQ,u-67zd1ImTv3EEr5kIdWrA,"""House of Blues - Music Venue""",The Strip,5
rMgS9khPQdThSIW4SmpIzA,pKk7jCFIm96qDdk0laVT2w,"""StripSteak""",The Strip,5
erJ1HQwavgZx4996SMIxrA,Cni2l-VKG_pdospJ6xliXQ,"""Burger Bar""",The Strip,3
Ez8ifxrtOUT5TM4817scOQ,Cni2l-VKG_pdospJ6xliXQ,"""Burger Bar""",The Strip,5
iRmmIM8JvuirNeeOuURCFQ,Cni2l-VKG_pdospJ6xliXQ,"""Burger Bar""",The Strip,3
a3D3lxGEDlZ-XyqdZtnxSg,pKk7jCFIm96qDdk0laVT2w,"""StripSteak""",The Strip,4
U0PF-i9Dr7JrDFSStZLkrw,CCRgGKhzxSpl38w7yhqKUw,"""Noodles""",The Strip,5
pKu5P7pD4en0GbQTDMv3ew,pik4ebdFa0UcUhnNkivFcg,"""Carmine's Italian Restaurant - Las Vegas""",The Strip,4
GcQkAWX_cfyAnZ3TwhiQSQ,pik4ebdFa0UcUhnNkivFcg,"""Carmine's Italian Restaurant - Las Vegas""",The Strip,5
4eR6hYFJcBHoAqhuOS07ww,pKk7jCFIm96qDdk0laVT2w,"""StripSteak""",The Strip,3
gkxHpjPMkpAR1kb8rqEa3Q,pKk7jCFIm96qDdk0laVT2w,"""StripSteak""",The Strip,4
u6DHB83bkVyQheRpJuuEew,7fxebHYUwIF6CakxSr70iQ,"""Carnevino""",The Strip,4
t9qWL9TCpO7C3RSl2ZETNg,7fxebHYUwIF6CakxSr70iQ,"""Carnevino""",The Strip,3
leY7FqJ3NKPzpM5awAQ2-Q,7fxebHYUwIF6CakxSr70iQ,"""Carnevino""",The Strip,5
_QK6eraSnfoKWJJBMmayvg,Cni2l-VKG_pdospJ6xliXQ,"""Burger Bar""",The Strip,5
Yn8O60TbmgtFEVZ0W0P4OA,Cni2l-VKG_pdospJ6xliXQ,"""Burger Bar""",The Strip,3
d4FeL1Kc0o-aHUzFm0Kmrg,pik4ebdFa0UcUhnNkivFcg,"""Carmine's Italian Restaurant - Las Vegas""",The Strip,5
B6xxXHebsWphZe4_uXi3pw,pik4ebdFa0UcUhnNkivFcg,"""Carmine's Italian Restaurant - Las Vegas""",The Strip,4
k9_Vpu1g_fyVj8E03I7JgA,7fxebHYUwIF6CakxSr70iQ,"""Carnevino""",The Strip,2
uqEPHUnpXhb18sXIAccmhw,Cni2l-VKG_pdospJ6xliXQ,"""Burger Bar""",The Strip,4
PeHH5Enfiy9VVWx6OK8Rdg,Cni2l-VKG_pdospJ6xliXQ,"""Burger Bar""",The Strip,3
G40odYEY9J4iWOZvfRT_xA,CCRgGKhzxSpl38w7yhqKUw,"""Noodles""",The Strip,3
ZeXcyZ5gtj5mYJJfKHmZjw,7fxebHYUwIF6CakxSr70iQ,"""Carnevino""",The Strip,3
hmIfs8kGFRLhBtYRyM_VgQ,pKk7jCFIm96qDdk0laVT2w,"""StripSteak""",The Strip,4
O75-Itl3Gr3EuulhvGPUsA,CCRgGKhzxSpl38w7yhqKUw,"""Noodles""",The Strip,5
PEk3pu5Hb3dOZpLqAWYlWg,u-67zd1ImTv3EEr5kIdWrA,"""House of Blues - Music Venue""",The Strip,4
kQls5Gl1y-jPS4SVZ0gj1A,u-67zd1ImTv3EEr5kIdWrA,"""House of Blues - Music Venue""",The Strip,4
z8agQOwtA6P8LHmfuZy_Zg,7fxebHYUwIF6CakxSr70iQ,"""Carnevino""",The Strip,5
JcCNyiiwxprHRsdP4tKijA,CCRgGKhzxSpl38w7yhqKUw,"""Noodles""",The Strip,2
OoNmyaL_zN9WU25w8tLHJw,Cni2l-VKG_pdospJ6xliXQ,"""Burger Bar""",The Strip,5
aKDe5qvoYT_1jdMOalehmQ,Cni2l-VKG_pdospJ6xliXQ,"""Burger Bar""",The Strip,4
EQaXBGiFMnV0bcejp2DIRQ,pKk7jCFIm96qDdk0laVT2w,"""StripSteak""",The Strip,5
LZFFV6Mt0a_XGKjJwW-OqQ,u-67zd1ImTv3EEr5kIdWrA,"""House of Blues - Music Venue""",The Strip,5
E1jR_BAfdiBVw5bgbwwR6A,CCRgGKhzxSpl38w7yhqKUw,"""Noodles""",The Strip,2
6keFM0JGBqxNHkoiS_qxjA,u-67zd1ImTv3EEr5kIdWrA,"""House of Blues - Music Venue""",The Strip,4
RnGUBhZekRILJfbUAB8_TA,7fxebHYUwIF6CakxSr70iQ,"""Carnevino""",The Strip,5
qzkA4pdGVtQOxYUOdQtuKA,pik4ebdFa0UcUhnNkivFcg,"""Carmine's Italian Restaurant - Las Vegas""",The Strip,5
WuIFgmGkbSm47B1MmnL_-A,pKk7jCFIm96qDdk0laVT2w,"""StripSteak""",The Strip,5
9xwNUsltP3ps8lu4YLW6pQ,7fxebHYUwIF6CakxSr70iQ,"""Carnevino""",The Strip,1
KZOTuKvXRkd_xnJwZv9neA,Cni2l-VKG_pdospJ6xliXQ,"""Burger Bar""",The Strip,3
OtZfrVp36gfcY6fNd8lKGQ,Cni2l-VKG_pdospJ6xliXQ,"""Burger Bar""",The Strip,4
xnNZyvq9hdTfiVfC-w_qMw,u-67zd1ImTv3EEr5kIdWrA,"""House of Blues - Music Venue""",The Strip,1
YmTYfzrC4Z2JbyOucGVJtA,Cni2l-VKG_pdospJ6xliXQ,"""Burger Bar""",The Strip,3
nl8gWLDo6U6MjqzbBmE_9A,7fxebHYUwIF6CakxSr70iQ,"""Carnevino""",The Strip,4
0dHBPR0U2pKU5r2DTCbPuQ,Cni2l-VKG_pdospJ6xliXQ,"""Burger Bar""",The Strip,3
DwC83r9nBAHbjbHad3v0qg,CCRgGKhzxSpl38w7yhqKUw,"""Noodles""",The Strip,5
qkR762nqUTRQJF-L7KCBlw,7fxebHYUwIF6CakxSr70iQ,"""Carnevino""",The Strip,5
YSN4UwJFf2HtF9DfHiQOmw,7fxebHYUwIF6CakxSr70iQ,"""Carnevino""",The Strip,4
YSN4UwJFf2HtF9DfHiQOmw,Cni2l-VKG_pdospJ6xliXQ,"""Burger Bar""",The Strip,5
px3JxPMCt5YJObuP4cXgHg,Cni2l-VKG_pdospJ6xliXQ,"""Burger Bar""",The Strip,4
j96--XOSoqg9btb177YaYw,Cni2l-VKG_pdospJ6xliXQ,"""Burger Bar""",The Strip,4
iSC96O2NjQc3JExGUHQG0Q,pik4ebdFa0UcUhnNkivFcg,"""Carmine's Italian Restaurant - Las Vegas""",The Strip,4
1wz1YTNiw9FJye3FRhj1AQ,7fxebHYUwIF6CakxSr70iQ,"""Carnevino""",The Strip,4
DPitNu466172os6m0Yri1Q,pik4ebdFa0UcUhnNkivFcg,"""Carmine's Italian Restaurant - Las Vegas""",The Strip,3
g41llyGP9QhTBZop7KnFpA,Cni2l-VKG_pdospJ6xliXQ,"""Burger Bar""",The Strip,4
j0Gxz11hBFPedBANoJYXMQ,u-67zd1ImTv3EEr5kIdWrA,"""House of Blues - Music Venue""",The Strip,5
MzBV9USm8auQx6KKb5ulUw,u-67zd1ImTv3EEr5kIdWrA,"""House of Blues - Music Venue""",The Strip,4
-O0Vg5Jo9GRSSJnQKqwx2A,CCRgGKhzxSpl38w7yhqKUw,"""Noodles""",The Strip,2
nd4YgYM83Q4LVYjsjnhdxg,pKk7jCFIm96qDdk0laVT2w,"""StripSteak""",The Strip,5
8xX4r6NdVYFZZsKJO_kblA,CCRgGKhzxSpl38w7yhqKUw,"""Noodles""",The Strip,4
bLbSNkLggFnqwNNzzq-Ijw,pik4ebdFa0UcUhnNkivFcg,"""Carmine's Italian Restaurant - Las Vegas""",The Strip,4
WpFrNa8Dp43UKBJr5lfkyw,pik4ebdFa0UcUhnNkivFcg,"""Carmine's Italian Restaurant - Las Vegas""",The Strip,1
k4M43lXJuQMpQW65DTqzIQ,Cni2l-VKG_pdospJ6xliXQ,"""Burger Bar""",The Strip,4
xkw8gpYo8T7x9UQMV5Rfag,Cni2l-VKG_pdospJ6xliXQ,"""Burger Bar""",The Strip,5
6QohF_QhXMN4LyvAb5vDqw,Cni2l-VKG_pdospJ6xliXQ,"""Burger Bar""",The Strip,4
DoRCeCcJbrsM2BiAKj3trA,7fxebHYUwIF6CakxSr70iQ,"""Carnevino""",The Strip,5
DoRCeCcJbrsM2BiAKj3trA,u-67zd1ImTv3EEr5kIdWrA,"""House of Blues - Music Venue""",The Strip,4
xwxhvfWs_ycXzhRc335Dag,Cni2l-VKG_pdospJ6xliXQ,"""Burger Bar""",The Strip,5
Yffou5iob0XI8yxDuTqMKw,Cni2l-VKG_pdospJ6xliXQ,"""Burger Bar""",The Strip,5
WKbr_QL6C65_KekGzuagbw,pik4ebdFa0UcUhnNkivFcg,"""Carmine's Italian Restaurant - Las Vegas""",The Strip,5
xEaQP-ylks5c6iho8J932g,pik4ebdFa0UcUhnNkivFcg,"""Carmine's Italian Restaurant - Las Vegas""",The Strip,5
bN25cOkFDluT1NjMNkWqAQ,CCRgGKhzxSpl38w7yhqKUw,"""Noodles""",The Strip,2
J_fLxGcioWI1q51lxe26HQ,pik4ebdFa0UcUhnNkivFcg,"""Carmine's Italian Restaurant - Las Vegas""",The Strip,4
oJ15i4iUESgBkDwcTK-fMQ,pKk7jCFIm96qDdk0laVT2w,"""StripSteak""",The Strip,5
oJ15i4iUESgBkDwcTK-fMQ,Cni2l-VKG_pdospJ6xliXQ,"""Burger Bar""",The Strip,5
5v3mjpAo2pBLctHbYvdmnw,7fxebHYUwIF6CakxSr70iQ,"""Carnevino""",The Strip,2
o9_7OuDi8XfydzGi0jYvsA,CCRgGKhzxSpl38w7yhqKUw,"""Noodles""",The Strip,1
K1S4NnoaWybS1B7xBF-SEA,u-67zd1ImTv3EEr5kIdWrA,"""House of Blues - Music Venue""",The Strip,5
PNF0KXB9-RJMveiLvgkASw,pik4ebdFa0UcUhnNkivFcg,"""Carmine's Italian Restaurant - Las Vegas""",The Strip,4
d3fLfElcJDz5GCOY7CRktA,u-67zd1ImTv3EEr5kIdWrA,"""House of Blues - Music Venue""",The Strip,5
xyYWokhErgWfmS9uWyc3Jg,pKk7jCFIm96qDdk0laVT2w,"""StripSteak""",The Strip,4
e-1X-FLmRhAy-itsSbOdjA,Cni2l-VKG_pdospJ6xliXQ,"""Burger Bar""",The Strip,5
CMu9FmdK8xpiawJowJuGQg,CCRgGKhzxSpl38w7yhqKUw,"""Noodles""",The Strip,5
_W4y7ku6Q0uGoiI3ePtkgQ,u-67zd1ImTv3EEr5kIdWrA,"""House of Blues - Music Venue""",The Strip,3
y9-bfJEhXvU98vwt5UejuA,7fxebHYUwIF6CakxSr70iQ,"""Carnevino""",The Strip,4
Qn0hKFVFQEBSqJ-SmftgCQ,pik4ebdFa0UcUhnNkivFcg,"""Carmine's Italian Restaurant - Las Vegas""",The Strip,5
LDw5nXlxZsPmZFDu23zfYg,pKk7jCFIm96qDdk0laVT2w,"""StripSteak""",The Strip,3
YalRLFVGKqT9HVNu2oh9mw,u-67zd1ImTv3EEr5kIdWrA,"""House of Blues - Music Venue""",The Strip,5
7J6Hb7VuTsJq50iiNwqvCg,7fxebHYUwIF6CakxSr70iQ,"""Carnevino""",The Strip,2
S33DHKNGNejR_qNawgbNRA,CCRgGKhzxSpl38w7yhqKUw,"""Noodles""",The Strip,2
UNDhCRapbwVY0sF4MGhW0Q,7fxebHYUwIF6CakxSr70iQ,"""Carnevino""",The Strip,5
5uAmmRFumwV2JNkRG8POTg,7fxebHYUwIF6CakxSr70iQ,"""Carnevino""",The Strip,2
JhXu0gRA4R8ZWwGFoBDqvw,Cni2l-VKG_pdospJ6xliXQ,"""Burger Bar""",The Strip,2
4bQp5jnqpoQpNfxMg1y_xQ,pKk7jCFIm96qDdk0laVT2w,"""StripSteak""",The Strip,4
OFO7c5_l2Q6k0Z6s9-idPw,u-67zd1ImTv3EEr5kIdWrA,"""House of Blues - Music Venue""",The Strip,5
q0V79dMoveW_362GFcsDLg,CCRgGKhzxSpl38w7yhqKUw,"""Noodles""",The Strip,5
rY2rxCHslXoR5Bvxd5PIDg,pik4ebdFa0UcUhnNkivFcg,"""Carmine's Italian Restaurant - Las Vegas""",The Strip,1
3VL7MACAowyjclox32U-kw,7fxebHYUwIF6CakxSr70iQ,"""Carnevino""",The Strip,5
BwLt5mGd50_BCpz65U3dNA,pKk7jCFIm96qDdk0laVT2w,"""StripSteak""",The Strip,2
y9PMPI5FSY_N4_icqQaHeQ,CCRgGKhzxSpl38w7yhqKUw,"""Noodles""",The Strip,3
5lXcgXIMOGmWtCQRJtOnsw,7fxebHYUwIF6CakxSr70iQ,"""Carnevino""",The Strip,5
ZzC-ngWslLIw2hZbWFs3VQ,7fxebHYUwIF6CakxSr70iQ,"""Carnevino""",The Strip,3
7ptLDhjz7Cd8SPg5_iEG9w,Cni2l-VKG_pdospJ6xliXQ,"""Burger Bar""",The Strip,5
WUJxg33KyOG2_FsB49NGmA,u-67zd1ImTv3EEr5kIdWrA,"""House of Blues - Music Venue""",The Strip,5
7m4hy4IKBCuwNNzvM_aY4g,u-67zd1ImTv3EEr5kIdWrA,"""House of Blues - Music Venue""",The Strip,3
pXmPoxH1dZUITaxeQgNeXQ,7fxebHYUwIF6CakxSr70iQ,"""Carnevino""",The Strip,5
k6t-pfuBKpli9OhRr-3GkA,Cni2l-VKG_pdospJ6xliXQ,"""Burger Bar""",The Strip,4
Qqs0nylFFIefn65okipNww,Cni2l-VKG_pdospJ6xliXQ,"""Burger Bar""",The Strip,5
ioLQrCvCBz3HmlKZeFxbJQ,Cni2l-VKG_pdospJ6xliXQ,"""Burger Bar""",The Strip,5
nDlXWvimtjsDdtqiSVPSLg,pik4ebdFa0UcUhnNkivFcg,"""Carmine's Italian Restaurant - Las Vegas""",The Strip,3
SwyHccVzUDVH_Je4XBuSYA,u-67zd1ImTv3EEr5kIdWrA,"""House of Blues - Music Venue""",The Strip,4
0z_xo6QA3FTnHub0t3G9kA,7fxebHYUwIF6CakxSr70iQ,"""Carnevino""",The Strip,4
tZ6UTquj55ULeqKjckOsug,CCRgGKhzxSpl38w7yhqKUw,"""Noodles""",The Strip,3
tZ6UTquj55ULeqKjckOsug,Cni2l-VKG_pdospJ6xliXQ,"""Burger Bar""",The Strip,3
XKmUfW4q6RZ4XKJqxOatew,pKk7jCFIm96qDdk0laVT2w,"""StripSteak""",The Strip,5
ChKHMb5xCCjO99vac3MhnQ,Cni2l-VKG_pdospJ6xliXQ,"""Burger Bar""",The Strip,4
eqwYJSlHsGYaotedCtdX0A,Cni2l-VKG_pdospJ6xliXQ,"""Burger Bar""",The Strip,3
ftim8Jl7IOS53p0XxR3D_A,pKk7jCFIm96qDdk0laVT2w,"""StripSteak""",The Strip,5
KMKokAO3wQQxQq4qE0Kerg,Cni2l-VKG_pdospJ6xliXQ,"""Burger Bar""",The Strip,3
ypnN7tlKb_H7tixXuYND2Q,Cni2l-VKG_pdospJ6xliXQ,"""Burger Bar""",The Strip,4
M4qSxWomn0xZbmnwx6CfGg,CCRgGKhzxSpl38w7yhqKUw,"""Noodles""",The Strip,1
XxyyTYuL7KrrBFg8a14bEA,u-67zd1ImTv3EEr5kIdWrA,"""House of Blues - Music Venue""",The Strip,1
8u9X-s7gkxaQz8Y7HazzoQ,Cni2l-VKG_pdospJ6xliXQ,"""Burger Bar""",The Strip,4
XMN0nIXjW_wEyKQZCIyIYQ,pKk7jCFIm96qDdk0laVT2w,"""StripSteak""",The Strip,5
VQwCS8gmlyV6bF1EYOk9Pw,u-67zd1ImTv3EEr5kIdWrA,"""House of Blues - Music Venue""",The Strip,1
pgMxiwSL7Hhz98jxCkYqHA,pik4ebdFa0UcUhnNkivFcg,"""Carmine's Italian Restaurant - Las Vegas""",The Strip,3
YdG11ADpXQNf5FPzYRMIbQ,pKk7jCFIm96qDdk0laVT2w,"""StripSteak""",The Strip,2
k2TAP1NMIK3PAL3LmNEq0w,CCRgGKhzxSpl38w7yhqKUw,"""Noodles""",The Strip,3
0sdPJMBJzayFOuDl-K8QFg,7fxebHYUwIF6CakxSr70iQ,"""Carnevino""",The Strip,1
416uX1dOkO0kj8tkCfhnCw,Cni2l-VKG_pdospJ6xliXQ,"""Burger Bar""",The Strip,2
p9h8DHNGmvWrIpE727vVkw,CCRgGKhzxSpl38w7yhqKUw,"""Noodles""",The Strip,4
Sz2MjKvXX_xVvrio5KzQJw,Cni2l-VKG_pdospJ6xliXQ,"""Burger Bar""",The Strip,5
fkiVY_nfEdP_moBkgRE64g,Cni2l-VKG_pdospJ6xliXQ,"""Burger Bar""",The Strip,5
0Hq4GFZtA_lAgn1EN6ILqA,7fxebHYUwIF6CakxSr70iQ,"""Carnevino""",The Strip,5
-bo07i5K6Y-vFk-iJfy10Q,pKk7jCFIm96qDdk0laVT2w,"""StripSteak""",The Strip,5
LOAzit0Ab2MdtlCJFw3-cw,7fxebHYUwIF6CakxSr70iQ,"""Carnevino""",The Strip,3
3BfYHjkmo6n1vqPZQ0t59g,pKk7jCFIm96qDdk0laVT2w,"""StripSteak""",The Strip,5
WhiHeqzJAUx0rRw78Tq5TA,Cni2l-VKG_pdospJ6xliXQ,"""Burger Bar""",The Strip,4
8oMBsKkbGFSPhzK4PBWdSg,7fxebHYUwIF6CakxSr70iQ,"""Carnevino""",The Strip,2
sm6AzP6HSQhI9j9V_oiPWA,Cni2l-VKG_pdospJ6xliXQ,"""Burger Bar""",The Strip,2
8DS_lhP4fr3D8kBDcuL3fQ,Cni2l-VKG_pdospJ6xliXQ,"""Burger Bar""",The Strip,3
TZLuRfGKannglHkO9XZoQw,Cni2l-VKG_pdospJ6xliXQ,"""Burger Bar""",The Strip,1
Y9nUAyXtthXksadH__eblg,7fxebHYUwIF6CakxSr70iQ,"""Carnevino""",The Strip,5
RUDYZSMCToAiVCWEMVLP7Q,7fxebHYUwIF6CakxSr70iQ,"""Carnevino""",The Strip,4
tJW7CSehQbuXu97ilY_uEA,Cni2l-VKG_pdospJ6xliXQ,"""Burger Bar""",The Strip,4
GABWrw5Et9jubriKwMUDbw,7fxebHYUwIF6CakxSr70iQ,"""Carnevino""",The Strip,4
cIofQoDbdbDf47s3-GhRoA,CCRgGKhzxSpl38w7yhqKUw,"""Noodles""",The Strip,3
b3DYIU3TFc4gy9H_50_hUA,Cni2l-VKG_pdospJ6xliXQ,"""Burger Bar""",The Strip,5
t1iaOuRXk6oEW3vKt58wfg,pKk7jCFIm96qDdk0laVT2w,"""StripSteak""",The Strip,5
Sf6oVN3UT5sPkQusvLgYwg,7fxebHYUwIF6CakxSr70iQ,"""Carnevino""",The Strip,5
5ukgwfTcOSK5uY89raFD-Q,7fxebHYUwIF6CakxSr70iQ,"""Carnevino""",The Strip,5
S-dfqUtbu7JybeU6mOTWmQ,Cni2l-VKG_pdospJ6xliXQ,"""Burger Bar""",The Strip,4
Q3vl1Btm5DRh_GeGx132rQ,Cni2l-VKG_pdospJ6xliXQ,"""Burger Bar""",The Strip,3
qAfHGIKLCAZp8nB0agAmWg,Cni2l-VKG_pdospJ6xliXQ,"""Burger Bar""",The Strip,5
vaRsmZT4PJsysGdTmLqPiQ,Cni2l-VKG_pdospJ6xliXQ,"""Burger Bar""",The Strip,2
xf-WNELch3paRHjpr3kfvA,7fxebHYUwIF6CakxSr70iQ,"""Carnevino""",The Strip,4
EoNNz97rCbmVwX7QCUhsZw,u-67zd1ImTv3EEr5kIdWrA,"""House of Blues - Music Venue""",The Strip,4
7Vzsm-5fl2TsGJ93DtFBBw,pKk7jCFIm96qDdk0laVT2w,"""StripSteak""",The Strip,1
iKF6JaOgx9jio15QM6FxRg,Cni2l-VKG_pdospJ6xliXQ,"""Burger Bar""",The Strip,1
fjiJFNW-ZpJwK-nhG4uAaw,pik4ebdFa0UcUhnNkivFcg,"""Carmine's Italian Restaurant - Las Vegas""",The Strip,5
NiqyMHyOnv5uolcYW7paOg,7fxebHYUwIF6CakxSr70iQ,"""Carnevino""",The Strip,1
p1Flu1GZB5MT5drTR5uxuQ,u-67zd1ImTv3EEr5kIdWrA,"""House of Blues - Music Venue""",The Strip,5
dsuf6FHPK5s_elDFsxdYuA,pik4ebdFa0UcUhnNkivFcg,"""Carmine's Italian Restaurant - Las Vegas""",The Strip,4
FTPe7VVwGDM8j9csFhShWA,Cni2l-VKG_pdospJ6xliXQ,"""Burger Bar""",The Strip,2
vWJ3EHkMc0qRV9x5d0diqg,pKk7jCFIm96qDdk0laVT2w,"""StripSteak""",The Strip,4
-k5yFUChotBMGQgHdFZvLQ,CCRgGKhzxSpl38w7yhqKUw,"""Noodles""",The Strip,4
A0k7CkrTrkO5-S4mFosjbg,u-67zd1ImTv3EEr5kIdWrA,"""House of Blues - Music Venue""",The Strip,2
Q0YE5m9pCfkDgNuTLpZtAw,7fxebHYUwIF6CakxSr70iQ,"""Carnevino""",The Strip,5
zdMYqs88mT0F-AMPQXFQCw,Cni2l-VKG_pdospJ6xliXQ,"""Burger Bar""",The Strip,5
860dOkivOgWFHVVrXgMLgQ,Cni2l-VKG_pdospJ6xliXQ,"""Burger Bar""",The Strip,4
EVuCHrQfSC18EPG-bBGwmA,Cni2l-VKG_pdospJ6xliXQ,"""Burger Bar""",The Strip,5
UQa9RqoJZWAawzqN-2pT2Q,CCRgGKhzxSpl38w7yhqKUw,"""Noodles""",The Strip,2
zX1IGD-EGF0xTbPuxpEsFg,pKk7jCFIm96qDdk0laVT2w,"""StripSteak""",The Strip,5
K6SwU-RKlxh_n1Sp_Rw77g,pik4ebdFa0UcUhnNkivFcg,"""Carmine's Italian Restaurant - Las Vegas""",The Strip,2
q0DJEZ9StoQrxFA03fsL3w,pik4ebdFa0UcUhnNkivFcg,"""Carmine's Italian Restaurant - Las Vegas""",The Strip,1
WyZUx8cdcIyoXYA62-0PYg,pKk7jCFIm96qDdk0laVT2w,"""StripSteak""",The Strip,2
rrHYlCvZrXzgisfNgvTnCg,pik4ebdFa0UcUhnNkivFcg,"""Carmine's Italian Restaurant - Las Vegas""",The Strip,2
NstD7WTCqy7kR3zZhz5IgQ,Cni2l-VKG_pdospJ6xliXQ,"""Burger Bar""",The Strip,3
70V5gsV5e1sA9wSxEI14iA,pKk7jCFIm96qDdk0laVT2w,"""StripSteak""",The Strip,5
cyR7Os6lOgw3851X6lTQ2Q,Cni2l-VKG_pdospJ6xliXQ,"""Burger Bar""",The Strip,4
0ApIoyM76fcYHcdDEgzAxQ,pKk7jCFIm96qDdk0laVT2w,"""StripSteak""",The Strip,3
-UTGYSg3hl2sLvAVCLaomA,u-67zd1ImTv3EEr5kIdWrA,"""House of Blues - Music Venue""",The Strip,1
zqttuCEWI4-l4ZBCbfGk6A,pKk7jCFIm96qDdk0laVT2w,"""StripSteak""",The Strip,4
Ku2nFDsUFvAEgJCDgIwdSw,u-67zd1ImTv3EEr5kIdWrA,"""House of Blues - Music Venue""",The Strip,5
VsIWfWGMd9HGFN53pjcayQ,Cni2l-VKG_pdospJ6xliXQ,"""Burger Bar""",The Strip,3
reSiLbRNq_kCVD5RGI780Q,7fxebHYUwIF6CakxSr70iQ,"""Carnevino""",The Strip,4
bjM_u94xZ_uwtNwN2Mjrqw,7fxebHYUwIF6CakxSr70iQ,"""Carnevino""",The Strip,1
HlZkXH5Jez_sQ1AlgeS6yA,u-67zd1ImTv3EEr5kIdWrA,"""House of Blues - Music Venue""",The Strip,3
YT9fRTu-rvOXfxpjIStwvg,pik4ebdFa0UcUhnNkivFcg,"""Carmine's Italian Restaurant - Las Vegas""",The Strip,4
TJuGr-yE8lkEZsXlVkVhMQ,7fxebHYUwIF6CakxSr70iQ,"""Carnevino""",The Strip,3
35KhmbouS8gY-eIADqoEgg,7fxebHYUwIF6CakxSr70iQ,"""Carnevino""",The Strip,3
B_9myFp0-mi0W2ubooamHQ,7fxebHYUwIF6CakxSr70iQ,"""Carnevino""",The Strip,5
1HvVTMBEs8ZArJ62IGMbCw,pik4ebdFa0UcUhnNkivFcg,"""Carmine's Italian Restaurant - Las Vegas""",The Strip,3
z8ie74vdxx-28KPHA5EVlg,pKk7jCFIm96qDdk0laVT2w,"""StripSteak""",The Strip,4
URiGMZQorfU3cIDVATyKjw,Cni2l-VKG_pdospJ6xliXQ,"""Burger Bar""",The Strip,4
C0VQBXa3VAtw1sSKamGriw,7fxebHYUwIF6CakxSr70iQ,"""Carnevino""",The Strip,5
C0VQBXa3VAtw1sSKamGriw,Cni2l-VKG_pdospJ6xliXQ,"""Burger Bar""",The Strip,5
1uDC2eQboLRZsDTxbr5Hew,pik4ebdFa0UcUhnNkivFcg,"""Carmine's Italian Restaurant - Las Vegas""",The Strip,1
oo00RFm6tHGvlRn7VzKVfQ,Cni2l-VKG_pdospJ6xliXQ,"""Burger Bar""",The Strip,5
XIjuB7MO4utFUsfB-TTYzw,Cni2l-VKG_pdospJ6xliXQ,"""Burger Bar""",The Strip,1
V648tsUwxxepkplf6QOB3g,u-67zd1ImTv3EEr5kIdWrA,"""House of Blues - Music Venue""",The Strip,5
VgpdLFEgDm8TWNvEbwCsRA,7fxebHYUwIF6CakxSr70iQ,"""Carnevino""",The Strip,1
xoNpQ_DnzNuTbkFPPO0Lgw,Cni2l-VKG_pdospJ6xliXQ,"""Burger Bar""",The Strip,4
FMEGPO30sSRXt9H6QNFDGQ,7fxebHYUwIF6CakxSr70iQ,"""Carnevino""",The Strip,4
7NEmI73fmuLghBls4rKM3w,pKk7jCFIm96qDdk0laVT2w,"""StripSteak""",The Strip,5
flF2JXEJuNGZYuPn38zkvg,u-67zd1ImTv3EEr5kIdWrA,"""House of Blues - Music Venue""",The Strip,4
flF2JXEJuNGZYuPn38zkvg,Cni2l-VKG_pdospJ6xliXQ,"""Burger Bar""",The Strip,4
1uO7nwlNX3PRmdN7mxZ-PA,u-67zd1ImTv3EEr5kIdWrA,"""House of Blues - Music Venue""",The Strip,5
I0KA1puYFNaAIQo28VEbYg,CCRgGKhzxSpl38w7yhqKUw,"""Noodles""",The Strip,3
3iXddQztzXtJY9Fvf60Jyw,Cni2l-VKG_pdospJ6xliXQ,"""Burger Bar""",The Strip,5
gaKR7VgsH9qnMsAjkwHXlA,pik4ebdFa0UcUhnNkivFcg,"""Carmine's Italian Restaurant - Las Vegas""",The Strip,5
P38VCPgID4ePpne10lQJ0w,pKk7jCFIm96qDdk0laVT2w,"""StripSteak""",The Strip,4
uknUhiD5N47GAHzA73cgoA,Cni2l-VKG_pdospJ6xliXQ,"""Burger Bar""",The Strip,5
BCuCjW75YMHbQ1LUUXg05g,pik4ebdFa0UcUhnNkivFcg,"""Carmine's Italian Restaurant - Las Vegas""",The Strip,4
Nqm2f3c8WGSaEv2HwO-YXA,7fxebHYUwIF6CakxSr70iQ,"""Carnevino""",The Strip,2
w13Mgj30cOBnM0lG7MZgkw,pik4ebdFa0UcUhnNkivFcg,"""Carmine's Italian Restaurant - Las Vegas""",The Strip,1
ZraRb4hACyZ16zN61vwGHA,7fxebHYUwIF6CakxSr70iQ,"""Carnevino""",The Strip,1
qd1HEa-8gNDicEn-1TFH3Q,CCRgGKhzxSpl38w7yhqKUw,"""Noodles""",The Strip,2
URIBtJsoDkPL8SjrLwfaGQ,Cni2l-VKG_pdospJ6xliXQ,"""Burger Bar""",The Strip,4
yd4BQE9YmZ4-mLPlp8jlnA,7fxebHYUwIF6CakxSr70iQ,"""Carnevino""",The Strip,4
yd4BQE9YmZ4-mLPlp8jlnA,Cni2l-VKG_pdospJ6xliXQ,"""Burger Bar""",The Strip,4
2W8dqxEHC73fIsTvZ1fnTg,CCRgGKhzxSpl38w7yhqKUw,"""Noodles""",The Strip,1
3_QvTWWvaLdhyhQq_E1g7g,Cni2l-VKG_pdospJ6xliXQ,"""Burger Bar""",The Strip,5
Ll0h2fsqIqS2Mn8ujLPE1w,Cni2l-VKG_pdospJ6xliXQ,"""Burger Bar""",The Strip,2
JPZqYNcrWrAdcPKGemj-wQ,Cni2l-VKG_pdospJ6xliXQ,"""Burger Bar""",The Strip,4
Z128ihQea7BLPh2T9q9sKA,Cni2l-VKG_pdospJ6xliXQ,"""Burger Bar""",The Strip,3
AlqT_qYO3tAM1aPeQFRlig,Cni2l-VKG_pdospJ6xliXQ,"""Burger Bar""",The Strip,4
fTXhyWObg1heQZxKFFIaVg,7fxebHYUwIF6CakxSr70iQ,"""Carnevino""",The Strip,4
oOsjFifsg7-owhmL-GLssA,7fxebHYUwIF6CakxSr70iQ,"""Carnevino""",The Strip,5
Tj58A0_D-WsD-UirmpYSEQ,7fxebHYUwIF6CakxSr70iQ,"""Carnevino""",The Strip,5
Tj58A0_D-WsD-UirmpYSEQ,Cni2l-VKG_pdospJ6xliXQ,"""Burger Bar""",The Strip,4
zTSs0YHI5pB88O-29wz-Xw,Cni2l-VKG_pdospJ6xliXQ,"""Burger Bar""",The Strip,3
qHmLQQZF1GKrU6HFZqZqGA,Cni2l-VKG_pdospJ6xliXQ,"""Burger Bar""",The Strip,4
vPXQ6tZOw3rH2jyZb9lOng,7fxebHYUwIF6CakxSr70iQ,"""Carnevino""",The Strip,2
jOvyYRkNqSZRhnd406-XoA,pik4ebdFa0UcUhnNkivFcg,"""Carmine's Italian Restaurant - Las Vegas""",The Strip,4
aLcIOPU1ljkXa3Q5eP4sSA,Cni2l-VKG_pdospJ6xliXQ,"""Burger Bar""",The Strip,5
hW4J-csPi-lPpkgKlxoK5A,Cni2l-VKG_pdospJ6xliXQ,"""Burger Bar""",The Strip,4
dncJ6urAvbEvCRCbFvk0jg,u-67zd1ImTv3EEr5kIdWrA,"""House of Blues - Music Venue""",The Strip,3
Y7NaaCb4AkNjpdHVLuPCaQ,7fxebHYUwIF6CakxSr70iQ,"""Carnevino""",The Strip,1
wYTKE9ad0qWMgYPgNCnoQA,u-67zd1ImTv3EEr5kIdWrA,"""House of Blues - Music Venue""",The Strip,4
23fqm3Ur_qFWRU92JwtD4Q,pik4ebdFa0UcUhnNkivFcg,"""Carmine's Italian Restaurant - Las Vegas""",The Strip,4
UYcmGbelzRa0Q6JqzLoguw,Cni2l-VKG_pdospJ6xliXQ,"""Burger Bar""",The Strip,3
NjX9gA250gs-wzLrFvvNkQ,7fxebHYUwIF6CakxSr70iQ,"""Carnevino""",The Strip,5
G3h8pIclwUbuu3itJqF7ug,CCRgGKhzxSpl38w7yhqKUw,"""Noodles""",The Strip,4
Si30sRMXcL76UZrLWNxbmg,u-67zd1ImTv3EEr5kIdWrA,"""House of Blues - Music Venue""",The Strip,5
SHEziY_V4G60mVyLNvjLSQ,Cni2l-VKG_pdospJ6xliXQ,"""Burger Bar""",The Strip,4
GWs9J6lIUqrySTxl6uXO0A,u-67zd1ImTv3EEr5kIdWrA,"""House of Blues - Music Venue""",The Strip,4
0OW9GBkUAcob-mzObmQAWQ,7fxebHYUwIF6CakxSr70iQ,"""Carnevino""",The Strip,4
cZd_kV1OxoJmTUPQbz471Q,7fxebHYUwIF6CakxSr70iQ,"""Carnevino""",The Strip,4
f9Oxro5Lx76HLzJAt8DGbA,7fxebHYUwIF6CakxSr70iQ,"""Carnevino""",The Strip,5
jkIWv_FJnY273XCRyEIjWQ,pKk7jCFIm96qDdk0laVT2w,"""StripSteak""",The Strip,4
q5aetbZc-K38Ewvsd4iC9g,7fxebHYUwIF6CakxSr70iQ,"""Carnevino""",The Strip,5
0QRMOUgGEeLssaNh1gwGjQ,pKk7jCFIm96qDdk0laVT2w,"""StripSteak""",The Strip,5
29fg3XIN4rpoQg6M-4n_Yg,pik4ebdFa0UcUhnNkivFcg,"""Carmine's Italian Restaurant - Las Vegas""",The Strip,2
xPsYpV9CcuUO7jffR9tXGg,Cni2l-VKG_pdospJ6xliXQ,"""Burger Bar""",The Strip,5
5tmYq8hRPUUL0BBIreGv2g,CCRgGKhzxSpl38w7yhqKUw,"""Noodles""",The Strip,4
7J6Hb7VuTsJq50iiNwqvCg,pKk7jCFIm96qDdk0laVT2w,"""StripSteak""",The Strip,4
w1aCpqnYFxEBSsb9uRnVOA,pKk7jCFIm96qDdk0laVT2w,"""StripSteak""",The Strip,5
59KPvsgty-chxl4jE9E3jQ,7fxebHYUwIF6CakxSr70iQ,"""Carnevino""",The Strip,5
D9IMOsV39BvoDNb08N9myQ,7fxebHYUwIF6CakxSr70iQ,"""Carnevino""",The Strip,2
dJmEqu1AMN3eGTudtyUVXQ,Cni2l-VKG_pdospJ6xliXQ,"""Burger Bar""",The Strip,5
gBCKyJl4lEQZJc6WWEFvNw,Cni2l-VKG_pdospJ6xliXQ,"""Burger Bar""",The Strip,5
7BKcQLQMxD-trOLtgigqFA,pKk7jCFIm96qDdk0laVT2w,"""StripSteak""",The Strip,5
7BKcQLQMxD-trOLtgigqFA,7fxebHYUwIF6CakxSr70iQ,"""Carnevino""",The Strip,5
7HUPV0HZHWCUlURbzhnLrQ,CCRgGKhzxSpl38w7yhqKUw,"""Noodles""",The Strip,1
37HswRimgBEf7_US-c3CDA,Cni2l-VKG_pdospJ6xliXQ,"""Burger Bar""",The Strip,2
km4G2uBmegYYv5wBvT0uTw,pik4ebdFa0UcUhnNkivFcg,"""Carmine's Italian Restaurant - Las Vegas""",The Strip,1
tJfrTG8C-cGP7jgUcvr1BQ,pKk7jCFIm96qDdk0laVT2w,"""StripSteak""",The Strip,3
tJfrTG8C-cGP7jgUcvr1BQ,Cni2l-VKG_pdospJ6xliXQ,"""Burger Bar""",The Strip,5
3dmA1XCPgQaXgkpuLQVB0g,pKk7jCFIm96qDdk0laVT2w,"""StripSteak""",The Strip,5
5Cy0_FrkWONTjWiF2EWiAg,Cni2l-VKG_pdospJ6xliXQ,"""Burger Bar""",The Strip,3
VWi6Q1NeQsPAk6vxVgkXNw,Cni2l-VKG_pdospJ6xliXQ,"""Burger Bar""",The Strip,5
iygdURdCk6X53UH91Kly0A,pik4ebdFa0UcUhnNkivFcg,"""Carmine's Italian Restaurant - Las Vegas""",The Strip,5
MJrSvJ-Tz1HXKOOCHnlyoQ,pKk7jCFIm96qDdk0laVT2w,"""StripSteak""",The Strip,4
9NwDVVJZfRBX60niQQtaTQ,7fxebHYUwIF6CakxSr70iQ,"""Carnevino""",The Strip,4
tpqPfGBvs5OjXzW6HrnUtg,u-67zd1ImTv3EEr5kIdWrA,"""House of Blues - Music Venue""",The Strip,3
Q0lu3tDhPAGiXQZ_RWrS_w,CCRgGKhzxSpl38w7yhqKUw,"""Noodles""",The Strip,1
vS1hVEpZSv6_D-PtFExA_A,CCRgGKhzxSpl38w7yhqKUw,"""Noodles""",The Strip,2
ut3Er6M6xYdy_qxrTqOZTg,pik4ebdFa0UcUhnNkivFcg,"""Carmine's Italian Restaurant - Las Vegas""",The Strip,4
JETBDqNqov85UTr_JqKMVA,pik4ebdFa0UcUhnNkivFcg,"""Carmine's Italian Restaurant - Las Vegas""",The Strip,1
lX09FgiUWs8LJRpmq37YvQ,pKk7jCFIm96qDdk0laVT2w,"""StripSteak""",The Strip,5
OkvmeKgsF_KTP1PhcIDBmA,Cni2l-VKG_pdospJ6xliXQ,"""Burger Bar""",The Strip,1
-k5yFUChotBMGQgHdFZvLQ,7fxebHYUwIF6CakxSr70iQ,"""Carnevino""",The Strip,4
-Xvw4qxqFv4dtyDkA6EUHA,pKk7jCFIm96qDdk0laVT2w,"""StripSteak""",The Strip,4
bpykI5VefAEr2KwmdDOnkA,7fxebHYUwIF6CakxSr70iQ,"""Carnevino""",The Strip,1
leZRcV2QvdhymyDlyZE6bQ,u-67zd1ImTv3EEr5kIdWrA,"""House of Blues - Music Venue""",The Strip,4
7KsXJ8MvU9VIG78W10s0SQ,CCRgGKhzxSpl38w7yhqKUw,"""Noodles""",The Strip,4
XGuaIEqaMSYGqOJxP03qVA,pKk7jCFIm96qDdk0laVT2w,"""StripSteak""",The Strip,4
5E-GWPFyRp7tPzt7xNw96g,pik4ebdFa0UcUhnNkivFcg,"""Carmine's Italian Restaurant - Las Vegas""",The Strip,5
1hYsWPJhEfZvsVVFH8ntKw,Cni2l-VKG_pdospJ6xliXQ,"""Burger Bar""",The Strip,4
uQcITIhiQB1mwUXQZuEamQ,pik4ebdFa0UcUhnNkivFcg,"""Carmine's Italian Restaurant - Las Vegas""",The Strip,5
VJ6gRN2AGplIhnyVA_mMxg,Cni2l-VKG_pdospJ6xliXQ,"""Burger Bar""",The Strip,5
_sOUZebXedi6eQx9LRLP-w,7fxebHYUwIF6CakxSr70iQ,"""Carnevino""",The Strip,5
B03t0m4ucpwjrIILRqec4g,pik4ebdFa0UcUhnNkivFcg,"""Carmine's Italian Restaurant - Las Vegas""",The Strip,1
B03t0m4ucpwjrIILRqec4g,7fxebHYUwIF6CakxSr70iQ,"""Carnevino""",The Strip,1
84pCpTCfbhXBbzjw-g_Rhw,pik4ebdFa0UcUhnNkivFcg,"""Carmine's Italian Restaurant - Las Vegas""",The Strip,5
14EcT99hChW1e-r2tTQTLQ,pKk7jCFIm96qDdk0laVT2w,"""StripSteak""",The Strip,2
fpOS2Wt_7SGJ53cubrOT4Q,7fxebHYUwIF6CakxSr70iQ,"""Carnevino""",The Strip,5
qiB6sModyUUAgSlxRIaNIg,7fxebHYUwIF6CakxSr70iQ,"""Carnevino""",The Strip,1
8HxjxTaBGHvn-QGcXk6z1g,pKk7jCFIm96qDdk0laVT2w,"""StripSteak""",The Strip,5
bAgXKxVWSWdkOamIMUVjIA,Cni2l-VKG_pdospJ6xliXQ,"""Burger Bar""",The Strip,5
aHj0ZIZCK_pL16Jf3ayubA,CCRgGKhzxSpl38w7yhqKUw,"""Noodles""",The Strip,2
omcHR6T435KQ4Z3VaJi2_g,Cni2l-VKG_pdospJ6xliXQ,"""Burger Bar""",The Strip,4
g0wyycBwW2XaCUwa7H27kA,Cni2l-VKG_pdospJ6xliXQ,"""Burger Bar""",The Strip,5
UrZSYgSCmBRtGxXjNxV3Ug,CCRgGKhzxSpl38w7yhqKUw,"""Noodles""",The Strip,1
4J4KrUINsgWJuQFQmDJQuw,Cni2l-VKG_pdospJ6xliXQ,"""Burger Bar""",The Strip,3
aV_awFoUW-vaQGhmiZTi1A,pik4ebdFa0UcUhnNkivFcg,"""Carmine's Italian Restaurant - Las Vegas""",The Strip,5
BgHSuax4mn-Ya1CBDhWR0Q,Cni2l-VKG_pdospJ6xliXQ,"""Burger Bar""",The Strip,5
wYLS5ZwbpKE_leJs68daqg,Cni2l-VKG_pdospJ6xliXQ,"""Burger Bar""",The Strip,4
_GX0dMS_5sJoaKmDfY8SwA,Cni2l-VKG_pdospJ6xliXQ,"""Burger Bar""",The Strip,5
JiURUt2ccmgA6qJRMtIOOA,pik4ebdFa0UcUhnNkivFcg,"""Carmine's Italian Restaurant - Las Vegas""",The Strip,4
rpRydckyNdrnjrP8GufYJw,Cni2l-VKG_pdospJ6xliXQ,"""Burger Bar""",The Strip,4
N-j5XxaoXqqZlQ5Y4LQaFA,CCRgGKhzxSpl38w7yhqKUw,"""Noodles""",The Strip,2
QcvGs502jWFM3IKumHriDA,Cni2l-VKG_pdospJ6xliXQ,"""Burger Bar""",The Strip,3
4NzdjFgCWj12ikm6yAekaQ,CCRgGKhzxSpl38w7yhqKUw,"""Noodles""",The Strip,4
XqBOiKvVzaT2gwRLEwi4Iw,u-67zd1ImTv3EEr5kIdWrA,"""House of Blues - Music Venue""",The Strip,4
rt3PC7WCgCKsoufmQJELfw,pKk7jCFIm96qDdk0laVT2w,"""StripSteak""",The Strip,5
3uwYs15x7OJ6k3uUXMZscA,Cni2l-VKG_pdospJ6xliXQ,"""Burger Bar""",The Strip,4
vFO0eqchpg3z4BKnRO23sw,pKk7jCFIm96qDdk0laVT2w,"""StripSteak""",The Strip,1
x9s4yCWlQXbcl4SCbIeUxg,7fxebHYUwIF6CakxSr70iQ,"""Carnevino""",The Strip,2
SCdR46WpSFJhg1FW6i_QeQ,pik4ebdFa0UcUhnNkivFcg,"""Carmine's Italian Restaurant - Las Vegas""",The Strip,5
HFrW7vH1Tj1ijgqX3NUt7w,7fxebHYUwIF6CakxSr70iQ,"""Carnevino""",The Strip,5
y-0Nshj21iCw5Q9mS_N23A,7fxebHYUwIF6CakxSr70iQ,"""Carnevino""",The Strip,3
I5mR8nQz41ttMZ-GEl6MVQ,pKk7jCFIm96qDdk0laVT2w,"""StripSteak""",The Strip,4
I5mR8nQz41ttMZ-GEl6MVQ,Cni2l-VKG_pdospJ6xliXQ,"""Burger Bar""",The Strip,5
z2nA2ZOwdvwiOCj2GcCobQ,u-67zd1ImTv3EEr5kIdWrA,"""House of Blues - Music Venue""",The Strip,5
e3L8WXi1t481HuEk6yo8YA,Cni2l-VKG_pdospJ6xliXQ,"""Burger Bar""",The Strip,4
pGRslPmvg66fA4ThH2ClKQ,pik4ebdFa0UcUhnNkivFcg,"""Carmine's Italian Restaurant - Las Vegas""",The Strip,5
ZbgaPBX9jlvYUJzpGYM0VQ,u-67zd1ImTv3EEr5kIdWrA,"""House of Blues - Music Venue""",The Strip,4
XRktyEOGJlkGyFBr1yrR6w,Cni2l-VKG_pdospJ6xliXQ,"""Burger Bar""",The Strip,4
99spjc8YD_2xuRKuPrRfWg,Cni2l-VKG_pdospJ6xliXQ,"""Burger Bar""",The Strip,1
0wk7JBAYuG41TTP7RCiBQQ,Cni2l-VKG_pdospJ6xliXQ,"""Burger Bar""",The Strip,5
SvCJxFMT8bxl6VVmCZwKAg,7fxebHYUwIF6CakxSr70iQ,"""Carnevino""",The Strip,5
pp39KlvUD5EedRqDF8WotQ,Cni2l-VKG_pdospJ6xliXQ,"""Burger Bar""",The Strip,3
6QIqXZ1XXOAQ_ewX8VvwhQ,Cni2l-VKG_pdospJ6xliXQ,"""Burger Bar""",The Strip,4
sKeR2FlexQJU9_zzFlWk5g,CCRgGKhzxSpl38w7yhqKUw,"""Noodles""",The Strip,3
h2L5yg0GYcSXppnFbCt80w,Cni2l-VKG_pdospJ6xliXQ,"""Burger Bar""",The Strip,5
Db_F51u1LRqRruKzPKGfEQ,u-67zd1ImTv3EEr5kIdWrA,"""House of Blues - Music Venue""",The Strip,1
Aeo_Z1FwOjRs6UHdJ3NRHg,Cni2l-VKG_pdospJ6xliXQ,"""Burger Bar""",The Strip,1
-fXAQ52pa3UaZIMIlQDmJw,Cni2l-VKG_pdospJ6xliXQ,"""Burger Bar""",The Strip,5
FeXG3cCIsBCxBRoP653UeA,u-67zd1ImTv3EEr5kIdWrA,"""House of Blues - Music Venue""",The Strip,4
qewG3X2O4X6JKskxyyqFwQ,Cni2l-VKG_pdospJ6xliXQ,"""Burger Bar""",The Strip,4
p6tAhR1A6Ok5oCmXWGLAjQ,pKk7jCFIm96qDdk0laVT2w,"""StripSteak""",The Strip,4
p6tAhR1A6Ok5oCmXWGLAjQ,Cni2l-VKG_pdospJ6xliXQ,"""Burger Bar""",The Strip,4
WHpHghXp9EkIHyljDgjNeA,pik4ebdFa0UcUhnNkivFcg,"""Carmine's Italian Restaurant - Las Vegas""",The Strip,3
17r5cJLSYQd-ga0lCBe7FA,u-67zd1ImTv3EEr5kIdWrA,"""House of Blues - Music Venue""",The Strip,4
15a9683TjYIYjSwp79buBQ,7fxebHYUwIF6CakxSr70iQ,"""Carnevino""",The Strip,5
jjM8Hqwqj29KUtMXH__2QQ,pKk7jCFIm96qDdk0laVT2w,"""StripSteak""",The Strip,4
XHuNSjrPA3Vyi7n4iVhZaQ,7fxebHYUwIF6CakxSr70iQ,"""Carnevino""",The Strip,5
Oxkvwma8Pam6lGRwL1OpVQ,u-67zd1ImTv3EEr5kIdWrA,"""House of Blues - Music Venue""",The Strip,5
wZqltvLJfCFfHhWMK9an-Q,u-67zd1ImTv3EEr5kIdWrA,"""House of Blues - Music Venue""",The Strip,5
g_qrHqiY5EOhK6RxWGWXMw,7fxebHYUwIF6CakxSr70iQ,"""Carnevino""",The Strip,1
g6kWg8sohsmwrQRDaaJakg,CCRgGKhzxSpl38w7yhqKUw,"""Noodles""",The Strip,2
_UwZg-ztV7gc9u0zsRSHxA,pik4ebdFa0UcUhnNkivFcg,"""Carmine's Italian Restaurant - Las Vegas""",The Strip,1
bmjduiUpugjJmABSVuvZdQ,pKk7jCFIm96qDdk0laVT2w,"""StripSteak""",The Strip,5
ypnF_lhgwLAamrE7AN7gDg,7fxebHYUwIF6CakxSr70iQ,"""Carnevino""",The Strip,4
ypnF_lhgwLAamrE7AN7gDg,Cni2l-VKG_pdospJ6xliXQ,"""Burger Bar""",The Strip,4
xvL3gb3CvVCaRW9PVggVtg,u-67zd1ImTv3EEr5kIdWrA,"""House of Blues - Music Venue""",The Strip,5
bvFzRaI3Vp5o6Fq3O9qp1Q,Cni2l-VKG_pdospJ6xliXQ,"""Burger Bar""",The Strip,3
vZfOnvLqHoOtV6Q4i0AdMA,CCRgGKhzxSpl38w7yhqKUw,"""Noodles""",The Strip,3
tI3UY7rfsYswT9n93gyiaA,CCRgGKhzxSpl38w7yhqKUw,"""Noodles""",The Strip,3
eTa9_Q6j_F0aq4JrLp2Wuw,Cni2l-VKG_pdospJ6xliXQ,"""Burger Bar""",The Strip,2
ZO78RBvYx6kVTAWqDzCz_w,pKk7jCFIm96qDdk0laVT2w,"""StripSteak""",The Strip,5
iEa_kb_6mq5gGtwFRACsIw,Cni2l-VKG_pdospJ6xliXQ,"""Burger Bar""",The Strip,2
0Dkz_tipBP1U_7VjAMNj0g,u-67zd1ImTv3EEr5kIdWrA,"""House of Blues - Music Venue""",The Strip,1
3WW_w0uI8HCRRaft0Yzv2g,Cni2l-VKG_pdospJ6xliXQ,"""Burger Bar""",The Strip,4
r-Ck0JPoMfHI7h2X0brm2w,CCRgGKhzxSpl38w7yhqKUw,"""Noodles""",The Strip,4
_ZdSMvXNC5DmFNX2zKOKYA,pKk7jCFIm96qDdk0laVT2w,"""StripSteak""",The Strip,5
cfVDBmjnlY2iJaBqz7D2Ng,Cni2l-VKG_pdospJ6xliXQ,"""Burger Bar""",The Strip,3
Xx8ELVf-kRw2yRz8DePhcg,CCRgGKhzxSpl38w7yhqKUw,"""Noodles""",The Strip,2
xyAjQ6GGf9QrCTE58vgYcg,Cni2l-VKG_pdospJ6xliXQ,"""Burger Bar""",The Strip,3
4SpvUkhmmb_KXUnQhxT_Fg,CCRgGKhzxSpl38w7yhqKUw,"""Noodles""",The Strip,4
dqJJTRSEcdzUOEOruuB24A,7fxebHYUwIF6CakxSr70iQ,"""Carnevino""",The Strip,5
cWVsDzn7L7dwL9c5tubwaQ,pKk7jCFIm96qDdk0laVT2w,"""StripSteak""",The Strip,3
2svwEX92yXXRILih31DHcg,pik4ebdFa0UcUhnNkivFcg,"""Carmine's Italian Restaurant - Las Vegas""",The Strip,5
QVne6otSiIMnzLlwU75Ksw,Cni2l-VKG_pdospJ6xliXQ,"""Burger Bar""",The Strip,5
TKNihC283vzIvVQS8JE3cA,Cni2l-VKG_pdospJ6xliXQ,"""Burger Bar""",The Strip,1
d2JRE-YQgW4hBvuhIYVxDA,Cni2l-VKG_pdospJ6xliXQ,"""Burger Bar""",The Strip,4
gCHpdcxbhE_wmbYhoXtLnQ,pik4ebdFa0UcUhnNkivFcg,"""Carmine's Italian Restaurant - Las Vegas""",The Strip,3
fkBStErrrRS5fD-8zWmH_w,Cni2l-VKG_pdospJ6xliXQ,"""Burger Bar""",The Strip,5
kkRwqLxjokMCMrUWxLllRA,u-67zd1ImTv3EEr5kIdWrA,"""House of Blues - Music Venue""",The Strip,3
4qYMN3lphzevrv6i0svTwA,Cni2l-VKG_pdospJ6xliXQ,"""Burger Bar""",The Strip,4
tKgMzo1LhT7TjeGGJlBAoQ,pik4ebdFa0UcUhnNkivFcg,"""Carmine's Italian Restaurant - Las Vegas""",The Strip,2
81XscqwJ5PX4igukFcYOHA,Cni2l-VKG_pdospJ6xliXQ,"""Burger Bar""",The Strip,4
2HXvyVPa1V733-BCU8OO7Q,7fxebHYUwIF6CakxSr70iQ,"""Carnevino""",The Strip,5
rmrDS1VYA6hySyHtiyBKQQ,CCRgGKhzxSpl38w7yhqKUw,"""Noodles""",The Strip,5
R0jLEd0Fa82D6xU3q5SZOg,7fxebHYUwIF6CakxSr70iQ,"""Carnevino""",The Strip,3
Nlr1xpicxj_LEAiV73beNg,Cni2l-VKG_pdospJ6xliXQ,"""Burger Bar""",The Strip,5
yfYzGHMYKNj2HLIj6SrtBQ,7fxebHYUwIF6CakxSr70iQ,"""Carnevino""",The Strip,5
-k5yFUChotBMGQgHdFZvLQ,Cni2l-VKG_pdospJ6xliXQ,"""Burger Bar""",The Strip,4
hOPhxpCvB2bKjRoMG16OCw,Cni2l-VKG_pdospJ6xliXQ,"""Burger Bar""",The Strip,4
rGyxhmfO0lvOHswUndr0xQ,7fxebHYUwIF6CakxSr70iQ,"""Carnevino""",The Strip,5
o-6D0MZc5SGvWw_yzI38bQ,u-67zd1ImTv3EEr5kIdWrA,"""House of Blues - Music Venue""",The Strip,5
umBBr524ksho3cbN9kAeTA,7fxebHYUwIF6CakxSr70iQ,"""Carnevino""",The Strip,5
--ZNfWKj1VyVElRx6-g1fg,7fxebHYUwIF6CakxSr70iQ,"""Carnevino""",The Strip,4
lDKbTlZqjIn2gn490gU2HQ,Cni2l-VKG_pdospJ6xliXQ,"""Burger Bar""",The Strip,5
Dc5BUjZpMUrNgx7LQjDCdQ,Cni2l-VKG_pdospJ6xliXQ,"""Burger Bar""",The Strip,5
DoRCeCcJbrsM2BiAKj3trA,Cni2l-VKG_pdospJ6xliXQ,"""Burger Bar""",The Strip,2
WwgRlAGAeIdmG59tVqIkMA,Cni2l-VKG_pdospJ6xliXQ,"""Burger Bar""",The Strip,5
UVg9-TVTipQuyHXPkaTJuA,CCRgGKhzxSpl38w7yhqKUw,"""Noodles""",The Strip,4
hkSiQAfl6w3882JJQzRTlQ,Cni2l-VKG_pdospJ6xliXQ,"""Burger Bar""",The Strip,4
gCi5vFJTWST5SRx6XSHyQg,7fxebHYUwIF6CakxSr70iQ,"""Carnevino""",The Strip,1
mFyhkvcn2Lhs3V4yCDqUDw,7fxebHYUwIF6CakxSr70iQ,"""Carnevino""",The Strip,3
NVOkApES2oO-ZPkmMEjQLg,7fxebHYUwIF6CakxSr70iQ,"""Carnevino""",The Strip,5
aUZml_eoCOEgapytkXyJNg,pik4ebdFa0UcUhnNkivFcg,"""Carmine's Italian Restaurant - Las Vegas""",The Strip,1
6fgYatnwQ1NjiyWaPQlaow,Cni2l-VKG_pdospJ6xliXQ,"""Burger Bar""",The Strip,2
yM3DA0KbhgAZnQd9ihYExw,CCRgGKhzxSpl38w7yhqKUw,"""Noodles""",The Strip,4
AM3NGe9wtZDiwUyB31DZ2g,Cni2l-VKG_pdospJ6xliXQ,"""Burger Bar""",The Strip,4
-X7EAvk2fSS9aklX1AhQfg,pik4ebdFa0UcUhnNkivFcg,"""Carmine's Italian Restaurant - Las Vegas""",The Strip,5
d19dJ2Dp4sy2p55ppgQaCQ,u-67zd1ImTv3EEr5kIdWrA,"""House of Blues - Music Venue""",The Strip,2
NUwzOod9a1Z00n6TfqxHsA,7fxebHYUwIF6CakxSr70iQ,"""Carnevino""",The Strip,5
9LPTj40OXCMQBoy4Wsf7jw,u-67zd1ImTv3EEr5kIdWrA,"""House of Blues - Music Venue""",The Strip,4
pXxPxeAmXblzMwwidsjWrA,Cni2l-VKG_pdospJ6xliXQ,"""Burger Bar""",The Strip,5
opMt3jOshR0CbZOiK1gQGQ,7fxebHYUwIF6CakxSr70iQ,"""Carnevino""",The Strip,5
1C709TCUCIXtOVVkHi0SiA,CCRgGKhzxSpl38w7yhqKUw,"""Noodles""",The Strip,4
04rzgIl9OOVB4TLenjk_Vw,7fxebHYUwIF6CakxSr70iQ,"""Carnevino""",The Strip,2
53bZ_EsXH71L7iFs5MP9_w,CCRgGKhzxSpl38w7yhqKUw,"""Noodles""",The Strip,2
C-SWo2QD6OeFMuk3BQUS4A,CCRgGKhzxSpl38w7yhqKUw,"""Noodles""",The Strip,4
SIi_wQ9PEYvUfRRGo72Bkg,Cni2l-VKG_pdospJ6xliXQ,"""Burger Bar""",The Strip,3
EqMQeNhS_8_scV3CRZXqqA,CCRgGKhzxSpl38w7yhqKUw,"""Noodles""",The Strip,5
PjWbZe8ZpO1_sugOACJ7qw,pKk7jCFIm96qDdk0laVT2w,"""StripSteak""",The Strip,5
KOnYRbrqmg5rla5Dj_fq1g,u-67zd1ImTv3EEr5kIdWrA,"""House of Blues - Music Venue""",The Strip,1
CIfH02mSlXfT2JyU5Sn-dg,Cni2l-VKG_pdospJ6xliXQ,"""Burger Bar""",The Strip,4
GdwUHI0sFWf9oBsN--yKng,Cni2l-VKG_pdospJ6xliXQ,"""Burger Bar""",The Strip,3
VKuFVkVEIGfkMtVvjNFODw,Cni2l-VKG_pdospJ6xliXQ,"""Burger Bar""",The Strip,5
yx3VUxDwZHz8IK-jO8hFoA,pKk7jCFIm96qDdk0laVT2w,"""StripSteak""",The Strip,3
o9LJgyuVfBzuPqgd1AJYzQ,7fxebHYUwIF6CakxSr70iQ,"""Carnevino""",The Strip,1
JAwFF3v0X8BbaZlxe3uNfg,7fxebHYUwIF6CakxSr70iQ,"""Carnevino""",The Strip,5
KmVFws3yKUrGrismdVWT0w,pKk7jCFIm96qDdk0laVT2w,"""StripSteak""",The Strip,1
31f1IJ-kJji5wuqu7Cpp0A,CCRgGKhzxSpl38w7yhqKUw,"""Noodles""",The Strip,4
_unYYpN45jHu-wQk2eJDyQ,Cni2l-VKG_pdospJ6xliXQ,"""Burger Bar""",The Strip,1
S1sdup_iRzHborxnkJ53RQ,CCRgGKhzxSpl38w7yhqKUw,"""Noodles""",The Strip,1
Q-bBychImze2Yj1R0ifoMQ,Cni2l-VKG_pdospJ6xliXQ,"""Burger Bar""",The Strip,4
KOjYo07sQ-w7sam9aIZObw,Cni2l-VKG_pdospJ6xliXQ,"""Burger Bar""",The Strip,2
qK3pK-94rtZlN7AYJFFzmw,Cni2l-VKG_pdospJ6xliXQ,"""Burger Bar""",The Strip,5
BoEU0PWwbsn0symNa82TBA,7fxebHYUwIF6CakxSr70iQ,"""Carnevino""",The Strip,5
t_sHjBlP5Gc3tTGCyiB0yg,CCRgGKhzxSpl38w7yhqKUw,"""Noodles""",The Strip,2
BgIyk5IDdjCfZA2mHHOWBA,pKk7jCFIm96qDdk0laVT2w,"""StripSteak""",The Strip,4
Bt6gmjnWHPERhiOTQOhuEA,Cni2l-VKG_pdospJ6xliXQ,"""Burger Bar""",The Strip,5
Y3eIMsZTq8ZW74R0HdiDXQ,7fxebHYUwIF6CakxSr70iQ,"""Carnevino""",The Strip,3
lRRVRehFcudfbjY6yUX6FQ,u-67zd1ImTv3EEr5kIdWrA,"""House of Blues - Music Venue""",The Strip,4
amvZ9tmLWraWoML6K4Xiuw,pik4ebdFa0UcUhnNkivFcg,"""Carmine's Italian Restaurant - Las Vegas""",The Strip,5
MYiKA9TKethFvYtDt0WOFw,Cni2l-VKG_pdospJ6xliXQ,"""Burger Bar""",The Strip,3
OOqCI5ODiiLwWh-6wNchdQ,Cni2l-VKG_pdospJ6xliXQ,"""Burger Bar""",The Strip,4
ZKXdMu1nzE1QwWR-zKkSig,Cni2l-VKG_pdospJ6xliXQ,"""Burger Bar""",The Strip,5
1ncdfIS-PAtASIsICtEOog,u-67zd1ImTv3EEr5kIdWrA,"""House of Blues - Music Venue""",The Strip,2
_gcDdPUVA9wwSynicxcpzw,7fxebHYUwIF6CakxSr70iQ,"""Carnevino""",The Strip,5
_gcDdPUVA9wwSynicxcpzw,Cni2l-VKG_pdospJ6xliXQ,"""Burger Bar""",The Strip,5
3CJUJILq7CLHk_9OrvpvQg,Cni2l-VKG_pdospJ6xliXQ,"""Burger Bar""",The Strip,2
JWOrwkJP4lIt6L0hk51tiQ,Cni2l-VKG_pdospJ6xliXQ,"""Burger Bar""",The Strip,4
dOZeJ6FNvbglkl86e6-9pQ,u-67zd1ImTv3EEr5kIdWrA,"""House of Blues - Music Venue""",The Strip,5
W1LVSItW5rgufXN3HwmPBg,u-67zd1ImTv3EEr5kIdWrA,"""House of Blues - Music Venue""",The Strip,3
COi9OnemsGCO2W_uSV2GMQ,pik4ebdFa0UcUhnNkivFcg,"""Carmine's Italian Restaurant - Las Vegas""",The Strip,4
oeV563Zhf3KBnX9_OOpEpQ,CCRgGKhzxSpl38w7yhqKUw,"""Noodles""",The Strip,4
A9jBKlD4g7nGOJwzPERelQ,u-67zd1ImTv3EEr5kIdWrA,"""House of Blues - Music Venue""",The Strip,3
y0hARDNP3orVq6QjMJZdcw,Cni2l-VKG_pdospJ6xliXQ,"""Burger Bar""",The Strip,5
hvrdgRH6Ap3ph3-gfiuF7w,pKk7jCFIm96qDdk0laVT2w,"""StripSteak""",The Strip,3
PKEzKWv_FktMm2mGPjwd0Q,7fxebHYUwIF6CakxSr70iQ,"""Carnevino""",The Strip,5
QVwQAouminKssn_yVlhOHA,CCRgGKhzxSpl38w7yhqKUw,"""Noodles""",The Strip,2
aEZ8CSdSUfh2jRUh_Y7BCw,7fxebHYUwIF6CakxSr70iQ,"""Carnevino""",The Strip,4
s_JDz1gBlk8nDgwiFj9_cA,Cni2l-VKG_pdospJ6xliXQ,"""Burger Bar""",The Strip,4
GlYRXhRG0JavbYrcKhuguQ,CCRgGKhzxSpl38w7yhqKUw,"""Noodles""",The Strip,1
oRdBN9qCQl1lRyXkgkai6w,7fxebHYUwIF6CakxSr70iQ,"""Carnevino""",The Strip,3
WqX7c6IEHuCvXD9SdlHBMA,7fxebHYUwIF6CakxSr70iQ,"""Carnevino""",The Strip,4
haSh72Q0MsQZUpWPeVgp0Q,7fxebHYUwIF6CakxSr70iQ,"""Carnevino""",The Strip,5
igLR_iO7szLUFy_zHDuRIA,Cni2l-VKG_pdospJ6xliXQ,"""Burger Bar""",The Strip,4
xwqsbc0rvThKGVEMjPFmVw,u-67zd1ImTv3EEr5kIdWrA,"""House of Blues - Music Venue""",The Strip,4
o_mY-LNqnVyl4iuAeEPF8w,Cni2l-VKG_pdospJ6xliXQ,"""Burger Bar""",The Strip,4
IxppblmNJu3RHOqxUihytw,7fxebHYUwIF6CakxSr70iQ,"""Carnevino""",The Strip,5
IxppblmNJu3RHOqxUihytw,Cni2l-VKG_pdospJ6xliXQ,"""Burger Bar""",The Strip,5
_vR076jDETjDiyH7PiJVsw,Cni2l-VKG_pdospJ6xliXQ,"""Burger Bar""",The Strip,5
JWLlRYfC_ZgQnRATuCbNOQ,7fxebHYUwIF6CakxSr70iQ,"""Carnevino""",The Strip,5
G3h8pIclwUbuu3itJqF7ug,pik4ebdFa0UcUhnNkivFcg,"""Carmine's Italian Restaurant - Las Vegas""",The Strip,4
xnRznuoAqyS74GyJXbtT8g,pik4ebdFa0UcUhnNkivFcg,"""Carmine's Italian Restaurant - Las Vegas""",The Strip,4
QpG3mjbxDteoqFC6m20WMw,pKk7jCFIm96qDdk0laVT2w,"""StripSteak""",The Strip,5
bTwdYTRvAuccGzvPYYrm6A,pik4ebdFa0UcUhnNkivFcg,"""Carmine's Italian Restaurant - Las Vegas""",The Strip,5
nPkTidQvXdVPZH7dgDWarw,u-67zd1ImTv3EEr5kIdWrA,"""House of Blues - Music Venue""",The Strip,3
u3WNocLkNwkTe1rbZWAx-A,pKk7jCFIm96qDdk0laVT2w,"""StripSteak""",The Strip,5
ShmXY90SPzBXUoQMGOQLUA,pKk7jCFIm96qDdk0laVT2w,"""StripSteak""",The Strip,5
XtmOCuEMGE0MmxXmxt6cDQ,Cni2l-VKG_pdospJ6xliXQ,"""Burger Bar""",The Strip,4
eBawjpoDxDHJHiHg_UrS6w,Cni2l-VKG_pdospJ6xliXQ,"""Burger Bar""",The Strip,5
ZiGRJAfPCE4u2mSo1Zi06w,7fxebHYUwIF6CakxSr70iQ,"""Carnevino""",The Strip,3
AIYoN9UtBH879bGU0qh-LA,pKk7jCFIm96qDdk0laVT2w,"""StripSteak""",The Strip,5
zQTEbn5nWGPypxOf2uRPmg,pik4ebdFa0UcUhnNkivFcg,"""Carmine's Italian Restaurant - Las Vegas""",The Strip,4
Vgh-CjwAl4tFleP39OdzaA,CCRgGKhzxSpl38w7yhqKUw,"""Noodles""",The Strip,3
KlYPKE5RqKbw-TBzCEiGIA,pKk7jCFIm96qDdk0laVT2w,"""StripSteak""",The Strip,3
D3fOi-5w4intrUTWXzIQew,pik4ebdFa0UcUhnNkivFcg,"""Carmine's Italian Restaurant - Las Vegas""",The Strip,5
iSC96O2NjQc3JExGUHQG0Q,Cni2l-VKG_pdospJ6xliXQ,"""Burger Bar""",The Strip,4
jRgmkqSvG5Fl4AnuB-lKdw,u-67zd1ImTv3EEr5kIdWrA,"""House of Blues - Music Venue""",The Strip,3
2orGLHUP7_R-toDvEffndw,pKk7jCFIm96qDdk0laVT2w,"""StripSteak""",The Strip,5
WGJFwLNu68JE92FzIt693g,pKk7jCFIm96qDdk0laVT2w,"""StripSteak""",The Strip,5
0j-MgFIeN4PAW0ZabBeOtw,Cni2l-VKG_pdospJ6xliXQ,"""Burger Bar""",The Strip,4
xyo9IVhY_iumN_YONwTgVQ,Cni2l-VKG_pdospJ6xliXQ,"""Burger Bar""",The Strip,5
B03t0m4ucpwjrIILRqec4g,u-67zd1ImTv3EEr5kIdWrA,"""House of Blues - Music Venue""",The Strip,5
5axLA9GqQ5I7oogL9qT94A,CCRgGKhzxSpl38w7yhqKUw,"""Noodles""",The Strip,4
5axLA9GqQ5I7oogL9qT94A,Cni2l-VKG_pdospJ6xliXQ,"""Burger Bar""",The Strip,5
TprC8sujz8MkwuomrqUSiw,Cni2l-VKG_pdospJ6xliXQ,"""Burger Bar""",The Strip,3
90yTgvb2Eyh3acicXFgEMg,u-67zd1ImTv3EEr5kIdWrA,"""House of Blues - Music Venue""",The Strip,5
VjmDfDsK9iogVNuaGIBMvw,7fxebHYUwIF6CakxSr70iQ,"""Carnevino""",The Strip,2
LOK4oCby0Ou46W65YMO6-w,CCRgGKhzxSpl38w7yhqKUw,"""Noodles""",The Strip,4
Uvxg7e5pkKF3tksMbdLHsg,pik4ebdFa0UcUhnNkivFcg,"""Carmine's Italian Restaurant - Las Vegas""",The Strip,5
8V4s6vN2k-OR2tvh6l9zGg,pik4ebdFa0UcUhnNkivFcg,"""Carmine's Italian Restaurant - Las Vegas""",The Strip,5
AQw9j0YtlxU-gMhzF0Sm-A,Cni2l-VKG_pdospJ6xliXQ,"""Burger Bar""",The Strip,2
PzCmL9UQBmIk8YC8JBtAAA,CCRgGKhzxSpl38w7yhqKUw,"""Noodles""",The Strip,4
kMcB1IXls0gqcGPbC6jmZA,u-67zd1ImTv3EEr5kIdWrA,"""House of Blues - Music Venue""",The Strip,3
4rzNjhidz6EP93cjHiXhhA,pKk7jCFIm96qDdk0laVT2w,"""StripSteak""",The Strip,5
CTM_0LS_wEwqUzROO14JUA,Cni2l-VKG_pdospJ6xliXQ,"""Burger Bar""",The Strip,4
yB7V5yP1tmz2Q3AWlUdyeA,pKk7jCFIm96qDdk0laVT2w,"""StripSteak""",The Strip,5
yB7V5yP1tmz2Q3AWlUdyeA,Cni2l-VKG_pdospJ6xliXQ,"""Burger Bar""",The Strip,4
sTDqjf0StfEOe8_5-JthVw,CCRgGKhzxSpl38w7yhqKUw,"""Noodles""",The Strip,3
C4qwx5FbxLXY0LwD3mgPoA,pKk7jCFIm96qDdk0laVT2w,"""StripSteak""",The Strip,5
C4qwx5FbxLXY0LwD3mgPoA,Cni2l-VKG_pdospJ6xliXQ,"""Burger Bar""",The Strip,4
b1lXGbpFZbUTHxfUWmdDzA,pKk7jCFIm96qDdk0laVT2w,"""StripSteak""",The Strip,1
tufuEc5f9TWR05_yko46QQ,CCRgGKhzxSpl38w7yhqKUw,"""Noodles""",The Strip,2
nsS1u6-UvUeljiSRlVKuSA,u-67zd1ImTv3EEr5kIdWrA,"""House of Blues - Music Venue""",The Strip,3
X2AISaKzqWzjCowduFXRmA,Cni2l-VKG_pdospJ6xliXQ,"""Burger Bar""",The Strip,5
rdjGugp_bcHecvS2cHzl6Q,Cni2l-VKG_pdospJ6xliXQ,"""Burger Bar""",The Strip,3
Xmiz3QSVq8iaI6R9FAQpsw,u-67zd1ImTv3EEr5kIdWrA,"""House of Blues - Music Venue""",The Strip,2
9-6Xq2i8SjE5rJDOEDB0_A,Cni2l-VKG_pdospJ6xliXQ,"""Burger Bar""",The Strip,3
mFBIF-EQ8OdLw15rzFf1sw,Cni2l-VKG_pdospJ6xliXQ,"""Burger Bar""",The Strip,5
zYoZ6ifMKw9xfBkoiLMqpA,Cni2l-VKG_pdospJ6xliXQ,"""Burger Bar""",The Strip,5
B4cJvWuf59j7XlTdexnVZw,Cni2l-VKG_pdospJ6xliXQ,"""Burger Bar""",The Strip,4
l--K3xQWVqs93iFhAoEYag,Cni2l-VKG_pdospJ6xliXQ,"""Burger Bar""",The Strip,4
rPzhe3wPt_68L3wrEhFg7g,Cni2l-VKG_pdospJ6xliXQ,"""Burger Bar""",The Strip,5
uF9D3aFfUW-qgdGHV6FBOQ,pKk7jCFIm96qDdk0laVT2w,"""StripSteak""",The Strip,5
7cgp0EXG11v-y4F6sDU1hg,pKk7jCFIm96qDdk0laVT2w,"""StripSteak""",The Strip,4
7cgp0EXG11v-y4F6sDU1hg,7fxebHYUwIF6CakxSr70iQ,"""Carnevino""",The Strip,2
HKxcc61WX6ZqW5Khx7NWGA,7fxebHYUwIF6CakxSr70iQ,"""Carnevino""",The Strip,5
0Xpgp6ibejDJIrUc9NJUeA,7fxebHYUwIF6CakxSr70iQ,"""Carnevino""",The Strip,5
8n9luZKM5OyQA9gqZ_dO1w,pKk7jCFIm96qDdk0laVT2w,"""StripSteak""",The Strip,5
uq8M0-nzGerXSBWMpK7eVQ,pik4ebdFa0UcUhnNkivFcg,"""Carmine's Italian Restaurant - Las Vegas""",The Strip,4
xFg4ArkB-sgepXvHeYjOtw,Cni2l-VKG_pdospJ6xliXQ,"""Burger Bar""",The Strip,4
xFg4ArkB-sgepXvHeYjOtw,pKk7jCFIm96qDdk0laVT2w,"""StripSteak""",The Strip,5
2cBAmNisi31-TQ4W3G0WEA,7fxebHYUwIF6CakxSr70iQ,"""Carnevino""",The Strip,2
OGg3BluDMn-GXF7N601lTQ,CCRgGKhzxSpl38w7yhqKUw,"""Noodles""",The Strip,5
s-L1HJD6z_Mw16HPWdqaDQ,CCRgGKhzxSpl38w7yhqKUw,"""Noodles""",The Strip,4
w9j_R9WotuZrrF9OqJUZ2g,Cni2l-VKG_pdospJ6xliXQ,"""Burger Bar""",The Strip,5
m2sxBvdAces5tiwa18yC3w,Cni2l-VKG_pdospJ6xliXQ,"""Burger Bar""",The Strip,5
OSOW_BwdqCLHFG2WUGlCKg,CCRgGKhzxSpl38w7yhqKUw,"""Noodles""",The Strip,4
OSOW_BwdqCLHFG2WUGlCKg,pKk7jCFIm96qDdk0laVT2w,"""StripSteak""",The Strip,3
j5imk-8npEX_a2_v9WLCpg,pKk7jCFIm96qDdk0laVT2w,"""StripSteak""",The Strip,5
Pu-4yLGnwjaNZUA0mAIigQ,pKk7jCFIm96qDdk0laVT2w,"""StripSteak""",The Strip,2
u7R0OI1m00lxktaejTRjHA,pik4ebdFa0UcUhnNkivFcg,"""Carmine's Italian Restaurant - Las Vegas""",The Strip,1
4ruCHi5SUCYZGFQtB_LIBg,Cni2l-VKG_pdospJ6xliXQ,"""Burger Bar""",The Strip,3
2WnXYQFK0hXEoTxPtV2zvg,Cni2l-VKG_pdospJ6xliXQ,"""Burger Bar""",The Strip,3
as08xhcf4YjyOBhr-G5yeg,7fxebHYUwIF6CakxSr70iQ,"""Carnevino""",The Strip,5
9abdGKwq6tn3F3uMpM-b4Q,7fxebHYUwIF6CakxSr70iQ,"""Carnevino""",The Strip,4
3Vd_ATdvvuVVgn_YCpz8fw,u-67zd1ImTv3EEr5kIdWrA,"""House of Blues - Music Venue""",The Strip,4
WPNYp3IyJpOSJ4bhFbYAcw,Cni2l-VKG_pdospJ6xliXQ,"""Burger Bar""",The Strip,5
1ixlC0Lr_kTQc1I0EmlYgg,Cni2l-VKG_pdospJ6xliXQ,"""Burger Bar""",The Strip,3
qGazjn5Zu8JFjgmv9tDEBA,pik4ebdFa0UcUhnNkivFcg,"""Carmine's Italian Restaurant - Las Vegas""",The Strip,5
pBhaCEcdbdDv76kMwm8Nng,7fxebHYUwIF6CakxSr70iQ,"""Carnevino""",The Strip,4
aClrX-4JUlroJaX-VxPw3w,pik4ebdFa0UcUhnNkivFcg,"""Carmine's Italian Restaurant - Las Vegas""",The Strip,1
53bZ_EsXH71L7iFs5MP9_w,7fxebHYUwIF6CakxSr70iQ,"""Carnevino""",The Strip,4
Zohjr4ZPl76vryPqiQLJ4A,CCRgGKhzxSpl38w7yhqKUw,"""Noodles""",The Strip,4
iN8GdvGioXycxxnWEBtUFA,7fxebHYUwIF6CakxSr70iQ,"""Carnevino""",The Strip,1
tMo2FT0inKIV-Ouiw8DLyw,Cni2l-VKG_pdospJ6xliXQ,"""Burger Bar""",The Strip,4
kxj7TPtJY2zbEjGV0PYfAA,Cni2l-VKG_pdospJ6xliXQ,"""Burger Bar""",The Strip,2
Rfd_MQMeYws9UMZbgLmj2A,pKk7jCFIm96qDdk0laVT2w,"""StripSteak""",The Strip,4
z9xBcjl-ghjwvDBTtiRgKg,Cni2l-VKG_pdospJ6xliXQ,"""Burger Bar""",The Strip,2
9PPWLfMHuDHtbJIvM2tSMQ,Cni2l-VKG_pdospJ6xliXQ,"""Burger Bar""",The Strip,2
bXEqI4uMju9bMDzxgmLnfQ,u-67zd1ImTv3EEr5kIdWrA,"""House of Blues - Music Venue""",The Strip,5
XDeXYE7ePITGZ3fAU_-cPw,pKk7jCFIm96qDdk0laVT2w,"""StripSteak""",The Strip,5
tId0q_JqfX-e7guVW9NWlw,CCRgGKhzxSpl38w7yhqKUw,"""Noodles""",The Strip,2
4bI4Iy6UCt9pWgOtaewbIw,u-67zd1ImTv3EEr5kIdWrA,"""House of Blues - Music Venue""",The Strip,5
PhJ-ehTokYUjcr_VP7FpyQ,pKk7jCFIm96qDdk0laVT2w,"""StripSteak""",The Strip,5
5D0XbEh3Em7os40vxzL-OQ,CCRgGKhzxSpl38w7yhqKUw,"""Noodles""",The Strip,3
FLqF25fPv9cDCRMn7FLu9A,CCRgGKhzxSpl38w7yhqKUw,"""Noodles""",The Strip,4
S1RMJAops_hv963Jpt5hCQ,Cni2l-VKG_pdospJ6xliXQ,"""Burger Bar""",The Strip,4
RgeOk2mMPsVS4QHwdDFoQA,pKk7jCFIm96qDdk0laVT2w,"""StripSteak""",The Strip,2
977EfPA41Kn9wrl-vx4afw,Cni2l-VKG_pdospJ6xliXQ,"""Burger Bar""",The Strip,1
yFPCUGyqOpRbJiYN_lCf5w,Cni2l-VKG_pdospJ6xliXQ,"""Burger Bar""",The Strip,2
MxZKqWV5C1EmZFEHJ4o7jA,CCRgGKhzxSpl38w7yhqKUw,"""Noodles""",The Strip,4
635IZ9fLyetirOde-G8X-g,CCRgGKhzxSpl38w7yhqKUw,"""Noodles""",The Strip,4
UajhVwoJpITr_SDlcSvMLg,7fxebHYUwIF6CakxSr70iQ,"""Carnevino""",The Strip,2
1jA29_vgEWqOal6NSob1-w,pik4ebdFa0UcUhnNkivFcg,"""Carmine's Italian Restaurant - Las Vegas""",The Strip,5
0in2lZcHmh6VqFq7_0nhUg,pKk7jCFIm96qDdk0laVT2w,"""StripSteak""",The Strip,3
7OYfVLS87I5KDGHqHfpXDA,pKk7jCFIm96qDdk0laVT2w,"""StripSteak""",The Strip,5
2lEXahg6dJ4LhJTduQkurA,Cni2l-VKG_pdospJ6xliXQ,"""Burger Bar""",The Strip,3
cUR-WWkasNf2BQzXKyXI9w,7fxebHYUwIF6CakxSr70iQ,"""Carnevino""",The Strip,4
UcRcib_NrrV2cznsgqoFZQ,Cni2l-VKG_pdospJ6xliXQ,"""Burger Bar""",The Strip,4
4L5inO929_mpS5-DDzEnlA,7fxebHYUwIF6CakxSr70iQ,"""Carnevino""",The Strip,4
QBfddxMwLEHll3uMls91XQ,Cni2l-VKG_pdospJ6xliXQ,"""Burger Bar""",The Strip,4
mNxjE1iEFc_AKRcAmiLyoQ,CCRgGKhzxSpl38w7yhqKUw,"""Noodles""",The Strip,3
YNcoHYzUtspTXbZXV6kblQ,CCRgGKhzxSpl38w7yhqKUw,"""Noodles""",The Strip,1
2WRt4Nyl3t7MXSlVvKSRag,7fxebHYUwIF6CakxSr70iQ,"""Carnevino""",The Strip,3
IDVFG1pNSHIHoVuoLuZpcQ,CCRgGKhzxSpl38w7yhqKUw,"""Noodles""",The Strip,1
k9BCR6Ul0L7jXp9iR-5s3Q,pik4ebdFa0UcUhnNkivFcg,"""Carmine's Italian Restaurant - Las Vegas""",The Strip,3
S0ifxcnOPVfxrQBrfPYcaw,7fxebHYUwIF6CakxSr70iQ,"""Carnevino""",The Strip,3
7bS-E9OS8tSGf91LObuycg,Cni2l-VKG_pdospJ6xliXQ,"""Burger Bar""",The Strip,5
5Bs1BZcD6_wo_sUiAGe7FA,u-67zd1ImTv3EEr5kIdWrA,"""House of Blues - Music Venue""",The Strip,5
8FwBo9iyoLLSZg5CIEO7GQ,7fxebHYUwIF6CakxSr70iQ,"""Carnevino""",The Strip,5
UbLiuMRsJ-Whr_x-87Do7A,Cni2l-VKG_pdospJ6xliXQ,"""Burger Bar""",The Strip,5
UyUJ2dAPVTwAELPV4dAqyw,pKk7jCFIm96qDdk0laVT2w,"""StripSteak""",The Strip,4
73w-X_eBVjXHQn-7Fz5Irw,u-67zd1ImTv3EEr5kIdWrA,"""House of Blues - Music Venue""",The Strip,3
dab3HfjKLSDrcV8cJ_Rx2Q,pKk7jCFIm96qDdk0laVT2w,"""StripSteak""",The Strip,4
vAXwNzew3skZYUWXXsgd-g,Cni2l-VKG_pdospJ6xliXQ,"""Burger Bar""",The Strip,3
svBjez2KWyYa4VQgALTR2w,CCRgGKhzxSpl38w7yhqKUw,"""Noodles""",The Strip,5
v-D0-OPRyPFkXwmT4Ne1nQ,pKk7jCFIm96qDdk0laVT2w,"""StripSteak""",The Strip,5
sN6sEqOtd_RiyL3mCDWmBg,pKk7jCFIm96qDdk0laVT2w,"""StripSteak""",The Strip,3
158DGIdKshGubbIgscx05Q,Cni2l-VKG_pdospJ6xliXQ,"""Burger Bar""",The Strip,3
CuvzeGE6qxidyGrUqRVM-Q,Cni2l-VKG_pdospJ6xliXQ,"""Burger Bar""",The Strip,5
BFXSO07KTlSHGGnBApYqow,Cni2l-VKG_pdospJ6xliXQ,"""Burger Bar""",The Strip,5
n4LfuFD2z5seBOSsKkmZcQ,7fxebHYUwIF6CakxSr70iQ,"""Carnevino""",The Strip,2
Kz3IjwptSLMv1ALZ_ldzPQ,Cni2l-VKG_pdospJ6xliXQ,"""Burger Bar""",The Strip,4
CcDDOchJQ3z40v8TlSwWZw,pik4ebdFa0UcUhnNkivFcg,"""Carmine's Italian Restaurant - Las Vegas""",The Strip,2
-HWEt0zK0HHseFqYeFLEdQ,Cni2l-VKG_pdospJ6xliXQ,"""Burger Bar""",The Strip,5
arezISWQLkGNUBLJpNzPSA,u-67zd1ImTv3EEr5kIdWrA,"""House of Blues - Music Venue""",The Strip,1
Yv469OcUPAS9fpLWtdHMWw,7fxebHYUwIF6CakxSr70iQ,"""Carnevino""",The Strip,4
tQ4WGeF62UmIG60yfU1OfQ,u-67zd1ImTv3EEr5kIdWrA,"""House of Blues - Music Venue""",The Strip,5
eOTCuZ5mJJpXSekVfQOPGQ,7fxebHYUwIF6CakxSr70iQ,"""Carnevino""",The Strip,1
29DVyr8umZlZRX8a1KkEbA,pKk7jCFIm96qDdk0laVT2w,"""StripSteak""",The Strip,4
ZG3K3Wk0UzsVUEXlHhIISg,pik4ebdFa0UcUhnNkivFcg,"""Carmine's Italian Restaurant - Las Vegas""",The Strip,5
Y9jSvuLi9nHrXUWbWCwe0g,pKk7jCFIm96qDdk0laVT2w,"""StripSteak""",The Strip,4
pt3fBzxa7om-CQESpv0HYQ,u-67zd1ImTv3EEr5kIdWrA,"""House of Blues - Music Venue""",The Strip,5
8kdeyq__qGiT-13qeq43bw,Cni2l-VKG_pdospJ6xliXQ,"""Burger Bar""",The Strip,5
mHWzUDbKHitSjg26LNHGFw,Cni2l-VKG_pdospJ6xliXQ,"""Burger Bar""",The Strip,5
OOOfMCGHXEA1AXwj40zOWg,7fxebHYUwIF6CakxSr70iQ,"""Carnevino""",The Strip,4
qioQob5zxrnPinR6QieJWg,Cni2l-VKG_pdospJ6xliXQ,"""Burger Bar""",The Strip,4
_xWn57tbQ1nr39we2Wt_eQ,Cni2l-VKG_pdospJ6xliXQ,"""Burger Bar""",The Strip,4
0TCpWncjj74YXt3-aItVmA,Cni2l-VKG_pdospJ6xliXQ,"""Burger Bar""",The Strip,3
ej2UpkikhgPr7VokWZxnhw,CCRgGKhzxSpl38w7yhqKUw,"""Noodles""",The Strip,2
5bT16QvBp6t33vIfqtJahg,Cni2l-VKG_pdospJ6xliXQ,"""Burger Bar""",The Strip,4
Zb3vuqduBa-2U6w4WsMCQg,pik4ebdFa0UcUhnNkivFcg,"""Carmine's Italian Restaurant - Las Vegas""",The Strip,1
sgCZmOkdHBiaKaE6ZKVBaA,7fxebHYUwIF6CakxSr70iQ,"""Carnevino""",The Strip,4
wV9H-Zk-FcAp748HQpwzsw,Cni2l-VKG_pdospJ6xliXQ,"""Burger Bar""",The Strip,5
XrOtG_35xrtTYazoBk7dpg,Cni2l-VKG_pdospJ6xliXQ,"""Burger Bar""",The Strip,3
38EfCQKCfRYj24Q7Y8msbQ,7fxebHYUwIF6CakxSr70iQ,"""Carnevino""",The Strip,5
r30vkHVAmCxrc7oZO0rVQg,Cni2l-VKG_pdospJ6xliXQ,"""Burger Bar""",The Strip,4
PuJZlZUkxWxuas1xEiIwhQ,CCRgGKhzxSpl38w7yhqKUw,"""Noodles""",The Strip,4
ujNqx9pVg61xiCFcG35RAg,7fxebHYUwIF6CakxSr70iQ,"""Carnevino""",The Strip,4
BUUVBNP9wjeSiCANok7N_Q,pKk7jCFIm96qDdk0laVT2w,"""StripSteak""",The Strip,4
3aASPImVNonE79TtW_RxuQ,CCRgGKhzxSpl38w7yhqKUw,"""Noodles""",The Strip,4
3aASPImVNonE79TtW_RxuQ,Cni2l-VKG_pdospJ6xliXQ,"""Burger Bar""",The Strip,5
JwMYA-8X-C5Emh_mC0Oe3A,Cni2l-VKG_pdospJ6xliXQ,"""Burger Bar""",The Strip,3
uPitO46F354Zz3bbVW45yA,Cni2l-VKG_pdospJ6xliXQ,"""Burger Bar""",The Strip,4
7eb9fEJCyUrFx7MhPmhsUg,CCRgGKhzxSpl38w7yhqKUw,"""Noodles""",The Strip,4
7eb9fEJCyUrFx7MhPmhsUg,7fxebHYUwIF6CakxSr70iQ,"""Carnevino""",The Strip,3
WaQZsTUJmGlhHQZcTLKBSg,u-67zd1ImTv3EEr5kIdWrA,"""House of Blues - Music Venue""",The Strip,1
zNadfGudBIElhIPtPdMUKA,Cni2l-VKG_pdospJ6xliXQ,"""Burger Bar""",The Strip,4
tXwjzAqrnEtRQnQs9XNehQ,CCRgGKhzxSpl38w7yhqKUw,"""Noodles""",The Strip,3
F2rqZnBV3OqT7UJp8x7VJw,pik4ebdFa0UcUhnNkivFcg,"""Carmine's Italian Restaurant - Las Vegas""",The Strip,5
PIEKnoNKa-jNNcu99EMGqQ,pKk7jCFIm96qDdk0laVT2w,"""StripSteak""",The Strip,2
xDcIcr8X6QsZ-QwrLFBC-Q,pik4ebdFa0UcUhnNkivFcg,"""Carmine's Italian Restaurant - Las Vegas""",The Strip,1
thKaNQOM4lnhaUziNpCK9w,Cni2l-VKG_pdospJ6xliXQ,"""Burger Bar""",The Strip,5
pVcoMqCt3OKrKWpkRre6RQ,pKk7jCFIm96qDdk0laVT2w,"""StripSteak""",The Strip,5
I-t0RfN213cR7kJ1SL8hCQ,7fxebHYUwIF6CakxSr70iQ,"""Carnevino""",The Strip,2
DWFTAr_6IvykDncHl5brGg,Cni2l-VKG_pdospJ6xliXQ,"""Burger Bar""",The Strip,4
Wd-qpb2fAUhUcVJQ79XPCw,CCRgGKhzxSpl38w7yhqKUw,"""Noodles""",The Strip,5
gpEMOZL9l13Gnn6dPVy-iQ,CCRgGKhzxSpl38w7yhqKUw,"""Noodles""",The Strip,3
cmOBVvS9V21z-t-l8tlvzA,pKk7jCFIm96qDdk0laVT2w,"""StripSteak""",The Strip,4
pRv25YYyCLOqY3JmMCNKeg,pik4ebdFa0UcUhnNkivFcg,"""Carmine's Italian Restaurant - Las Vegas""",The Strip,5
laP0l6Snf7KO__s_geV4Pg,pKk7jCFIm96qDdk0laVT2w,"""StripSteak""",The Strip,5
M5AIjBfr0gRrl34i-M2JNQ,Cni2l-VKG_pdospJ6xliXQ,"""Burger Bar""",The Strip,4
W60em72V-omKP6s8QscRAA,CCRgGKhzxSpl38w7yhqKUw,"""Noodles""",The Strip,3
sINTaMDV-9xgcEExy9UhdA,u-67zd1ImTv3EEr5kIdWrA,"""House of Blues - Music Venue""",The Strip,4
F6puJSuCPy1OCbNPL6Foog,u-67zd1ImTv3EEr5kIdWrA,"""House of Blues - Music Venue""",The Strip,5
rt3PC7WCgCKsoufmQJELfw,Cni2l-VKG_pdospJ6xliXQ,"""Burger Bar""",The Strip,3
hJ6jVSwzPLUH_SVou4is7w,pKk7jCFIm96qDdk0laVT2w,"""StripSteak""",The Strip,4
GMiMXVIv9y5gpF95WCBZEQ,Cni2l-VKG_pdospJ6xliXQ,"""Burger Bar""",The Strip,4
nvY6VRv4uOIb7P1DueU8oA,pKk7jCFIm96qDdk0laVT2w,"""StripSteak""",The Strip,4
glCZpRr0LSMssbkOYGXpbQ,Cni2l-VKG_pdospJ6xliXQ,"""Burger Bar""",The Strip,4
b2ohDYFWsQ0u9rSEl6aEwA,CCRgGKhzxSpl38w7yhqKUw,"""Noodles""",The Strip,5
mKH-3z_snkMmHJPW9V9hvQ,pKk7jCFIm96qDdk0laVT2w,"""StripSteak""",The Strip,5
dbfjP8JCcVnEuaomPXMOZw,CCRgGKhzxSpl38w7yhqKUw,"""Noodles""",The Strip,5
CYs8MNCKgX58xBUm2aAX9Q,7fxebHYUwIF6CakxSr70iQ,"""Carnevino""",The Strip,5
SRGDUjHPVWO0dz-2JMtjCw,pKk7jCFIm96qDdk0laVT2w,"""StripSteak""",The Strip,2
a5wbltTrsCvPyF6RVeKlHQ,pik4ebdFa0UcUhnNkivFcg,"""Carmine's Italian Restaurant - Las Vegas""",The Strip,5
3TOqvey5XIDviVCTaBeiWQ,u-67zd1ImTv3EEr5kIdWrA,"""House of Blues - Music Venue""",The Strip,2
Y-1PuOjtGhu-AhLPAth5lA,CCRgGKhzxSpl38w7yhqKUw,"""Noodles""",The Strip,4
o80oxLqmDx8-TNNT2nVhQw,u-67zd1ImTv3EEr5kIdWrA,"""House of Blues - Music Venue""",The Strip,1
mPbWqAaZoMlIJlpsBMOEsg,7fxebHYUwIF6CakxSr70iQ,"""Carnevino""",The Strip,1
Zze5x6iYeio7_TcxERtz_Q,7fxebHYUwIF6CakxSr70iQ,"""Carnevino""",The Strip,1
qC88gSDh_EWaemf9wSPUcg,u-67zd1ImTv3EEr5kIdWrA,"""House of Blues - Music Venue""",The Strip,5
Tx-j2shO9LuH8pS8SewkQQ,Cni2l-VKG_pdospJ6xliXQ,"""Burger Bar""",The Strip,5
4l-a8M0e5tNxebDE0W-waQ,pKk7jCFIm96qDdk0laVT2w,"""StripSteak""",The Strip,5
P0eZEdycDIp86NS5tdEORg,pik4ebdFa0UcUhnNkivFcg,"""Carmine's Italian Restaurant - Las Vegas""",The Strip,5
_mMGDi9ZSY-r85GAEcsksg,7fxebHYUwIF6CakxSr70iQ,"""Carnevino""",The Strip,5
C1w3sNmFA4thLjvYkvbrqg,u-67zd1ImTv3EEr5kIdWrA,"""House of Blues - Music Venue""",The Strip,4
ThgCh6bc4LHc-ORGMHVC6w,CCRgGKhzxSpl38w7yhqKUw,"""Noodles""",The Strip,4
DD9y38PieYPDdhPwnVDfjg,Cni2l-VKG_pdospJ6xliXQ,"""Burger Bar""",The Strip,5
2Qc7AAk2xQhxKrD7cJ3kxg,CCRgGKhzxSpl38w7yhqKUw,"""Noodles""",The Strip,4
VKP3w6ZckytJ99etJe2fKA,pKk7jCFIm96qDdk0laVT2w,"""StripSteak""",The Strip,3
R2KS817TeDnxwsXJHwXzXw,Cni2l-VKG_pdospJ6xliXQ,"""Burger Bar""",The Strip,5
JDtoZC7RKvX6rA23f52FUw,Cni2l-VKG_pdospJ6xliXQ,"""Burger Bar""",The Strip,4
OQqBdDPBXYXQY0qRL20Dew,u-67zd1ImTv3EEr5kIdWrA,"""House of Blues - Music Venue""",The Strip,1
fBfkD7thWJGQZh5hoMx9mg,pKk7jCFIm96qDdk0laVT2w,"""StripSteak""",The Strip,2
cnydLUJOlmo9KTpZk6vjzg,pKk7jCFIm96qDdk0laVT2w,"""StripSteak""",The Strip,4
0tvCcnfJnSs55iB6mqPk3w,u-67zd1ImTv3EEr5kIdWrA,"""House of Blues - Music Venue""",The Strip,3
Eu2hf5PJ_o3g-JMcLy7p3A,CCRgGKhzxSpl38w7yhqKUw,"""Noodles""",The Strip,3
DNYjfhex0ARglLT1urypkg,7fxebHYUwIF6CakxSr70iQ,"""Carnevino""",The Strip,4
W5uKFvUMrK5p0zW9OKicbQ,pik4ebdFa0UcUhnNkivFcg,"""Carmine's Italian Restaurant - Las Vegas""",The Strip,5
tAxOxSVszYPIbjx8H7Ws1A,7fxebHYUwIF6CakxSr70iQ,"""Carnevino""",The Strip,4
2GP3va_3uLcFN9JJSVHCYA,pik4ebdFa0UcUhnNkivFcg,"""Carmine's Italian Restaurant - Las Vegas""",The Strip,5
12SMJCNaOkK6Tn6OcEEQhA,Cni2l-VKG_pdospJ6xliXQ,"""Burger Bar""",The Strip,1
-rBffbCNbqp83eyD_IKrgQ,pKk7jCFIm96qDdk0laVT2w,"""StripSteak""",The Strip,2
zN5l-f0GPbHdtpa-2NiuVw,7fxebHYUwIF6CakxSr70iQ,"""Carnevino""",The Strip,2
v2zaG6Ttb0l9SSCyco4vog,CCRgGKhzxSpl38w7yhqKUw,"""Noodles""",The Strip,2
aHQVSvR-Jcck-D_L1kgISg,7fxebHYUwIF6CakxSr70iQ,"""Carnevino""",The Strip,5
dQtfQILBuQ7lF5EISKfgYQ,pik4ebdFa0UcUhnNkivFcg,"""Carmine's Italian Restaurant - Las Vegas""",The Strip,5
-gXGwfSNV-t_IFvuI4XGQg,7fxebHYUwIF6CakxSr70iQ,"""Carnevino""",The Strip,1
FTpgQnpABygbs8Od_5ictw,7fxebHYUwIF6CakxSr70iQ,"""Carnevino""",The Strip,5
HKqp_Nlr96fxqppz9Rs7uw,u-67zd1ImTv3EEr5kIdWrA,"""House of Blues - Music Venue""",The Strip,2
pC3W4no9120Tjl8NhLVAAg,pKk7jCFIm96qDdk0laVT2w,"""StripSteak""",The Strip,4
FosGg2vLy8hjF7hhjyDqFw,7fxebHYUwIF6CakxSr70iQ,"""Carnevino""",The Strip,5
dUTeY5zIaa-j6TI6oRz-sg,pik4ebdFa0UcUhnNkivFcg,"""Carmine's Italian Restaurant - Las Vegas""",The Strip,2
nq8s9JADXPJBvINdvKG6jg,pik4ebdFa0UcUhnNkivFcg,"""Carmine's Italian Restaurant - Las Vegas""",The Strip,5
43D80mKs9uIGwnh17q8Lmw,pKk7jCFIm96qDdk0laVT2w,"""StripSteak""",The Strip,4
0sJLZ92OCVQgXPa7YuykBQ,pKk7jCFIm96qDdk0laVT2w,"""StripSteak""",The Strip,5
kei6J4F2YzsCy69nx2VsFQ,pik4ebdFa0UcUhnNkivFcg,"""Carmine's Italian Restaurant - Las Vegas""",The Strip,5
nwegLle0AogFpDODr3rY3Q,u-67zd1ImTv3EEr5kIdWrA,"""House of Blues - Music Venue""",The Strip,4
fxJcpYyCBgi61PtmlZXTjQ,u-67zd1ImTv3EEr5kIdWrA,"""House of Blues - Music Venue""",The Strip,4
SCzS4zo8WGB-cc68Eyv2bg,Cni2l-VKG_pdospJ6xliXQ,"""Burger Bar""",The Strip,4
PVVfyLlj11wwa9sjmKQb0g,CCRgGKhzxSpl38w7yhqKUw,"""Noodles""",The Strip,3
Db80SCez0BdYaHdC0xmzoQ,Cni2l-VKG_pdospJ6xliXQ,"""Burger Bar""",The Strip,4
Db80SCez0BdYaHdC0xmzoQ,pik4ebdFa0UcUhnNkivFcg,"""Carmine's Italian Restaurant - Las Vegas""",The Strip,4
ig8cp_NgaKSV7l6h2eghuA,Cni2l-VKG_pdospJ6xliXQ,"""Burger Bar""",The Strip,4
g1JFP6ZZU6ytPSkgyQcsug,Cni2l-VKG_pdospJ6xliXQ,"""Burger Bar""",The Strip,4
dDuO-Ee2swjS6Y4iZvoL2Q,CCRgGKhzxSpl38w7yhqKUw,"""Noodles""",The Strip,4
vKbRbgAEYDCdl-xjPIWLfQ,u-67zd1ImTv3EEr5kIdWrA,"""House of Blues - Music Venue""",The Strip,3
P-Ep7tXJWVbw7NvdvDMTtQ,Cni2l-VKG_pdospJ6xliXQ,"""Burger Bar""",The Strip,4
JKrdI_DHQgVV3akvPv7Msg,7fxebHYUwIF6CakxSr70iQ,"""Carnevino""",The Strip,2
3_0ptS97yZndEHgmqN0M1w,pKk7jCFIm96qDdk0laVT2w,"""StripSteak""",The Strip,5
mNxjE1iEFc_AKRcAmiLyoQ,Cni2l-VKG_pdospJ6xliXQ,"""Burger Bar""",The Strip,3
ID7ccpPgEZ-BdqO0lSFqnQ,u-67zd1ImTv3EEr5kIdWrA,"""House of Blues - Music Venue""",The Strip,4
oyOtPY3mDW9zCFFgzUrtTw,CCRgGKhzxSpl38w7yhqKUw,"""Noodles""",The Strip,1
WLt49M_OOTeWdr94bkudbw,pKk7jCFIm96qDdk0laVT2w,"""StripSteak""",The Strip,5
X8Ck1R_3Ngsk9ZyApfKi0w,Cni2l-VKG_pdospJ6xliXQ,"""Burger Bar""",The Strip,5
qV6OPUr-D4kMJNMh9ZM1Iw,Cni2l-VKG_pdospJ6xliXQ,"""Burger Bar""",The Strip,4
IDVFG1pNSHIHoVuoLuZpcQ,pKk7jCFIm96qDdk0laVT2w,"""StripSteak""",The Strip,5
IDVFG1pNSHIHoVuoLuZpcQ,Cni2l-VKG_pdospJ6xliXQ,"""Burger Bar""",The Strip,5
n4ZBxNksdzcFhAopOusZnQ,Cni2l-VKG_pdospJ6xliXQ,"""Burger Bar""",The Strip,5
-N0GRbBkchCB-301ZNyd4w,pik4ebdFa0UcUhnNkivFcg,"""Carmine's Italian Restaurant - Las Vegas""",The Strip,5
OsGZTAZw-0FNz5v0trbSsQ,u-67zd1ImTv3EEr5kIdWrA,"""House of Blues - Music Venue""",The Strip,3
sGJvx1MTsetDzsnrHfJHLg,Cni2l-VKG_pdospJ6xliXQ,"""Burger Bar""",The Strip,2
Sdb1D7ziBbt4XWVEvw-D1A,CCRgGKhzxSpl38w7yhqKUw,"""Noodles""",The Strip,5
50mnXKyPi2YJX125tTo86Q,7fxebHYUwIF6CakxSr70iQ,"""Carnevino""",The Strip,3
hR8LdFd3hskR0eZbuMT31Q,CCRgGKhzxSpl38w7yhqKUw,"""Noodles""",The Strip,1
AF_RVuv8KOlgpJgcQO3cqA,Cni2l-VKG_pdospJ6xliXQ,"""Burger Bar""",The Strip,3
B2F7f8NdlBUESv8cskE-jw,CCRgGKhzxSpl38w7yhqKUw,"""Noodles""",The Strip,2
aqTkK4ECbXlAghKi7mxv0w,Cni2l-VKG_pdospJ6xliXQ,"""Burger Bar""",The Strip,5
p4b9kMnG91a_tlg8grLsbQ,7fxebHYUwIF6CakxSr70iQ,"""Carnevino""",The Strip,2
Q6PIexKxto5LKJ6wEKvrwA,Cni2l-VKG_pdospJ6xliXQ,"""Burger Bar""",The Strip,3
kWCkJR_xj2av_tS29q-QWA,7fxebHYUwIF6CakxSr70iQ,"""Carnevino""",The Strip,4
Ct4TsWWqon3E6DYx2GrF8g,CCRgGKhzxSpl38w7yhqKUw,"""Noodles""",The Strip,3
vCVJ_uXLnUBxiGQTkQyc2A,Cni2l-VKG_pdospJ6xliXQ,"""Burger Bar""",The Strip,5
i6Fl2Hs6Q92GqzVloNaxyw,Cni2l-VKG_pdospJ6xliXQ,"""Burger Bar""",The Strip,4
1vCljetn2MxqQqD8qOAlBg,u-67zd1ImTv3EEr5kIdWrA,"""House of Blues - Music Venue""",The Strip,4
hALz0ALMVNghfOWsjhcHqA,CCRgGKhzxSpl38w7yhqKUw,"""Noodles""",The Strip,4
1UqsMFKn84Pe1ui68BBSVQ,pKk7jCFIm96qDdk0laVT2w,"""StripSteak""",The Strip,5
jqkhg9b3YJnH6LzMM5aZfw,7fxebHYUwIF6CakxSr70iQ,"""Carnevino""",The Strip,4
JcNSd3dXmIMVHP2CUpvMHA,pik4ebdFa0UcUhnNkivFcg,"""Carmine's Italian Restaurant - Las Vegas""",The Strip,4
qnD3krZFDoeI0Y-H9zW1BQ,pKk7jCFIm96qDdk0laVT2w,"""StripSteak""",The Strip,5
tJWeySzpFoqbqOFoCKQ45A,Cni2l-VKG_pdospJ6xliXQ,"""Burger Bar""",The Strip,3
PsLW3whIsq-YlKIfCYVI2g,Cni2l-VKG_pdospJ6xliXQ,"""Burger Bar""",The Strip,2
fMDyrr82dR60TMrj_o4GUQ,pik4ebdFa0UcUhnNkivFcg,"""Carmine's Italian Restaurant - Las Vegas""",The Strip,5
fMDyrr82dR60TMrj_o4GUQ,u-67zd1ImTv3EEr5kIdWrA,"""House of Blues - Music Venue""",The Strip,1
ZfQvZqaPEwbvvD9ZzuRaEQ,CCRgGKhzxSpl38w7yhqKUw,"""Noodles""",The Strip,3
Clj5WdwsjRRBvN5byPvdlA,pKk7jCFIm96qDdk0laVT2w,"""StripSteak""",The Strip,5
N0p1qpx7rGcWKpszMSSMJg,Cni2l-VKG_pdospJ6xliXQ,"""Burger Bar""",The Strip,3
OinO0dVT7XTh0LmQK-3DKg,pKk7jCFIm96qDdk0laVT2w,"""StripSteak""",The Strip,4
XZ7gWj4cIbFJOhG03lYY7w,pKk7jCFIm96qDdk0laVT2w,"""StripSteak""",The Strip,5
eU5RYtd8eSYoG5MyA76i0Q,CCRgGKhzxSpl38w7yhqKUw,"""Noodles""",The Strip,4
FQbVI3UyKlL-HfQGcRF8aA,pKk7jCFIm96qDdk0laVT2w,"""StripSteak""",The Strip,5
lrf1vUQjZA_z1ZuKQbxe3g,pik4ebdFa0UcUhnNkivFcg,"""Carmine's Italian Restaurant - Las Vegas""",The Strip,4
fvYeQRtSc8iKDOr83SB3ow,7fxebHYUwIF6CakxSr70iQ,"""Carnevino""",The Strip,3
p46TtY_pC3IzqBV_DlqfIQ,Cni2l-VKG_pdospJ6xliXQ,"""Burger Bar""",The Strip,2
EVlNHC3J1Y46LN4fkTwfvA,Cni2l-VKG_pdospJ6xliXQ,"""Burger Bar""",The Strip,4
kddFMjZTWulkLsHCKo3lzw,7fxebHYUwIF6CakxSr70iQ,"""Carnevino""",The Strip,2
luoYAtwWsncHHt5fMVV-kA,pKk7jCFIm96qDdk0laVT2w,"""StripSteak""",The Strip,5
2pRaTqfRN11VIb4PZ1Djrg,7fxebHYUwIF6CakxSr70iQ,"""Carnevino""",The Strip,3
fjcgp5TB7BxG17F8QMHqWQ,7fxebHYUwIF6CakxSr70iQ,"""Carnevino""",The Strip,5
3KK7L2Q6NMfJA1Ky4Ntmdg,CCRgGKhzxSpl38w7yhqKUw,"""Noodles""",The Strip,3
kWJb9lYwUGml33mezOatgQ,CCRgGKhzxSpl38w7yhqKUw,"""Noodles""",The Strip,4
p_CPh9Exphv5Bi2IbRfBsA,pKk7jCFIm96qDdk0laVT2w,"""StripSteak""",The Strip,5
f4GXSyxFoHFNW7Og0J3WXw,u-67zd1ImTv3EEr5kIdWrA,"""House of Blues - Music Venue""",The Strip,5
Vlc7uilyN09SHosumGIH-g,pKk7jCFIm96qDdk0laVT2w,"""StripSteak""",The Strip,5
g2O1gbRQUkIrll1t-g_NhA,Cni2l-VKG_pdospJ6xliXQ,"""Burger Bar""",The Strip,4
xrxWNeEhu5Qz9rOAea2I1g,pKk7jCFIm96qDdk0laVT2w,"""StripSteak""",The Strip,5
mdmdnlHLlZUvAE3-J5omCg,Cni2l-VKG_pdospJ6xliXQ,"""Burger Bar""",The Strip,4
7IV3JXTXufasWNSkDEdrcQ,pKk7jCFIm96qDdk0laVT2w,"""StripSteak""",The Strip,5
i9JyPv8YyngL1Rzl_Cmc8w,pKk7jCFIm96qDdk0laVT2w,"""StripSteak""",The Strip,5
l38MZfugtTB-ysHAcsnZqA,pKk7jCFIm96qDdk0laVT2w,"""StripSteak""",The Strip,1
l38MZfugtTB-ysHAcsnZqA,Cni2l-VKG_pdospJ6xliXQ,"""Burger Bar""",The Strip,4
3rC6h6TvlR_veGqC8QUNAQ,7fxebHYUwIF6CakxSr70iQ,"""Carnevino""",The Strip,2
L2j8Ci1d30tDU4-kbeOr4g,CCRgGKhzxSpl38w7yhqKUw,"""Noodles""",The Strip,3
SQzgexYmUV8_oLB9NSVfew,7fxebHYUwIF6CakxSr70iQ,"""Carnevino""",The Strip,5
JAI8P-NvOv605Ocgf60sHA,pik4ebdFa0UcUhnNkivFcg,"""Carmine's Italian Restaurant - Las Vegas""",The Strip,5
eh9uc8xHYR9-rki7fWggQQ,pik4ebdFa0UcUhnNkivFcg,"""Carmine's Italian Restaurant - Las Vegas""",The Strip,4
FRa_FtvgXaw_xuY5LkeaEg,CCRgGKhzxSpl38w7yhqKUw,"""Noodles""",The Strip,1
kmE8w5Y785eZmodsx0V6Ag,7fxebHYUwIF6CakxSr70iQ,"""Carnevino""",The Strip,4
aMA1JJVel96p88h7upc_Sg,CCRgGKhzxSpl38w7yhqKUw,"""Noodles""",The Strip,4
agTG39Xuad2batlT3m-y5A,Cni2l-VKG_pdospJ6xliXQ,"""Burger Bar""",The Strip,4
1nzumbE3rXBWICc9RPpF8A,pik4ebdFa0UcUhnNkivFcg,"""Carmine's Italian Restaurant - Las Vegas""",The Strip,5
YwyRCb4LLirDbOF7Ftw5AA,u-67zd1ImTv3EEr5kIdWrA,"""House of Blues - Music Venue""",The Strip,3
tkAjiVsQEhcVjc-0CKzcNg,7fxebHYUwIF6CakxSr70iQ,"""Carnevino""",The Strip,5
tkAjiVsQEhcVjc-0CKzcNg,pKk7jCFIm96qDdk0laVT2w,"""StripSteak""",The Strip,5
PrYgTaYYCTQoAsWe_TmSDA,u-67zd1ImTv3EEr5kIdWrA,"""House of Blues - Music Venue""",The Strip,3
kSyhGgF0uuFDleLcgyTSgw,Cni2l-VKG_pdospJ6xliXQ,"""Burger Bar""",The Strip,4
LeBme68V-ZCZft38sW6cTw,Cni2l-VKG_pdospJ6xliXQ,"""Burger Bar""",The Strip,4
7j06R8z6M8jTI8anwfjemA,7fxebHYUwIF6CakxSr70iQ,"""Carnevino""",The Strip,3
7j06R8z6M8jTI8anwfjemA,Cni2l-VKG_pdospJ6xliXQ,"""Burger Bar""",The Strip,4
HOX9cwFv6JLAc3ox5ejJ6A,CCRgGKhzxSpl38w7yhqKUw,"""Noodles""",The Strip,2
lNxwHO8heCjimMXk-xdgxw,CCRgGKhzxSpl38w7yhqKUw,"""Noodles""",The Strip,4
otNRht2ljG8beP6NNwwVLg,u-67zd1ImTv3EEr5kIdWrA,"""House of Blues - Music Venue""",The Strip,2
Ob3R23-KxBbRi8P92a0XyQ,7fxebHYUwIF6CakxSr70iQ,"""Carnevino""",The Strip,5
HpKkNV7NkiDYdttRguE5ZQ,pik4ebdFa0UcUhnNkivFcg,"""Carmine's Italian Restaurant - Las Vegas""",The Strip,5
i699EAWMYC0He0pFQAcH6Q,7fxebHYUwIF6CakxSr70iQ,"""Carnevino""",The Strip,5
vjjOAKIzy-bF1DeL8ynfow,CCRgGKhzxSpl38w7yhqKUw,"""Noodles""",The Strip,5
Mo1DN1grB0oZZaf1625AxA,CCRgGKhzxSpl38w7yhqKUw,"""Noodles""",The Strip,3
q5afJ8gTV5TPEOkzyeJ_WQ,u-67zd1ImTv3EEr5kIdWrA,"""House of Blues - Music Venue""",The Strip,5
WSDWmTG9-CyQ6q-t2SrGAg,pik4ebdFa0UcUhnNkivFcg,"""Carmine's Italian Restaurant - Las Vegas""",The Strip,4
le3Xn9Mheb1hNxWurF7RSw,pKk7jCFIm96qDdk0laVT2w,"""StripSteak""",The Strip,5
le3Xn9Mheb1hNxWurF7RSw,7fxebHYUwIF6CakxSr70iQ,"""Carnevino""",The Strip,5
Ec7k5Nxp1rohv1f1nMU_ig,pKk7jCFIm96qDdk0laVT2w,"""StripSteak""",The Strip,3
0D20DPif2KyEN9_zS5YOUQ,pKk7jCFIm96qDdk0laVT2w,"""StripSteak""",The Strip,1
sL3GRK9icLT5imEAvYzdLA,pKk7jCFIm96qDdk0laVT2w,"""StripSteak""",The Strip,5
KlYiFodOqShIIFiocqwg5w,pKk7jCFIm96qDdk0laVT2w,"""StripSteak""",The Strip,3
hYIX-Hh1jMWb__EJ3Vwwfw,Cni2l-VKG_pdospJ6xliXQ,"""Burger Bar""",The Strip,4
7ZOZi7Du9R1Q5JHzADNFEg,Cni2l-VKG_pdospJ6xliXQ,"""Burger Bar""",The Strip,4
Db_8t-uSqIYEid15M7mZwg,Cni2l-VKG_pdospJ6xliXQ,"""Burger Bar""",The Strip,2
8UUt8b0qA7xNVx24WU667A,Cni2l-VKG_pdospJ6xliXQ,"""Burger Bar""",The Strip,2
LQYiHRsbRGM3e3DkmKPHVw,pik4ebdFa0UcUhnNkivFcg,"""Carmine's Italian Restaurant - Las Vegas""",The Strip,5
oFXPP06yJOYGVqkwi9MJIA,pik4ebdFa0UcUhnNkivFcg,"""Carmine's Italian Restaurant - Las Vegas""",The Strip,4
0cVqdBJsVUMlIFn3WYSWxQ,7fxebHYUwIF6CakxSr70iQ,"""Carnevino""",The Strip,4
JUAVetx07f1NV3eJXBi3iQ,7fxebHYUwIF6CakxSr70iQ,"""Carnevino""",The Strip,5
68Nca8i51ej5ZH49LSl9kg,Cni2l-VKG_pdospJ6xliXQ,"""Burger Bar""",The Strip,3
yQfORFvd5xsaBDaWG7MMJA,CCRgGKhzxSpl38w7yhqKUw,"""Noodles""",The Strip,1
UjEu2MI1B8ycJ728dq1Erg,pik4ebdFa0UcUhnNkivFcg,"""Carmine's Italian Restaurant - Las Vegas""",The Strip,5
wF84ppv1ljvvSPgZq5GcsA,7fxebHYUwIF6CakxSr70iQ,"""Carnevino""",The Strip,3
MwliVGpzMMOCPFYbgmq1yg,pKk7jCFIm96qDdk0laVT2w,"""StripSteak""",The Strip,4
JvjJwZfO9UXzcdGh9N34fQ,CCRgGKhzxSpl38w7yhqKUw,"""Noodles""",The Strip,5
gFZu7luqGdjsTwBnsUydhw,Cni2l-VKG_pdospJ6xliXQ,"""Burger Bar""",The Strip,5
ciJQ8IdyfM6wUS_xJrWV3A,Cni2l-VKG_pdospJ6xliXQ,"""Burger Bar""",The Strip,3
0gguSDqHVhQZNb_FaT5G5g,Cni2l-VKG_pdospJ6xliXQ,"""Burger Bar""",The Strip,2
LjlyVaXBN73frMCH7w_fyQ,Cni2l-VKG_pdospJ6xliXQ,"""Burger Bar""",The Strip,3
he6E7_-E5Ac4wQYfxH6YLw,u-67zd1ImTv3EEr5kIdWrA,"""House of Blues - Music Venue""",The Strip,2
j5ezF5mEGpnDwdTmAHci7Q,pKk7jCFIm96qDdk0laVT2w,"""StripSteak""",The Strip,4
g84DX1AfXo8aVXmWEWW3LQ,pKk7jCFIm96qDdk0laVT2w,"""StripSteak""",The Strip,1
s2uReGFdmTfKq0Z9dhHhFg,7fxebHYUwIF6CakxSr70iQ,"""Carnevino""",The Strip,5
tgc4EiUhLO8nlws4Uy0fOQ,Cni2l-VKG_pdospJ6xliXQ,"""Burger Bar""",The Strip,3
BH2wFsdawKOXTXcvGLRnZg,u-67zd1ImTv3EEr5kIdWrA,"""House of Blues - Music Venue""",The Strip,5
t4riJcOLPqKuYU6uM9Zv8g,Cni2l-VKG_pdospJ6xliXQ,"""Burger Bar""",The Strip,4
DMtVkV1K2DPimItj9xUfjw,Cni2l-VKG_pdospJ6xliXQ,"""Burger Bar""",The Strip,4
Vloi1tpDf7vNjpjzy1bSiw,7fxebHYUwIF6CakxSr70iQ,"""Carnevino""",The Strip,2
Gd_la55K-Oj0Hq1I4tUQuQ,Cni2l-VKG_pdospJ6xliXQ,"""Burger Bar""",The Strip,1
cD9vAXIG-UQnASjnBjsQLQ,pKk7jCFIm96qDdk0laVT2w,"""StripSteak""",The Strip,3
cD9vAXIG-UQnASjnBjsQLQ,Cni2l-VKG_pdospJ6xliXQ,"""Burger Bar""",The Strip,4
c2MQ_LPuvtiiKFR_-OY9pg,Cni2l-VKG_pdospJ6xliXQ,"""Burger Bar""",The Strip,4
OuM_0R1wfqX2eGl57Ey15Q,Cni2l-VKG_pdospJ6xliXQ,"""Burger Bar""",The Strip,5
YfVcGgtfxoFw4ATUj2Y3HA,Cni2l-VKG_pdospJ6xliXQ,"""Burger Bar""",The Strip,3
Db80SCez0BdYaHdC0xmzoQ,pKk7jCFIm96qDdk0laVT2w,"""StripSteak""",The Strip,2
fxcHNjGsm1owT3Zz6AdO1A,pKk7jCFIm96qDdk0laVT2w,"""StripSteak""",The Strip,1
gzqYSc_ax4HHOsxe6uf9ZQ,u-67zd1ImTv3EEr5kIdWrA,"""House of Blues - Music Venue""",The Strip,1
dKKvpFh7QrplB3e0EEh8Rg,u-67zd1ImTv3EEr5kIdWrA,"""House of Blues - Music Venue""",The Strip,4
R-q1NjCaBHabVCsq9_Y0kA,Cni2l-VKG_pdospJ6xliXQ,"""Burger Bar""",The Strip,2
n4BvuKyFSZgGV0tYRbmZlA,pik4ebdFa0UcUhnNkivFcg,"""Carmine's Italian Restaurant - Las Vegas""",The Strip,3
SlZ1r9Gs-5BkXPOQeuWnqA,Cni2l-VKG_pdospJ6xliXQ,"""Burger Bar""",The Strip,2
lxlZD9ku8jPN6_6_Ec1QvA,7fxebHYUwIF6CakxSr70iQ,"""Carnevino""",The Strip,2
qsr09tKW7y0czmR_9kKoDw,pKk7jCFIm96qDdk0laVT2w,"""StripSteak""",The Strip,5
N7IW50jr40YocM-Z55hvFQ,7fxebHYUwIF6CakxSr70iQ,"""Carnevino""",The Strip,5
6laUrIScK4O_wqVYmc0xfw,u-67zd1ImTv3EEr5kIdWrA,"""House of Blues - Music Venue""",The Strip,2
6laUrIScK4O_wqVYmc0xfw,Cni2l-VKG_pdospJ6xliXQ,"""Burger Bar""",The Strip,4
w6-4FvBzgZ7s75s_4iD6pg,7fxebHYUwIF6CakxSr70iQ,"""Carnevino""",The Strip,4
n4ZBxNksdzcFhAopOusZnQ,pik4ebdFa0UcUhnNkivFcg,"""Carmine's Italian Restaurant - Las Vegas""",The Strip,3
GoW5NxQnsZg-EkXfkWd8oA,CCRgGKhzxSpl38w7yhqKUw,"""Noodles""",The Strip,4
TqyhA_xKD1pIXLq8Amy3Rw,7fxebHYUwIF6CakxSr70iQ,"""Carnevino""",The Strip,3
cc6XcRAXcPkAW9C15VvBmg,pik4ebdFa0UcUhnNkivFcg,"""Carmine's Italian Restaurant - Las Vegas""",The Strip,5
cc6XcRAXcPkAW9C15VvBmg,Cni2l-VKG_pdospJ6xliXQ,"""Burger Bar""",The Strip,5
9L-QzzWo0ZES60ttN6t-mA,Cni2l-VKG_pdospJ6xliXQ,"""Burger Bar""",The Strip,5
Crvye6MWxtFOR8QXu1yNVA,Cni2l-VKG_pdospJ6xliXQ,"""Burger Bar""",The Strip,1
J7dNATDyoZgABFpE7Dm-kw,7fxebHYUwIF6CakxSr70iQ,"""Carnevino""",The Strip,5
g8_8roieVRwGJVTpNOgbYw,Cni2l-VKG_pdospJ6xliXQ,"""Burger Bar""",The Strip,5
KpaeI2YRVRoZxUauUH_lIA,pKk7jCFIm96qDdk0laVT2w,"""StripSteak""",The Strip,1
WplAe13b0bxscClJ7TASJA,Cni2l-VKG_pdospJ6xliXQ,"""Burger Bar""",The Strip,5
1kNsEAhGU8d8xugMuXJGFA,pKk7jCFIm96qDdk0laVT2w,"""StripSteak""",The Strip,3
YThAB7DWpxCLvYJLTkU0PQ,Cni2l-VKG_pdospJ6xliXQ,"""Burger Bar""",The Strip,4
qUiylJNTVsBjqYiq1i7TaQ,CCRgGKhzxSpl38w7yhqKUw,"""Noodles""",The Strip,4
b2XdmsGJK731UylaZV9hSw,Cni2l-VKG_pdospJ6xliXQ,"""Burger Bar""",The Strip,5
8_Gx__0SaRBIbW5C_XHWWg,u-67zd1ImTv3EEr5kIdWrA,"""House of Blues - Music Venue""",The Strip,5
Udr7knsoHqDz6rC2ZRLeEg,Cni2l-VKG_pdospJ6xliXQ,"""Burger Bar""",The Strip,4
QRhZChDuwfBbuhqIazv5jA,Cni2l-VKG_pdospJ6xliXQ,"""Burger Bar""",The Strip,5
lWrDnoHn3g8GH1ppd6L_0g,Cni2l-VKG_pdospJ6xliXQ,"""Burger Bar""",The Strip,4
eh9uc8xHYR9-rki7fWggQQ,Cni2l-VKG_pdospJ6xliXQ,"""Burger Bar""",The Strip,4
QTRsU9I28O0TRmw80W9Hzw,pik4ebdFa0UcUhnNkivFcg,"""Carmine's Italian Restaurant - Las Vegas""",The Strip,5
u1nLUonu75_IZLDJK5tNgA,Cni2l-VKG_pdospJ6xliXQ,"""Burger Bar""",The Strip,4
ULXFIehoRdNm9ZERN7C6NA,pKk7jCFIm96qDdk0laVT2w,"""StripSteak""",The Strip,1
dkF6qHVRv4k9fI405-8UWw,7fxebHYUwIF6CakxSr70iQ,"""Carnevino""",The Strip,4
OevoJTl3xmSgwjec9IWO2g,7fxebHYUwIF6CakxSr70iQ,"""Carnevino""",The Strip,5
EFzf-GOLdUtj7o8dpCCbuw,CCRgGKhzxSpl38w7yhqKUw,"""Noodles""",The Strip,2
KCD6daAp293FoOUoTjT_YA,u-67zd1ImTv3EEr5kIdWrA,"""House of Blues - Music Venue""",The Strip,4
PMg8Xmu4kGybxsHC5HTX1Q,CCRgGKhzxSpl38w7yhqKUw,"""Noodles""",The Strip,2
AFP9T3UKavUo-As7MvVHvA,7fxebHYUwIF6CakxSr70iQ,"""Carnevino""",The Strip,4
ukv4Q9Y6Yt4JDXBgtsKBYQ,Cni2l-VKG_pdospJ6xliXQ,"""Burger Bar""",The Strip,2
p05BaSFza5U8MRUXAciB2Q,Cni2l-VKG_pdospJ6xliXQ,"""Burger Bar""",The Strip,5
UC28tYq6iQWd1DLYlPy1sg,Cni2l-VKG_pdospJ6xliXQ,"""Burger Bar""",The Strip,5
JtdQVsiKWRrghAPepxjYQg,pKk7jCFIm96qDdk0laVT2w,"""StripSteak""",The Strip,2
OLs6TiLwz5nYhAGMpYVqzw,CCRgGKhzxSpl38w7yhqKUw,"""Noodles""",The Strip,3
afwPK7Gg5b4wFQ8TjYawcw,Cni2l-VKG_pdospJ6xliXQ,"""Burger Bar""",The Strip,4
8dh_dZaiIBzZt1zk_5Qa-g,pKk7jCFIm96qDdk0laVT2w,"""StripSteak""",The Strip,3
YoaQY0EZmhYCgTLtz5sd2w,CCRgGKhzxSpl38w7yhqKUw,"""Noodles""",The Strip,3
jI5grCzPrcpYgqtNVygWRQ,Cni2l-VKG_pdospJ6xliXQ,"""Burger Bar""",The Strip,3
jW4Igo4k9lrwIATtxlSNBg,Cni2l-VKG_pdospJ6xliXQ,"""Burger Bar""",The Strip,4
d4FdOpaG09SE8oCRO2PnJQ,pKk7jCFIm96qDdk0laVT2w,"""StripSteak""",The Strip,2
P4ASdaQo4bjJ_sU7tSeFtA,Cni2l-VKG_pdospJ6xliXQ,"""Burger Bar""",The Strip,5
wT3_ulB72kUz_MBdxBDUDA,pKk7jCFIm96qDdk0laVT2w,"""StripSteak""",The Strip,5
RHwxBSwB7e_r2yTo1zHijw,CCRgGKhzxSpl38w7yhqKUw,"""Noodles""",The Strip,4
4Wg50q9gMmxKiM_ezkiIXg,pKk7jCFIm96qDdk0laVT2w,"""StripSteak""",The Strip,3
TL0qj8DiMNi80gZCG53yJQ,pik4ebdFa0UcUhnNkivFcg,"""Carmine's Italian Restaurant - Las Vegas""",The Strip,5
JAG0kVYjeGM_5cAbySas2A,7fxebHYUwIF6CakxSr70iQ,"""Carnevino""",The Strip,5
TE1VMyOjZeshcmU_7pW3Kw,Cni2l-VKG_pdospJ6xliXQ,"""Burger Bar""",The Strip,5
DaHCyMFT_v0ctYXqtzvWww,Cni2l-VKG_pdospJ6xliXQ,"""Burger Bar""",The Strip,4
0r5DPmi3WOhV-6BKxuFAbA,Cni2l-VKG_pdospJ6xliXQ,"""Burger Bar""",The Strip,4
JBCk2YsWc6rY7tN7uWsaqg,u-67zd1ImTv3EEr5kIdWrA,"""House of Blues - Music Venue""",The Strip,3
aeCyTRbXdrqGPPCduVLGVA,pik4ebdFa0UcUhnNkivFcg,"""Carmine's Italian Restaurant - Las Vegas""",The Strip,3
W7tKBCQ1XugMEDjB8ZBXqg,pKk7jCFIm96qDdk0laVT2w,"""StripSteak""",The Strip,5
lMLPQoeBq77bYxFvvcgvZA,CCRgGKhzxSpl38w7yhqKUw,"""Noodles""",The Strip,2
lFUekZcVQpmEmszLQIHLFg,CCRgGKhzxSpl38w7yhqKUw,"""Noodles""",The Strip,5
-zuV9Du1HFHaQ6GnVyGWsQ,pKk7jCFIm96qDdk0laVT2w,"""StripSteak""",The Strip,3
Ulgm73gU9ypdgkdDPQoVzA,7fxebHYUwIF6CakxSr70iQ,"""Carnevino""",The Strip,5
0LgC7YzAQXBdbQZl0wgUnQ,pKk7jCFIm96qDdk0laVT2w,"""StripSteak""",The Strip,5
nCYcZqc1S2q-8_NvL2Lrww,u-67zd1ImTv3EEr5kIdWrA,"""House of Blues - Music Venue""",The Strip,3
uHVmD8JPJPFayC_20VU7Ug,7fxebHYUwIF6CakxSr70iQ,"""Carnevino""",The Strip,4
axet_GNKLfDxyzqLcqL76Q,Cni2l-VKG_pdospJ6xliXQ,"""Burger Bar""",The Strip,5
ouGxH-YQbqeak2Sxgozc2A,Cni2l-VKG_pdospJ6xliXQ,"""Burger Bar""",The Strip,3
-95gDpECFDSjWEL1AIrkAA,pKk7jCFIm96qDdk0laVT2w,"""StripSteak""",The Strip,5
bylrVvA_VJg_OPRwUvN7NA,u-67zd1ImTv3EEr5kIdWrA,"""House of Blues - Music Venue""",The Strip,1
4u4mT3Hucpw2YUzIxBJOvA,7fxebHYUwIF6CakxSr70iQ,"""Carnevino""",The Strip,2
wsOx40lZIyQoIHuUFuUPNQ,Cni2l-VKG_pdospJ6xliXQ,"""Burger Bar""",The Strip,4
0PyxvHHHMhctTunTYr3t2A,pik4ebdFa0UcUhnNkivFcg,"""Carmine's Italian Restaurant - Las Vegas""",The Strip,4
q5afJ8gTV5TPEOkzyeJ_WQ,Cni2l-VKG_pdospJ6xliXQ,"""Burger Bar""",The Strip,3
VPKTHALFvhikO8tzEohGDQ,u-67zd1ImTv3EEr5kIdWrA,"""House of Blues - Music Venue""",The Strip,3
nYIH8IHzWp3j33L3qsAz5Q,pKk7jCFIm96qDdk0laVT2w,"""StripSteak""",The Strip,4
1JjHGhU1In-V3mRFFy4W2A,pik4ebdFa0UcUhnNkivFcg,"""Carmine's Italian Restaurant - Las Vegas""",The Strip,5
7uKNRXjgqEvnGZbfwlBTgQ,u-67zd1ImTv3EEr5kIdWrA,"""House of Blues - Music Venue""",The Strip,1
UeZNMVG9TMdaRWRpIOkSkw,Cni2l-VKG_pdospJ6xliXQ,"""Burger Bar""",The Strip,5
veLWPGA-1MMtcRNDYWm-BA,CCRgGKhzxSpl38w7yhqKUw,"""Noodles""",The Strip,3
PcKuIaabuShrWG82TQlmtw,CCRgGKhzxSpl38w7yhqKUw,"""Noodles""",The Strip,2
O5VAQ-dbR2Bk0OZLL1L0Ig,CCRgGKhzxSpl38w7yhqKUw,"""Noodles""",The Strip,2
LK1LOOqwJBAPF85e5p2cQg,pik4ebdFa0UcUhnNkivFcg,"""Carmine's Italian Restaurant - Las Vegas""",The Strip,4
26M4SlyVW9RCXuoWH8xJgg,Cni2l-VKG_pdospJ6xliXQ,"""Burger Bar""",The Strip,5
vecebXflwwQ-onVAfOHSpQ,pKk7jCFIm96qDdk0laVT2w,"""StripSteak""",The Strip,4
i_9SMpJzdmex8YfvAQIjNQ,7fxebHYUwIF6CakxSr70iQ,"""Carnevino""",The Strip,3
7znuQ3Vay1oGBYvUvM6kyw,u-67zd1ImTv3EEr5kIdWrA,"""House of Blues - Music Venue""",The Strip,5
8m4zKMPmRj46tpNvjeShXA,7fxebHYUwIF6CakxSr70iQ,"""Carnevino""",The Strip,1
A7__KI9Alb5g52H-vp87MQ,Cni2l-VKG_pdospJ6xliXQ,"""Burger Bar""",The Strip,3
wDfgZByJ4Ze8-lGgfkXLMA,Cni2l-VKG_pdospJ6xliXQ,"""Burger Bar""",The Strip,3
CsjFcAKUZ2ton6DiftJdVw,7fxebHYUwIF6CakxSr70iQ,"""Carnevino""",The Strip,2
e9wfoS-pYUNrloa6VZBgNw,pKk7jCFIm96qDdk0laVT2w,"""StripSteak""",The Strip,2
e9wfoS-pYUNrloa6VZBgNw,Cni2l-VKG_pdospJ6xliXQ,"""Burger Bar""",The Strip,4
o8RLlQ7cM3R8HRJhdwoJ0w,u-67zd1ImTv3EEr5kIdWrA,"""House of Blues - Music Venue""",The Strip,4
J4qkc1sp3iFzobfQHLOaAQ,CCRgGKhzxSpl38w7yhqKUw,"""Noodles""",The Strip,4
cBrXXLUvACzsI4Y02x9cJw,Cni2l-VKG_pdospJ6xliXQ,"""Burger Bar""",The Strip,4
LUM-wfXKaf3aQ6z1jccWvg,u-67zd1ImTv3EEr5kIdWrA,"""House of Blues - Music Venue""",The Strip,3
2JZBdtnIHkTSUnl7zB0nTA,Cni2l-VKG_pdospJ6xliXQ,"""Burger Bar""",The Strip,1
M0QwqtKi6jQI45IeJjKaeg,7fxebHYUwIF6CakxSr70iQ,"""Carnevino""",The Strip,4
AwjbuQspgP4oicEK9HlLjg,CCRgGKhzxSpl38w7yhqKUw,"""Noodles""",The Strip,1
-RZygLHh0PYJTuPTRoaUkQ,7fxebHYUwIF6CakxSr70iQ,"""Carnevino""",The Strip,5
Sxf6dCIjkjSntey1JzAMWg,u-67zd1ImTv3EEr5kIdWrA,"""House of Blues - Music Venue""",The Strip,5
nTYf1ejJThqEdxyobc-Dsg,pKk7jCFIm96qDdk0laVT2w,"""StripSteak""",The Strip,4
P0Zd9BjnCgbfzsHiQFdhoA,u-67zd1ImTv3EEr5kIdWrA,"""House of Blues - Music Venue""",The Strip,4
3B64zay--W-Z1RxYIzoy4g,pik4ebdFa0UcUhnNkivFcg,"""Carmine's Italian Restaurant - Las Vegas""",The Strip,5
BQieyj8zZiTBquq6DnaWCA,Cni2l-VKG_pdospJ6xliXQ,"""Burger Bar""",The Strip,5
RsI5Sjjv1-EYue9yVN6WOw,pik4ebdFa0UcUhnNkivFcg,"""Carmine's Italian Restaurant - Las Vegas""",The Strip,4
RsI5Sjjv1-EYue9yVN6WOw,Cni2l-VKG_pdospJ6xliXQ,"""Burger Bar""",The Strip,3
ARCeY8XFZ5mvch6kbqahQg,CCRgGKhzxSpl38w7yhqKUw,"""Noodles""",The Strip,1
ZX33KCS4oa0nvhSDVD7sDQ,pik4ebdFa0UcUhnNkivFcg,"""Carmine's Italian Restaurant - Las Vegas""",The Strip,1
gECekyMQc54Jec10OiGjoA,u-67zd1ImTv3EEr5kIdWrA,"""House of Blues - Music Venue""",The Strip,3
XONghwwUjjK4sTXySpuqZA,pKk7jCFIm96qDdk0laVT2w,"""StripSteak""",The Strip,5
fTm62Ux0PpDxu66noJ_EUQ,pKk7jCFIm96qDdk0laVT2w,"""StripSteak""",The Strip,5
j7AXhNu64H2j9McS9Qif6w,7fxebHYUwIF6CakxSr70iQ,"""Carnevino""",The Strip,5
3cGW_QOIxGwRDLlbt1ClZw,Cni2l-VKG_pdospJ6xliXQ,"""Burger Bar""",The Strip,4
zTB0HibY3tnwltqB7v3c3g,pik4ebdFa0UcUhnNkivFcg,"""Carmine's Italian Restaurant - Las Vegas""",The Strip,4
dhyntiukJ7f2yd2iPgg0Pg,u-67zd1ImTv3EEr5kIdWrA,"""House of Blues - Music Venue""",The Strip,5
BRdK2Zzqz9q48YXjCqkMZg,7fxebHYUwIF6CakxSr70iQ,"""Carnevino""",The Strip,1
y-QD6dMWfOIDuMs6tzpj7g,pik4ebdFa0UcUhnNkivFcg,"""Carmine's Italian Restaurant - Las Vegas""",The Strip,2
ZF6pafgFFywXpHz3bSfqAA,Cni2l-VKG_pdospJ6xliXQ,"""Burger Bar""",The Strip,5
TE6yKGrnMq0LwXF-d46E9Q,Cni2l-VKG_pdospJ6xliXQ,"""Burger Bar""",The Strip,5
D6fP_CQrRXJ6Ewm4wyhcDg,Cni2l-VKG_pdospJ6xliXQ,"""Burger Bar""",The Strip,4
3DnbZjPyX8DaB8wtieyvPA,CCRgGKhzxSpl38w7yhqKUw,"""Noodles""",The Strip,2
zGvDMUu07b5BLqP0CDjzhg,Cni2l-VKG_pdospJ6xliXQ,"""Burger Bar""",The Strip,3
HR8XbWpZA53y_UqwFQFLng,Cni2l-VKG_pdospJ6xliXQ,"""Burger Bar""",The Strip,3
N6PAVmnVS24YDjvZgaXkmQ,u-67zd1ImTv3EEr5kIdWrA,"""House of Blues - Music Venue""",The Strip,4
qk_rl9ry7Pi46_AMhVyYzg,Cni2l-VKG_pdospJ6xliXQ,"""Burger Bar""",The Strip,1
vCbYnQ0DdpHb-vGRZVMkxg,pik4ebdFa0UcUhnNkivFcg,"""Carmine's Italian Restaurant - Las Vegas""",The Strip,5
y34mQfE7OITdt_u7eZ67pw,CCRgGKhzxSpl38w7yhqKUw,"""Noodles""",The Strip,3
wTx-w4lTflFIFCB-DapXfw,CCRgGKhzxSpl38w7yhqKUw,"""Noodles""",The Strip,1
otYpaeDAXiKMGfWijISsdg,Cni2l-VKG_pdospJ6xliXQ,"""Burger Bar""",The Strip,3
ci4nnkIDlDMPxjOFYUKhGw,Cni2l-VKG_pdospJ6xliXQ,"""Burger Bar""",The Strip,4
naO8UUgWMhn1aT-Ni9Bhyg,u-67zd1ImTv3EEr5kIdWrA,"""House of Blues - Music Venue""",The Strip,5
4o8zWbmzKyyFcak3nTGebw,pKk7jCFIm96qDdk0laVT2w,"""StripSteak""",The Strip,5
rypcWiSNGM0suWsiSLh9xA,u-67zd1ImTv3EEr5kIdWrA,"""House of Blues - Music Venue""",The Strip,5
x0sSPei0OaaY0w3VpHygvw,7fxebHYUwIF6CakxSr70iQ,"""Carnevino""",The Strip,5
S7W8GC3pIVqkGSzAp4G9ew,CCRgGKhzxSpl38w7yhqKUw,"""Noodles""",The Strip,1
JmZpgxfzVnmfyBKaPGD5wQ,Cni2l-VKG_pdospJ6xliXQ,"""Burger Bar""",The Strip,5
CO_Skd-m3qgFKHk7FUtIDA,pKk7jCFIm96qDdk0laVT2w,"""StripSteak""",The Strip,5
LAuZ66ApZ7Lzcx7II_g9qA,Cni2l-VKG_pdospJ6xliXQ,"""Burger Bar""",The Strip,4
B-reVJrG5c2za1K4l30J7g,Cni2l-VKG_pdospJ6xliXQ,"""Burger Bar""",The Strip,3
rSwiA7uSKAcsvrlantfStQ,Cni2l-VKG_pdospJ6xliXQ,"""Burger Bar""",The Strip,5
GnGdXlqfnh19LmVkBYXxrg,7fxebHYUwIF6CakxSr70iQ,"""Carnevino""",The Strip,3
4U6ERqlxOzo7AGCLHfymtQ,Cni2l-VKG_pdospJ6xliXQ,"""Burger Bar""",The Strip,5
JqfQCJlKeiALcL3v0bYjAw,Cni2l-VKG_pdospJ6xliXQ,"""Burger Bar""",The Strip,4
V50vZyOmePiIl7Axe2MWXw,pik4ebdFa0UcUhnNkivFcg,"""Carmine's Italian Restaurant - Las Vegas""",The Strip,4
M30Ndb5zaFyU0m-qVLngiw,Cni2l-VKG_pdospJ6xliXQ,"""Burger Bar""",The Strip,5
LxPec3cT1sNPMAQiQ0_avg,CCRgGKhzxSpl38w7yhqKUw,"""Noodles""",The Strip,3
-K1oPGyqUyOwE2Q7humQ4A,Cni2l-VKG_pdospJ6xliXQ,"""Burger Bar""",The Strip,5
idxdnn_cRg1sOk_Lpcv7kA,pik4ebdFa0UcUhnNkivFcg,"""Carmine's Italian Restaurant - Las Vegas""",The Strip,5
Tt0fS1Z1VzPww3y605J4UQ,pKk7jCFIm96qDdk0laVT2w,"""StripSteak""",The Strip,1
1qA0x9u0wLONlN6KQ14hnw,pKk7jCFIm96qDdk0laVT2w,"""StripSteak""",The Strip,2
1O638BDK_fWuxgTVJwff-A,pKk7jCFIm96qDdk0laVT2w,"""StripSteak""",The Strip,4
SvIEM8K5RwZswf-uKk3fTw,CCRgGKhzxSpl38w7yhqKUw,"""Noodles""",The Strip,5
vJU7VP831iKtwdwdD49MWw,u-67zd1ImTv3EEr5kIdWrA,"""House of Blues - Music Venue""",The Strip,3
rtyGmG0bCskfdGQSIliexg,Cni2l-VKG_pdospJ6xliXQ,"""Burger Bar""",The Strip,5
_pBzBgtCTN9PNUPfgPDI8A,7fxebHYUwIF6CakxSr70iQ,"""Carnevino""",The Strip,5
zGgSGRE8jMpXiYMIlpXZlw,7fxebHYUwIF6CakxSr70iQ,"""Carnevino""",The Strip,1
V0hZ_K0EesuV7bJ-g54roQ,Cni2l-VKG_pdospJ6xliXQ,"""Burger Bar""",The Strip,3
7OMW9n8tWNDg4eHGcDSL3Q,u-67zd1ImTv3EEr5kIdWrA,"""House of Blues - Music Venue""",The Strip,4
WNJfD4bUH-x1n5qDIfQ0bA,u-67zd1ImTv3EEr5kIdWrA,"""House of Blues - Music Venue""",The Strip,1
PUos6w1aB2GX6Qakf9616w,u-67zd1ImTv3EEr5kIdWrA,"""House of Blues - Music Venue""",The Strip,5
qdgtXYtf8f3LtaL2V4ohuA,Cni2l-VKG_pdospJ6xliXQ,"""Burger Bar""",The Strip,4
HtxfXF931g-wg_lbzSuleA,Cni2l-VKG_pdospJ6xliXQ,"""Burger Bar""",The Strip,3
zQ6YAp968ImO0zIsvedTug,CCRgGKhzxSpl38w7yhqKUw,"""Noodles""",The Strip,3
zQ6YAp968ImO0zIsvedTug,7fxebHYUwIF6CakxSr70iQ,"""Carnevino""",The Strip,4
ij2GNWwaY4_FEqMIEk7OTg,Cni2l-VKG_pdospJ6xliXQ,"""Burger Bar""",The Strip,4
RcV37R2d2IqNEMdG8sSmbw,pik4ebdFa0UcUhnNkivFcg,"""Carmine's Italian Restaurant - Las Vegas""",The Strip,2
gTqC7E1Yq2PXwIna24kE-g,CCRgGKhzxSpl38w7yhqKUw,"""Noodles""",The Strip,5
WmUrzQWrMe3gqQpbPsyPIg,u-67zd1ImTv3EEr5kIdWrA,"""House of Blues - Music Venue""",The Strip,2
Hl4FVghtpqUhh5S90JmPxw,pKk7jCFIm96qDdk0laVT2w,"""StripSteak""",The Strip,5
D63bFSrJLxU08M9ffdqPOQ,Cni2l-VKG_pdospJ6xliXQ,"""Burger Bar""",The Strip,4
U4INQZOPSUaj8hMjLlZ3KA,7fxebHYUwIF6CakxSr70iQ,"""Carnevino""",The Strip,4
xygY55p6dIilYw46ScI8HA,7fxebHYUwIF6CakxSr70iQ,"""Carnevino""",The Strip,5
sraSB2SA8Ftpus02eRtAgQ,pik4ebdFa0UcUhnNkivFcg,"""Carmine's Italian Restaurant - Las Vegas""",The Strip,4
MAkT2X4iMluuKUmWSsIFmA,u-67zd1ImTv3EEr5kIdWrA,"""House of Blues - Music Venue""",The Strip,5
OkOFPHJGi4qp6ivkyFSq6g,7fxebHYUwIF6CakxSr70iQ,"""Carnevino""",The Strip,1
DbeM9DQrdCPNnceU6JJDiQ,Cni2l-VKG_pdospJ6xliXQ,"""Burger Bar""",The Strip,4
YdLG_RVqGpwiFIwTWosKnQ,pKk7jCFIm96qDdk0laVT2w,"""StripSteak""",The Strip,4
YdLG_RVqGpwiFIwTWosKnQ,Cni2l-VKG_pdospJ6xliXQ,"""Burger Bar""",The Strip,5
HaLPTTARcWN_Afi656fZyg,7fxebHYUwIF6CakxSr70iQ,"""Carnevino""",The Strip,5
vXuO9q-ExB5UZDh_u_mjwg,Cni2l-VKG_pdospJ6xliXQ,"""Burger Bar""",The Strip,4
PxAv_AbVfQDT9wZvdSObfQ,u-67zd1ImTv3EEr5kIdWrA,"""House of Blues - Music Venue""",The Strip,5
SIQlqG2fI-jFp-eOTJ5P5g,pKk7jCFIm96qDdk0laVT2w,"""StripSteak""",The Strip,5
Av2xZzjZQkQl-fKgDSdsIw,Cni2l-VKG_pdospJ6xliXQ,"""Burger Bar""",The Strip,4
PNa2-EjHe_ApIgZXD6kxBg,7fxebHYUwIF6CakxSr70iQ,"""Carnevino""",The Strip,3
PMM4fCxPHfrBrTHEbjLGsw,Cni2l-VKG_pdospJ6xliXQ,"""Burger Bar""",The Strip,5
qzHDEfZf5cDYVmXVua1Etw,Cni2l-VKG_pdospJ6xliXQ,"""Burger Bar""",The Strip,4
9vqhfuvSNWvbZ5ppOKGPDA,pKk7jCFIm96qDdk0laVT2w,"""StripSteak""",The Strip,5
RIf-hFIJNS4GeNa_WVKZGQ,pik4ebdFa0UcUhnNkivFcg,"""Carmine's Italian Restaurant - Las Vegas""",The Strip,1
CpB00022d3I7EhxaM9lNhA,Cni2l-VKG_pdospJ6xliXQ,"""Burger Bar""",The Strip,4
_NTjWIkJEe2byGRoG-TiBw,7fxebHYUwIF6CakxSr70iQ,"""Carnevino""",The Strip,5
uP5I22SoZnslFmfIkp8zAA,pKk7jCFIm96qDdk0laVT2w,"""StripSteak""",The Strip,1
5noDm5ymLWyTKygJcLYGpg,CCRgGKhzxSpl38w7yhqKUw,"""Noodles""",The Strip,4
Ie-nGnxjPhpgu5kOq6slvg,Cni2l-VKG_pdospJ6xliXQ,"""Burger Bar""",The Strip,3
8bwQwSJAdoNlNjxnZLiaeQ,pik4ebdFa0UcUhnNkivFcg,"""Carmine's Italian Restaurant - Las Vegas""",The Strip,4
g5y90qu7pZusdEZEn1NFYg,7fxebHYUwIF6CakxSr70iQ,"""Carnevino""",The Strip,4
ST69ZWSiKECUcbtOPGrIpw,pKk7jCFIm96qDdk0laVT2w,"""StripSteak""",The Strip,3
_-JJUa1t4I7CCpJznsPd8g,pKk7jCFIm96qDdk0laVT2w,"""StripSteak""",The Strip,4
epf1VZdUCCcAJxlCal-3EA,7fxebHYUwIF6CakxSr70iQ,"""Carnevino""",The Strip,2
ynRkJSonX8Unc5-uk3cw1w,u-67zd1ImTv3EEr5kIdWrA,"""House of Blues - Music Venue""",The Strip,5
5fXjh_yFAJvKRUIDBg_28Q,CCRgGKhzxSpl38w7yhqKUw,"""Noodles""",The Strip,2
wUEWWeqNytUKLqwgTdxe7Q,Cni2l-VKG_pdospJ6xliXQ,"""Burger Bar""",The Strip,5
NiVLsf3ps59u51tWAsgEpA,pik4ebdFa0UcUhnNkivFcg,"""Carmine's Italian Restaurant - Las Vegas""",The Strip,4
pYSdL-aNPmd6zx1kAwweIQ,u-67zd1ImTv3EEr5kIdWrA,"""House of Blues - Music Venue""",The Strip,1
3nIuSCZk5f_2WWYMLN7h3w,7fxebHYUwIF6CakxSr70iQ,"""Carnevino""",The Strip,4
5CXmvhmGcSaaDYh9JmLapA,7fxebHYUwIF6CakxSr70iQ,"""Carnevino""",The Strip,2
AQYwxJku3AVfj_1deqnHfQ,CCRgGKhzxSpl38w7yhqKUw,"""Noodles""",The Strip,5
8J5IviWeu2Hc9ccvFGSYCA,pKk7jCFIm96qDdk0laVT2w,"""StripSteak""",The Strip,5
SqjP1cV8JwDdN0K9QULzog,Cni2l-VKG_pdospJ6xliXQ,"""Burger Bar""",The Strip,4
cB3rP59EqzXjRJrX23Wstw,Cni2l-VKG_pdospJ6xliXQ,"""Burger Bar""",The Strip,4
x4f9anzaaBozvJh5nv26SA,Cni2l-VKG_pdospJ6xliXQ,"""Burger Bar""",The Strip,5
3Fof3CHYNQDgAplOUNWurg,Cni2l-VKG_pdospJ6xliXQ,"""Burger Bar""",The Strip,3
eLE-xTeaJMSHpuw8NwL4_w,Cni2l-VKG_pdospJ6xliXQ,"""Burger Bar""",The Strip,4
o64Ag77aGW5eQG8Ek_hUKA,CCRgGKhzxSpl38w7yhqKUw,"""Noodles""",The Strip,3
v73Wcorml6AXZlBbCYLq8A,CCRgGKhzxSpl38w7yhqKUw,"""Noodles""",The Strip,5
NGh8DWW3tUID5n_gnKzuhA,u-67zd1ImTv3EEr5kIdWrA,"""House of Blues - Music Venue""",The Strip,2
nDtcfXcrDLxRidB1-_XjcQ,u-67zd1ImTv3EEr5kIdWrA,"""House of Blues - Music Venue""",The Strip,4
nDtcfXcrDLxRidB1-_XjcQ,Cni2l-VKG_pdospJ6xliXQ,"""Burger Bar""",The Strip,5
nB62po9tldlBBGVVhMvp9w,pik4ebdFa0UcUhnNkivFcg,"""Carmine's Italian Restaurant - Las Vegas""",The Strip,2
ytehOcY13zl7Ovl69oV8QQ,pik4ebdFa0UcUhnNkivFcg,"""Carmine's Italian Restaurant - Las Vegas""",The Strip,1
-Fy91nyOFqPv9M_MaZ4W2g,7fxebHYUwIF6CakxSr70iQ,"""Carnevino""",The Strip,5
JV4mCFFKgf_AurjiAXqq7w,Cni2l-VKG_pdospJ6xliXQ,"""Burger Bar""",The Strip,5
VXmKTSD6ucuGWl27KA18CA,7fxebHYUwIF6CakxSr70iQ,"""Carnevino""",The Strip,4
GZlo65PI3YokT9f2LM5OKw,7fxebHYUwIF6CakxSr70iQ,"""Carnevino""",The Strip,4
3Ig473yM_UvPw714qIjzkg,CCRgGKhzxSpl38w7yhqKUw,"""Noodles""",The Strip,5
2hI4YR1xP3Fb80ggdhWo8g,pik4ebdFa0UcUhnNkivFcg,"""Carmine's Italian Restaurant - Las Vegas""",The Strip,3
c-5NwrWuM2e_GCNgpPI1lg,Cni2l-VKG_pdospJ6xliXQ,"""Burger Bar""",The Strip,4
EYf7HjdTsM0hlzdvNKLN3A,pKk7jCFIm96qDdk0laVT2w,"""StripSteak""",The Strip,4
97VE7yPbzssyZMzh4LXrvA,pKk7jCFIm96qDdk0laVT2w,"""StripSteak""",The Strip,4
t5ZmlBhAh06hVKhOPP696Q,7fxebHYUwIF6CakxSr70iQ,"""Carnevino""",The Strip,4
P6nFKWJd9qUw-Hyw1e7Kug,7fxebHYUwIF6CakxSr70iQ,"""Carnevino""",The Strip,5
sEx1Ua3yNjxBdJ_vJ9amfA,Cni2l-VKG_pdospJ6xliXQ,"""Burger Bar""",The Strip,3
TRiWft6YLg01_TUVpVUisQ,CCRgGKhzxSpl38w7yhqKUw,"""Noodles""",The Strip,2
RAY4-BrmkwqZaZ9hO6hLVQ,Cni2l-VKG_pdospJ6xliXQ,"""Burger Bar""",The Strip,3
Fpfw1dtekpW1beAH8T1cwQ,Cni2l-VKG_pdospJ6xliXQ,"""Burger Bar""",The Strip,5
WcDIy0c8FSn4w3ZfvTBqcQ,CCRgGKhzxSpl38w7yhqKUw,"""Noodles""",The Strip,5
7ypN3O7HOzBtxRZdIqdVgg,pKk7jCFIm96qDdk0laVT2w,"""StripSteak""",The Strip,4
udzrj2_j-NiBL8OjscRCrQ,u-67zd1ImTv3EEr5kIdWrA,"""House of Blues - Music Venue""",The Strip,5
PubX-Ss1tGyzW8aYim6eCw,u-67zd1ImTv3EEr5kIdWrA,"""House of Blues - Music Venue""",The Strip,5
vJU7VP831iKtwdwdD49MWw,Cni2l-VKG_pdospJ6xliXQ,"""Burger Bar""",The Strip,5
DsuCDUJRctHbSoCFUFUlIQ,Cni2l-VKG_pdospJ6xliXQ,"""Burger Bar""",The Strip,5
af8dQQZK6vWZAVQiSTae8g,Cni2l-VKG_pdospJ6xliXQ,"""Burger Bar""",The Strip,3
w2ULn246x4XuzUPWQz_fXA,7fxebHYUwIF6CakxSr70iQ,"""Carnevino""",The Strip,1
vnWKs2dgqDuR_yNI5qJG5g,pKk7jCFIm96qDdk0laVT2w,"""StripSteak""",The Strip,5
z73G0kSaQQWTSSJJtZQLkw,u-67zd1ImTv3EEr5kIdWrA,"""House of Blues - Music Venue""",The Strip,5
kX9fWN1LVKWnaUPzco9qQw,7fxebHYUwIF6CakxSr70iQ,"""Carnevino""",The Strip,5
fuM5O_Iby8fMrzfwj7p3EA,u-67zd1ImTv3EEr5kIdWrA,"""House of Blues - Music Venue""",The Strip,5
OIvNpfJyF9mXoKcDSOocMA,7fxebHYUwIF6CakxSr70iQ,"""Carnevino""",The Strip,2
fXuEvlnDiAk0eD1a_MZ7xQ,7fxebHYUwIF6CakxSr70iQ,"""Carnevino""",The Strip,3
kS1MQHYwIfD0462PE61IBw,7fxebHYUwIF6CakxSr70iQ,"""Carnevino""",The Strip,3
ay7UM2MhjuYPfrcDn8yUCg,Cni2l-VKG_pdospJ6xliXQ,"""Burger Bar""",The Strip,2
31GGdW0v1NsQoD5xkHlsxQ,Cni2l-VKG_pdospJ6xliXQ,"""Burger Bar""",The Strip,4
loOoIBFpGbkx8WaIpQndiA,pik4ebdFa0UcUhnNkivFcg,"""Carmine's Italian Restaurant - Las Vegas""",The Strip,4
yxGrYOXacy1HRIMuR_uUOw,Cni2l-VKG_pdospJ6xliXQ,"""Burger Bar""",The Strip,4
LxPec3cT1sNPMAQiQ0_avg,7fxebHYUwIF6CakxSr70iQ,"""Carnevino""",The Strip,3
AlXlQIMAoG9arvMq_m34AQ,CCRgGKhzxSpl38w7yhqKUw,"""Noodles""",The Strip,4
5RtRPh0I3m6Zm5h6XmjC7Q,7fxebHYUwIF6CakxSr70iQ,"""Carnevino""",The Strip,4
m8rVLnvHz2nYKioTJnunXQ,CCRgGKhzxSpl38w7yhqKUw,"""Noodles""",The Strip,3
d-M5u4666bj2I1pCHC03ng,7fxebHYUwIF6CakxSr70iQ,"""Carnevino""",The Strip,1
DiXkwgLslytzuHNvBcJJjA,Cni2l-VKG_pdospJ6xliXQ,"""Burger Bar""",The Strip,5
O4Umo8Sa9OfzYN2FypPcXA,7fxebHYUwIF6CakxSr70iQ,"""Carnevino""",The Strip,5
IxEMT9rqzG6n4EJhqXSMvw,pKk7jCFIm96qDdk0laVT2w,"""StripSteak""",The Strip,4
sCz1QqCgdhLvNh7lXCrJQg,pKk7jCFIm96qDdk0laVT2w,"""StripSteak""",The Strip,3
8hEVcX2pJMLxXcE6Cz0xdg,pik4ebdFa0UcUhnNkivFcg,"""Carmine's Italian Restaurant - Las Vegas""",The Strip,1
griLyO9IV3XjQE9SGRGhMw,7fxebHYUwIF6CakxSr70iQ,"""Carnevino""",The Strip,1
aFCs6nvMR_YHU6-ajsNvtw,u-67zd1ImTv3EEr5kIdWrA,"""House of Blues - Music Venue""",The Strip,2
useOLNBvSbyaP4wZOuf6Ig,pik4ebdFa0UcUhnNkivFcg,"""Carmine's Italian Restaurant - Las Vegas""",The Strip,5
UmT4-WSMs3pJGcKBVR6hYw,Cni2l-VKG_pdospJ6xliXQ,"""Burger Bar""",The Strip,5
12oju1uZ2BdI7naEEM7wNg,CCRgGKhzxSpl38w7yhqKUw,"""Noodles""",The Strip,2
a9x2BusJ-E7aG14LYQw3xw,Cni2l-VKG_pdospJ6xliXQ,"""Burger Bar""",The Strip,5
Q1MSqlemsO43eKL_gjiAFA,Cni2l-VKG_pdospJ6xliXQ,"""Burger Bar""",The Strip,5
KzNGpbevBBc2P068nSya8w,pKk7jCFIm96qDdk0laVT2w,"""StripSteak""",The Strip,4
RYosE5BmRRhBZixqYukZww,pKk7jCFIm96qDdk0laVT2w,"""StripSteak""",The Strip,5
AWq7GhrN_VHSgcLZIqcLCw,7fxebHYUwIF6CakxSr70iQ,"""Carnevino""",The Strip,2
9ARxqHzCnZ6pY1DmSGFqFg,pik4ebdFa0UcUhnNkivFcg,"""Carmine's Italian Restaurant - Las Vegas""",The Strip,5
sYijOcdG_Es0NmKbfTJ6Lw,u-67zd1ImTv3EEr5kIdWrA,"""House of Blues - Music Venue""",The Strip,1
crX_X0iuDcy2LuzKyXExHA,u-67zd1ImTv3EEr5kIdWrA,"""House of Blues - Music Venue""",The Strip,5
WJuJJUbGevhEAOziSCTm7A,Cni2l-VKG_pdospJ6xliXQ,"""Burger Bar""",The Strip,4
kINWlS20r4KDtGjJF5eI0g,7fxebHYUwIF6CakxSr70iQ,"""Carnevino""",The Strip,3
my4q3Sy6Ei45V58N2l8VGw,pik4ebdFa0UcUhnNkivFcg,"""Carmine's Italian Restaurant - Las Vegas""",The Strip,4
5tGEEKl6rxIVh4J3O65s-g,Cni2l-VKG_pdospJ6xliXQ,"""Burger Bar""",The Strip,4
v4fT6mIxgjho_CLR2wiXvg,Cni2l-VKG_pdospJ6xliXQ,"""Burger Bar""",The Strip,4
B0NEUzIXpAVBqFh2XYxfIQ,pik4ebdFa0UcUhnNkivFcg,"""Carmine's Italian Restaurant - Las Vegas""",The Strip,5
2NOsxyU6MdEfX7qrH5FY8g,Cni2l-VKG_pdospJ6xliXQ,"""Burger Bar""",The Strip,2
Nf_Jw_W_CwOz5WJ7ApSMxg,u-67zd1ImTv3EEr5kIdWrA,"""House of Blues - Music Venue""",The Strip,3
wt8lHkwFUcD26XC0iqlHiQ,Cni2l-VKG_pdospJ6xliXQ,"""Burger Bar""",The Strip,4
Hd3reeP8ma3eUn_9uclYYg,CCRgGKhzxSpl38w7yhqKUw,"""Noodles""",The Strip,2
Jf8Mpv5ekkKqRQAOQWGETQ,pKk7jCFIm96qDdk0laVT2w,"""StripSteak""",The Strip,5
ipZQKv2MQVjl1z4gpUhyZA,7fxebHYUwIF6CakxSr70iQ,"""Carnevino""",The Strip,5
PWtEwP2-9GhDMLf0DsJuPQ,7fxebHYUwIF6CakxSr70iQ,"""Carnevino""",The Strip,5
iOLQ90K7FBgJoZ0wMefh9A,7fxebHYUwIF6CakxSr70iQ,"""Carnevino""",The Strip,5
W0VE9M7Dikrpol8j1_QqyQ,Cni2l-VKG_pdospJ6xliXQ,"""Burger Bar""",The Strip,4
R0jva9fgsaQsF-qqtnAPbg,pKk7jCFIm96qDdk0laVT2w,"""StripSteak""",The Strip,5
w2ELSox6DbTyZMgOyjj0jg,CCRgGKhzxSpl38w7yhqKUw,"""Noodles""",The Strip,5
pySnPnl_TkrtpU1gJ-XbbA,7fxebHYUwIF6CakxSr70iQ,"""Carnevino""",The Strip,5
cMTyN2F2zm3jAflW12Wiig,u-67zd1ImTv3EEr5kIdWrA,"""House of Blues - Music Venue""",The Strip,1
_F0QcusmZ479ogpfrterEg,pik4ebdFa0UcUhnNkivFcg,"""Carmine's Italian Restaurant - Las Vegas""",The Strip,5
KyTWj0r6be_wW7gDuzPh0w,Cni2l-VKG_pdospJ6xliXQ,"""Burger Bar""",The Strip,1
lCM2bnvRESrUGV8XeaM6lQ,7fxebHYUwIF6CakxSr70iQ,"""Carnevino""",The Strip,5
alQkgJyKnN-a2QU9bgQPJw,Cni2l-VKG_pdospJ6xliXQ,"""Burger Bar""",The Strip,4
qTiw3reefLdB_Cx7o2Bs-Q,Cni2l-VKG_pdospJ6xliXQ,"""Burger Bar""",The Strip,5
0e9JoFfqo4Bwo_ieSeScmA,Cni2l-VKG_pdospJ6xliXQ,"""Burger Bar""",The Strip,5
DeVJet4S1bmOGZzcGSB-MQ,pik4ebdFa0UcUhnNkivFcg,"""Carmine's Italian Restaurant - Las Vegas""",The Strip,5
-q_-jBUtsXIH1UfSbCBiag,CCRgGKhzxSpl38w7yhqKUw,"""Noodles""",The Strip,2
alCDv9wOWic6_i_dOus0dw,Cni2l-VKG_pdospJ6xliXQ,"""Burger Bar""",The Strip,4
u-rO_1IR1d4xibcYHA4zTg,7fxebHYUwIF6CakxSr70iQ,"""Carnevino""",The Strip,5
sF84IozPCWGEdvUeuHVw0w,CCRgGKhzxSpl38w7yhqKUw,"""Noodles""",The Strip,5
TuVBOrxNNkmlyqYif_BNlQ,pik4ebdFa0UcUhnNkivFcg,"""Carmine's Italian Restaurant - Las Vegas""",The Strip,5
TuAuPTDZEldXkOt0a-n4Xg,7fxebHYUwIF6CakxSr70iQ,"""Carnevino""",The Strip,5
WF_LgyT3V-ydlGfSXUx0Vg,CCRgGKhzxSpl38w7yhqKUw,"""Noodles""",The Strip,4
qA-3a3UkRczhokG06U32pA,pKk7jCFIm96qDdk0laVT2w,"""StripSteak""",The Strip,4
f5Ny_xk2AWwdwufdX8r1Tg,u-67zd1ImTv3EEr5kIdWrA,"""House of Blues - Music Venue""",The Strip,4
Sr1jt3grjZuDlBcSh1MuKA,Cni2l-VKG_pdospJ6xliXQ,"""Burger Bar""",The Strip,2
f4t6x4J2AdZ4lwYhXVFw0g,Cni2l-VKG_pdospJ6xliXQ,"""Burger Bar""",The Strip,3
3hMozsKMUqE5Tggtrm5fyQ,pKk7jCFIm96qDdk0laVT2w,"""StripSteak""",The Strip,2
ylGiv1iFkm2mrAGkSY2pjA,Cni2l-VKG_pdospJ6xliXQ,"""Burger Bar""",The Strip,5
H0lWKTy47f-FtFaa0ecvfw,7fxebHYUwIF6CakxSr70iQ,"""Carnevino""",The Strip,5
HsLItODUCfGh5u5Oml9_ag,pik4ebdFa0UcUhnNkivFcg,"""Carmine's Italian Restaurant - Las Vegas""",The Strip,5
_pWsCLARNeUTObsBGTmvVA,u-67zd1ImTv3EEr5kIdWrA,"""House of Blues - Music Venue""",The Strip,5
JwRbjwryZsbZtsAYyyHMtQ,pKk7jCFIm96qDdk0laVT2w,"""StripSteak""",The Strip,3
PB6qeWDiJft6alvl0RPZIQ,Cni2l-VKG_pdospJ6xliXQ,"""Burger Bar""",The Strip,4
EkSFXQetBF-4i8R2uKfcfw,pik4ebdFa0UcUhnNkivFcg,"""Carmine's Italian Restaurant - Las Vegas""",The Strip,5
UMZDvA497e1Y12-0ZtFgUw,Cni2l-VKG_pdospJ6xliXQ,"""Burger Bar""",The Strip,5
Yxuy2sB_Jy7AFHWZz-Jv8Q,pik4ebdFa0UcUhnNkivFcg,"""Carmine's Italian Restaurant - Las Vegas""",The Strip,5
-YdrPhKveAFH4BGXQnzmZw,Cni2l-VKG_pdospJ6xliXQ,"""Burger Bar""",The Strip,5
DrMZrfslfETYgKrvFqUJxg,Cni2l-VKG_pdospJ6xliXQ,"""Burger Bar""",The Strip,4
9eHuLBqtMWGOFrl5gMuJVA,pKk7jCFIm96qDdk0laVT2w,"""StripSteak""",The Strip,4
l-fe24FmqxPW1i0Jaii3ZA,Cni2l-VKG_pdospJ6xliXQ,"""Burger Bar""",The Strip,5
3p2rWPDVjThd8rFmUPxZcQ,pKk7jCFIm96qDdk0laVT2w,"""StripSteak""",The Strip,5
YCQvJY812RXJ_L1zYFJ5rA,7fxebHYUwIF6CakxSr70iQ,"""Carnevino""",The Strip,5
KwAKvmk3z5S1aMxv_jbNoQ,Cni2l-VKG_pdospJ6xliXQ,"""Burger Bar""",The Strip,4
AtlQMOcdGwM90Tq5CcYEpA,7fxebHYUwIF6CakxSr70iQ,"""Carnevino""",The Strip,3
ryWcsNSLOB5E9zKadAEk_A,7fxebHYUwIF6CakxSr70iQ,"""Carnevino""",The Strip,2
PKEzKWv_FktMm2mGPjwd0Q,pKk7jCFIm96qDdk0laVT2w,"""StripSteak""",The Strip,5
yJo-OAKGxTTbbU83x3MNaA,pKk7jCFIm96qDdk0laVT2w,"""StripSteak""",The Strip,5
xl_gcUNGJGfDHOj36bHx0g,Cni2l-VKG_pdospJ6xliXQ,"""Burger Bar""",The Strip,4
is0vkaGMqCj7uPCXnik5sg,Cni2l-VKG_pdospJ6xliXQ,"""Burger Bar""",The Strip,4
LooocSXHXm8VlgrRGv0NHQ,Cni2l-VKG_pdospJ6xliXQ,"""Burger Bar""",The Strip,5
7tHJXSicuspXflt3eMOhCg,7fxebHYUwIF6CakxSr70iQ,"""Carnevino""",The Strip,4
ae7zi8F0B6l_JCITh1mXDg,u-67zd1ImTv3EEr5kIdWrA,"""House of Blues - Music Venue""",The Strip,3
HSxpXxFJDRI4EUPY1sJYJg,pKk7jCFIm96qDdk0laVT2w,"""StripSteak""",The Strip,5
tvCILc8B7_noSUKkIsze_Q,pKk7jCFIm96qDdk0laVT2w,"""StripSteak""",The Strip,4
IKi5cCvrzNqF1RqqXQ5E3Q,7fxebHYUwIF6CakxSr70iQ,"""Carnevino""",The Strip,3
EZja6KqFvKM_7CsJq6gNSg,pik4ebdFa0UcUhnNkivFcg,"""Carmine's Italian Restaurant - Las Vegas""",The Strip,5
Hq7HzKdFerKuTAdGmISZSw,pik4ebdFa0UcUhnNkivFcg,"""Carmine's Italian Restaurant - Las Vegas""",The Strip,5
waEd5Cjp-D1kEWkzsmu3tA,pKk7jCFIm96qDdk0laVT2w,"""StripSteak""",The Strip,5
BddM1g-qAvpRX_yUy8ANCw,pKk7jCFIm96qDdk0laVT2w,"""StripSteak""",The Strip,5
gyuWwMG-MmgBY5tpDsCYtQ,pKk7jCFIm96qDdk0laVT2w,"""StripSteak""",The Strip,5
zAaSoPQXHNx0bcSZG27JHA,Cni2l-VKG_pdospJ6xliXQ,"""Burger Bar""",The Strip,4
zpE_l-246q5K9rNvs5jc5Q,Cni2l-VKG_pdospJ6xliXQ,"""Burger Bar""",The Strip,5
5ZYw-Jlplz7coAkSWsn6hQ,CCRgGKhzxSpl38w7yhqKUw,"""Noodles""",The Strip,2
XADOuAa7sCpWq-fPRCZSDw,7fxebHYUwIF6CakxSr70iQ,"""Carnevino""",The Strip,2
XADOuAa7sCpWq-fPRCZSDw,pik4ebdFa0UcUhnNkivFcg,"""Carmine's Italian Restaurant - Las Vegas""",The Strip,5
9qifJFihPDTSJ-aGiT8b0w,u-67zd1ImTv3EEr5kIdWrA,"""House of Blues - Music Venue""",The Strip,3
9qifJFihPDTSJ-aGiT8b0w,Cni2l-VKG_pdospJ6xliXQ,"""Burger Bar""",The Strip,4
hUxYSIES9Zw98TNO4vDPjg,Cni2l-VKG_pdospJ6xliXQ,"""Burger Bar""",The Strip,5
3_XBtO9iNVPHhnOCtCB7hA,pKk7jCFIm96qDdk0laVT2w,"""StripSteak""",The Strip,3
vvrGJ2hPNem5P7z256wrFw,Cni2l-VKG_pdospJ6xliXQ,"""Burger Bar""",The Strip,2
Rejpx97WKxJHT_t48jMA0Q,pKk7jCFIm96qDdk0laVT2w,"""StripSteak""",The Strip,5
ZUQzjdRrvVpBrSzVnCncJg,Cni2l-VKG_pdospJ6xliXQ,"""Burger Bar""",The Strip,5
ny6FEdVtYWuVfsCwnVNWqA,Cni2l-VKG_pdospJ6xliXQ,"""Burger Bar""",The Strip,3
6Ht-9PNjcIU4EnDLLhEHkw,pik4ebdFa0UcUhnNkivFcg,"""Carmine's Italian Restaurant - Las Vegas""",The Strip,5
T6XjbiWn-qgfVa8Nf5-XgQ,Cni2l-VKG_pdospJ6xliXQ,"""Burger Bar""",The Strip,1
kycD78Z75r167eiSG8X6Ww,pKk7jCFIm96qDdk0laVT2w,"""StripSteak""",The Strip,5
clVElgnOPnEc62r31QvC9Q,pKk7jCFIm96qDdk0laVT2w,"""StripSteak""",The Strip,2
clVElgnOPnEc62r31QvC9Q,Cni2l-VKG_pdospJ6xliXQ,"""Burger Bar""",The Strip,4
nujF3eFdIpWpeocomusfWQ,pik4ebdFa0UcUhnNkivFcg,"""Carmine's Italian Restaurant - Las Vegas""",The Strip,5
Quh2a1QVezX2bKRTFEmG1g,u-67zd1ImTv3EEr5kIdWrA,"""House of Blues - Music Venue""",The Strip,1
IC20CJi3IypifFZQkR2RSQ,7fxebHYUwIF6CakxSr70iQ,"""Carnevino""",The Strip,5
YLfWgge-7vim1j9WgBP34g,u-67zd1ImTv3EEr5kIdWrA,"""House of Blues - Music Venue""",The Strip,5
YfYas8wdkrrvbqXcBH9x9w,Cni2l-VKG_pdospJ6xliXQ,"""Burger Bar""",The Strip,5
_jFHwi2qvWfLKib9sH71HQ,pik4ebdFa0UcUhnNkivFcg,"""Carmine's Italian Restaurant - Las Vegas""",The Strip,5
uT_J1dCJ3KQ6L_iZy0_UjA,Cni2l-VKG_pdospJ6xliXQ,"""Burger Bar""",The Strip,3
Q7Z2nf8pqv16MwVUHFRo9Q,7fxebHYUwIF6CakxSr70iQ,"""Carnevino""",The Strip,5
slvOBlJPuycV9Mn2VS17Nw,CCRgGKhzxSpl38w7yhqKUw,"""Noodles""",The Strip,4
11k3A-_Ifz_86LHvkGRgoQ,7fxebHYUwIF6CakxSr70iQ,"""Carnevino""",The Strip,3
p3TJLAAs_ANThOb3HRYKUw,pKk7jCFIm96qDdk0laVT2w,"""StripSteak""",The Strip,3
1NRmaer1REmurzNb4FraCQ,u-67zd1ImTv3EEr5kIdWrA,"""House of Blues - Music Venue""",The Strip,5
68S2tF3jGXlkFFFCG7a_lA,CCRgGKhzxSpl38w7yhqKUw,"""Noodles""",The Strip,3
7-xiDHIrf824DerLfX9nhA,7fxebHYUwIF6CakxSr70iQ,"""Carnevino""",The Strip,1
f5szCSFmRjImalx5PRnovw,pKk7jCFIm96qDdk0laVT2w,"""StripSteak""",The Strip,5
Sl3G8YV-ZFaVjYbW1Ftz2w,Cni2l-VKG_pdospJ6xliXQ,"""Burger Bar""",The Strip,5
Im2l5juff2JF8aJWi-pOEg,u-67zd1ImTv3EEr5kIdWrA,"""House of Blues - Music Venue""",The Strip,3
g-i0zuPKO5hbiw1NisuZvg,pik4ebdFa0UcUhnNkivFcg,"""Carmine's Italian Restaurant - Las Vegas""",The Strip,5
yF0k2pcH_Rhw1HjDQ1gDIg,7fxebHYUwIF6CakxSr70iQ,"""Carnevino""",The Strip,1
EPUgGpMZPPeQ0EcYeQFQBw,u-67zd1ImTv3EEr5kIdWrA,"""House of Blues - Music Venue""",The Strip,1
EPUgGpMZPPeQ0EcYeQFQBw,Cni2l-VKG_pdospJ6xliXQ,"""Burger Bar""",The Strip,2
tH0uKD-vNwMoEc3Xk3Cbdg,pik4ebdFa0UcUhnNkivFcg,"""Carmine's Italian Restaurant - Las Vegas""",The Strip,4
tH0uKD-vNwMoEc3Xk3Cbdg,7fxebHYUwIF6CakxSr70iQ,"""Carnevino""",The Strip,5
1O638BDK_fWuxgTVJwff-A,u-67zd1ImTv3EEr5kIdWrA,"""House of Blues - Music Venue""",The Strip,5
IPm31MjBMkpIrdHDs-Zdtg,pKk7jCFIm96qDdk0laVT2w,"""StripSteak""",The Strip,5
IPm31MjBMkpIrdHDs-Zdtg,Cni2l-VKG_pdospJ6xliXQ,"""Burger Bar""",The Strip,5
kmE8w5Y785eZmodsx0V6Ag,Cni2l-VKG_pdospJ6xliXQ,"""Burger Bar""",The Strip,5
kmE8w5Y785eZmodsx0V6Ag,pKk7jCFIm96qDdk0laVT2w,"""StripSteak""",The Strip,4
h9paMdkJXIe7nFlQwan1Zg,pik4ebdFa0UcUhnNkivFcg,"""Carmine's Italian Restaurant - Las Vegas""",The Strip,2
tCiMbGe6Wx12vtITn7jWRg,CCRgGKhzxSpl38w7yhqKUw,"""Noodles""",The Strip,4
Vmuy7ABHtfmmqP1VkJ1mmQ,7fxebHYUwIF6CakxSr70iQ,"""Carnevino""",The Strip,4
s-aPpqpdgyLFx2r0J9s9MA,pKk7jCFIm96qDdk0laVT2w,"""StripSteak""",The Strip,5
n4UiG4hSKG7yO8AYdKB_Cg,pKk7jCFIm96qDdk0laVT2w,"""StripSteak""",The Strip,4
sL10-sEy0SUedZC3y_9Fhg,pKk7jCFIm96qDdk0laVT2w,"""StripSteak""",The Strip,3
bpJz3F4bI4JA2E-04TUObA,u-67zd1ImTv3EEr5kIdWrA,"""House of Blues - Music Venue""",The Strip,5
hyL8xZ-94jXcaqQt5hS14Q,Cni2l-VKG_pdospJ6xliXQ,"""Burger Bar""",The Strip,4
YHrD0X9TFwk5-tcxnyj_bw,CCRgGKhzxSpl38w7yhqKUw,"""Noodles""",The Strip,4
U4GksJzlywNtXY5tybgUig,pKk7jCFIm96qDdk0laVT2w,"""StripSteak""",The Strip,4
ZH-nYIEvpqKvQkinr_Lmpw,Cni2l-VKG_pdospJ6xliXQ,"""Burger Bar""",The Strip,5
5wT0vDycEzgq95yVCZ60Aw,CCRgGKhzxSpl38w7yhqKUw,"""Noodles""",The Strip,4
zFXPWyHTKqWIuGtDlIbbMA,pKk7jCFIm96qDdk0laVT2w,"""StripSteak""",The Strip,3
YhbdrjdaHMaP3csfiv-cEA,Cni2l-VKG_pdospJ6xliXQ,"""Burger Bar""",The Strip,5
Gl7K_hBwLsTMuff0k2v46g,7fxebHYUwIF6CakxSr70iQ,"""Carnevino""",The Strip,4
G66J4Z0l0kXBKBhbgqm1IA,CCRgGKhzxSpl38w7yhqKUw,"""Noodles""",The Strip,1
PGZx01eLQyzM-k-GJ9_25w,Cni2l-VKG_pdospJ6xliXQ,"""Burger Bar""",The Strip,4
6pQIMyywjL-S2ZxnXagf_Q,7fxebHYUwIF6CakxSr70iQ,"""Carnevino""",The Strip,3
JUIZFP1vz98QtruDmIUrJQ,Cni2l-VKG_pdospJ6xliXQ,"""Burger Bar""",The Strip,5
nW2fBtcvQ5Pl0w0Z2pd3mw,pik4ebdFa0UcUhnNkivFcg,"""Carmine's Italian Restaurant - Las Vegas""",The Strip,5
yaUm52hg3f4A8O3pFXRqIA,Cni2l-VKG_pdospJ6xliXQ,"""Burger Bar""",The Strip,5
h5EfW2fnphgpq1rewmSK3Q,pik4ebdFa0UcUhnNkivFcg,"""Carmine's Italian Restaurant - Las Vegas""",The Strip,3
nOk5ERmYcHlJ9jff994VBQ,Cni2l-VKG_pdospJ6xliXQ,"""Burger Bar""",The Strip,3
ULs7M5Soyl0Js0rYAdY2kQ,Cni2l-VKG_pdospJ6xliXQ,"""Burger Bar""",The Strip,4
LaZqcEodeWARMV7fx5JvWQ,CCRgGKhzxSpl38w7yhqKUw,"""Noodles""",The Strip,2
I2VjNH3WIEau_GlMCBSBDg,pKk7jCFIm96qDdk0laVT2w,"""StripSteak""",The Strip,5
_RpuuMh6IB3rXH_vb24JtQ,7fxebHYUwIF6CakxSr70iQ,"""Carnevino""",The Strip,5
5heE7UD2szpj8pALNX_QxQ,u-67zd1ImTv3EEr5kIdWrA,"""House of Blues - Music Venue""",The Strip,4
yLZOrUg5UJhQlffSoL-j0Q,Cni2l-VKG_pdospJ6xliXQ,"""Burger Bar""",The Strip,4
I7IunXx3thc7DhkeUcNMig,CCRgGKhzxSpl38w7yhqKUw,"""Noodles""",The Strip,5
ZlPIH7AlzBc2rDlK7Cas9A,u-67zd1ImTv3EEr5kIdWrA,"""House of Blues - Music Venue""",The Strip,4
3kEaM84V3LFkbsOw3paX4w,pKk7jCFIm96qDdk0laVT2w,"""StripSteak""",The Strip,5
yocTGF_itsQa1OEvxQbyCQ,CCRgGKhzxSpl38w7yhqKUw,"""Noodles""",The Strip,2
yocTGF_itsQa1OEvxQbyCQ,Cni2l-VKG_pdospJ6xliXQ,"""Burger Bar""",The Strip,5
4-mTO8_RlbLQRLG9pUrBcw,u-67zd1ImTv3EEr5kIdWrA,"""House of Blues - Music Venue""",The Strip,4
TfXUQ5mNjdFSjatvq14mQg,u-67zd1ImTv3EEr5kIdWrA,"""House of Blues - Music Venue""",The Strip,3
ljoxMAx0cYSS9WJo5oZdHQ,u-67zd1ImTv3EEr5kIdWrA,"""House of Blues - Music Venue""",The Strip,4
LnkbY0dVe0Qxa577045uAw,pik4ebdFa0UcUhnNkivFcg,"""Carmine's Italian Restaurant - Las Vegas""",The Strip,5
DBiBxAzVCZem0fjxZwOznQ,Cni2l-VKG_pdospJ6xliXQ,"""Burger Bar""",The Strip,5
C7YQVhfLof44iAktffWO-A,7fxebHYUwIF6CakxSr70iQ,"""Carnevino""",The Strip,4
PvQifCgvYLUeGPn9DNpHlw,CCRgGKhzxSpl38w7yhqKUw,"""Noodles""",The Strip,2
PEr4Xpvehnvze1Pl1rXHvQ,7fxebHYUwIF6CakxSr70iQ,"""Carnevino""",The Strip,1
WJYs12ng86_q70n4CkdkTA,u-67zd1ImTv3EEr5kIdWrA,"""House of Blues - Music Venue""",The Strip,2
WFcDOsTSZwOHE77H_bL1fA,7fxebHYUwIF6CakxSr70iQ,"""Carnevino""",The Strip,3
EMn0Zzaijk2L-fyK2EtG8Q,Cni2l-VKG_pdospJ6xliXQ,"""Burger Bar""",The Strip,5
BvZ_u2z-qILTXPtVNblklQ,u-67zd1ImTv3EEr5kIdWrA,"""House of Blues - Music Venue""",The Strip,1
tLfsjuxFk0BtklOu2dsSzw,Cni2l-VKG_pdospJ6xliXQ,"""Burger Bar""",The Strip,3
UfW9e0rmKp1YR1143ifFrQ,CCRgGKhzxSpl38w7yhqKUw,"""Noodles""",The Strip,3
UfW9e0rmKp1YR1143ifFrQ,Cni2l-VKG_pdospJ6xliXQ,"""Burger Bar""",The Strip,5
lxs-i47nJYnOnlIzODG3rQ,7fxebHYUwIF6CakxSr70iQ,"""Carnevino""",The Strip,3
HUX1p0y71x_j-5VWz4tB0w,Cni2l-VKG_pdospJ6xliXQ,"""Burger Bar""",The Strip,4
xx9oagDQZWPVOkU7037P7Q,Cni2l-VKG_pdospJ6xliXQ,"""Burger Bar""",The Strip,4
M5ZvnyFGfkZ12Y8YYbi7QQ,pik4ebdFa0UcUhnNkivFcg,"""Carmine's Italian Restaurant - Las Vegas""",The Strip,1
z6bzxsxsvTqYLaJnKWfTSw,7fxebHYUwIF6CakxSr70iQ,"""Carnevino""",The Strip,1
RGVeJ7WsbKToia_CvRipjQ,pik4ebdFa0UcUhnNkivFcg,"""Carmine's Italian Restaurant - Las Vegas""",The Strip,5
YMWQGu18gkTdhLmY5JB_iA,CCRgGKhzxSpl38w7yhqKUw,"""Noodles""",The Strip,1
4SyBNegg-YH5iNTE-PpgAA,Cni2l-VKG_pdospJ6xliXQ,"""Burger Bar""",The Strip,4
uCuB4r3H8aN4NlrunhCjgg,u-67zd1ImTv3EEr5kIdWrA,"""House of Blues - Music Venue""",The Strip,4
Y_kCZ1A0Xo-QrVZgBq_75A,pKk7jCFIm96qDdk0laVT2w,"""StripSteak""",The Strip,4
w4aFnsLlNECfcN8u8J-dAw,pKk7jCFIm96qDdk0laVT2w,"""StripSteak""",The Strip,5
-DtQEeWzE8j_Mc22qL2YBg,7fxebHYUwIF6CakxSr70iQ,"""Carnevino""",The Strip,5
3nnGpx5WOMiZK1mPDEFLcQ,CCRgGKhzxSpl38w7yhqKUw,"""Noodles""",The Strip,4
DGszSnRNWoAOtD8WGf9wpg,CCRgGKhzxSpl38w7yhqKUw,"""Noodles""",The Strip,4
JrtFH_FPrWg5zKCddxyHyA,pKk7jCFIm96qDdk0laVT2w,"""StripSteak""",The Strip,5
KSEz24G-vreWsB5t5ZFOdg,CCRgGKhzxSpl38w7yhqKUw,"""Noodles""",The Strip,3
ljiRGBuY64biQr3JKIoszA,7fxebHYUwIF6CakxSr70iQ,"""Carnevino""",The Strip,2
XBxmubKfzh3pkDHry6kskw,u-67zd1ImTv3EEr5kIdWrA,"""House of Blues - Music Venue""",The Strip,2
XBxmubKfzh3pkDHry6kskw,Cni2l-VKG_pdospJ6xliXQ,"""Burger Bar""",The Strip,3
86jm6FduRGHGSlH2qlL9DA,7fxebHYUwIF6CakxSr70iQ,"""Carnevino""",The Strip,5
86jm6FduRGHGSlH2qlL9DA,pKk7jCFIm96qDdk0laVT2w,"""StripSteak""",The Strip,3
owzPNL0Uw7LnhL3sYTYm_g,Cni2l-VKG_pdospJ6xliXQ,"""Burger Bar""",The Strip,4
zhvG1rh3xMrcvQa3guMPEQ,Cni2l-VKG_pdospJ6xliXQ,"""Burger Bar""",The Strip,3
zgV0ZroIF956gw4cul8MHA,Cni2l-VKG_pdospJ6xliXQ,"""Burger Bar""",The Strip,5
nE7Epekn7pdzEoZNlKW0qw,u-67zd1ImTv3EEr5kIdWrA,"""House of Blues - Music Venue""",The Strip,1
_lh3Gp89qB1RdE56e2Te6g,pik4ebdFa0UcUhnNkivFcg,"""Carmine's Italian Restaurant - Las Vegas""",The Strip,5
GUaSi-yG5P8Ij0yPGrlcjw,Cni2l-VKG_pdospJ6xliXQ,"""Burger Bar""",The Strip,4
ZSS6lU3vq54aPLwILZXdHQ,Cni2l-VKG_pdospJ6xliXQ,"""Burger Bar""",The Strip,5
Ek6pJPC3mSg5Tnt7ZHHaTA,pKk7jCFIm96qDdk0laVT2w,"""StripSteak""",The Strip,5
zF10BKjK4Lz9U_8Yqw28ww,Cni2l-VKG_pdospJ6xliXQ,"""Burger Bar""",The Strip,3
0D5WAgaOM1M00t3KIEf_Fw,7fxebHYUwIF6CakxSr70iQ,"""Carnevino""",The Strip,4
0D5WAgaOM1M00t3KIEf_Fw,Cni2l-VKG_pdospJ6xliXQ,"""Burger Bar""",The Strip,3
ZZ9EPoczBEsNx0XVUBnm4w,u-67zd1ImTv3EEr5kIdWrA,"""House of Blues - Music Venue""",The Strip,3
ZZ9EPoczBEsNx0XVUBnm4w,Cni2l-VKG_pdospJ6xliXQ,"""Burger Bar""",The Strip,4
lxOcZ1VZ58nSCFgcunecjw,7fxebHYUwIF6CakxSr70iQ,"""Carnevino""",The Strip,1
FvjhVWS4L4rPAumWpmMwZA,pik4ebdFa0UcUhnNkivFcg,"""Carmine's Italian Restaurant - Las Vegas""",The Strip,2
OK26S_THl-ieD_39rybthw,pKk7jCFIm96qDdk0laVT2w,"""StripSteak""",The Strip,4
MnrsDTTKNGPrh5zXGq3tUw,pik4ebdFa0UcUhnNkivFcg,"""Carmine's Italian Restaurant - Las Vegas""",The Strip,2
YArsqO6up1qlqcu8DFp5tA,CCRgGKhzxSpl38w7yhqKUw,"""Noodles""",The Strip,4
fk0U1yLy8woJ87LpIkgU4g,pKk7jCFIm96qDdk0laVT2w,"""StripSteak""",The Strip,4
fk0U1yLy8woJ87LpIkgU4g,Cni2l-VKG_pdospJ6xliXQ,"""Burger Bar""",The Strip,3
D7d-fn8kdABiDQney8GPqg,7fxebHYUwIF6CakxSr70iQ,"""Carnevino""",The Strip,1
Dfukqmw4z1VvhCg9ts_o4Q,7fxebHYUwIF6CakxSr70iQ,"""Carnevino""",The Strip,2
osQ4bMibJLmMPAtovvEkJw,pik4ebdFa0UcUhnNkivFcg,"""Carmine's Italian Restaurant - Las Vegas""",The Strip,4
Gos1Zx_bJjL9w3bgapLi9Q,u-67zd1ImTv3EEr5kIdWrA,"""House of Blues - Music Venue""",The Strip,4
_ctTb8LdDm6ywVxK8M4gjA,7fxebHYUwIF6CakxSr70iQ,"""Carnevino""",The Strip,1
Q7Z2nf8pqv16MwVUHFRo9Q,Cni2l-VKG_pdospJ6xliXQ,"""Burger Bar""",The Strip,5
Wc4v1JUZDir9zH0UaKKSTg,pKk7jCFIm96qDdk0laVT2w,"""StripSteak""",The Strip,5
Cg189N5utFD_4VxXImPZjg,CCRgGKhzxSpl38w7yhqKUw,"""Noodles""",The Strip,4
nHJnW8AURH2BnpEqY6xAmg,pKk7jCFIm96qDdk0laVT2w,"""StripSteak""",The Strip,1
8AnFGp4fzJV8Bhtx1KQ3bA,Cni2l-VKG_pdospJ6xliXQ,"""Burger Bar""",The Strip,4
75ZIgkBYYTvHdeUHcg3tMg,Cni2l-VKG_pdospJ6xliXQ,"""Burger Bar""",The Strip,2
-lh59ko3dxChBSZ9U7LfUw,7fxebHYUwIF6CakxSr70iQ,"""Carnevino""",The Strip,4
btI_fVjKHvR8xB7KSzYKtg,pik4ebdFa0UcUhnNkivFcg,"""Carmine's Italian Restaurant - Las Vegas""",The Strip,1
y3FcL4bLy0eLlkb0SDPnBQ,Cni2l-VKG_pdospJ6xliXQ,"""Burger Bar""",The Strip,3
xicUX7Z7LNVzaUQluEW26w,CCRgGKhzxSpl38w7yhqKUw,"""Noodles""",The Strip,5
HM9O9jxmmLiHbLTBgDWlqQ,CCRgGKhzxSpl38w7yhqKUw,"""Noodles""",The Strip,2
iRXOvcM_cvyuTEfWQLkAoQ,Cni2l-VKG_pdospJ6xliXQ,"""Burger Bar""",The Strip,3
NU-tT5Sb2UL2KZ-Ox3SM8A,7fxebHYUwIF6CakxSr70iQ,"""Carnevino""",The Strip,4
dGDXTeLkKSY2ShRbdvRrZw,pKk7jCFIm96qDdk0laVT2w,"""StripSteak""",The Strip,2
HZVcSn_GL7bb7ldMzcMKuA,u-67zd1ImTv3EEr5kIdWrA,"""House of Blues - Music Venue""",The Strip,3
rrceeL0owOW0pw4ZqiYpqg,Cni2l-VKG_pdospJ6xliXQ,"""Burger Bar""",The Strip,5
A2DtiZ1GUegj4-oLdu577w,7fxebHYUwIF6CakxSr70iQ,"""Carnevino""",The Strip,1
yOHizSS7Ee_PP95P77iAFQ,pik4ebdFa0UcUhnNkivFcg,"""Carmine's Italian Restaurant - Las Vegas""",The Strip,4
vWCw5Wh4jXaIJudgjU8Phg,pKk7jCFIm96qDdk0laVT2w,"""StripSteak""",The Strip,5
nvy_iLAKfNoMHPBEj8QhFw,Cni2l-VKG_pdospJ6xliXQ,"""Burger Bar""",The Strip,3
GdnJtqYWVSBAjya-WdN5RQ,pik4ebdFa0UcUhnNkivFcg,"""Carmine's Italian Restaurant - Las Vegas""",The Strip,1
gbCiwU_eZAHUfBNRRINWAg,CCRgGKhzxSpl38w7yhqKUw,"""Noodles""",The Strip,2
Wg2-1uulLKhnZmoUe19Rfw,Cni2l-VKG_pdospJ6xliXQ,"""Burger Bar""",The Strip,4
sJ8EYBRx3qzZWnhcLcwgJA,u-67zd1ImTv3EEr5kIdWrA,"""House of Blues - Music Venue""",The Strip,4
ALw8EN21lby0vWtfD6JfIw,7fxebHYUwIF6CakxSr70iQ,"""Carnevino""",The Strip,2
99TqUgqrW5_O8Be3rSK7TQ,u-67zd1ImTv3EEr5kIdWrA,"""House of Blues - Music Venue""",The Strip,3
DQP76A3a5bLRISK1r42z9A,7fxebHYUwIF6CakxSr70iQ,"""Carnevino""",The Strip,5
CnfgCTfRwC2SLMDg_lmdNw,Cni2l-VKG_pdospJ6xliXQ,"""Burger Bar""",The Strip,4
ALw8EN21lby0vWtfD6JfIw,pik4ebdFa0UcUhnNkivFcg,"""Carmine's Italian Restaurant - Las Vegas""",The Strip,3
BSaH5VSlXjkf2N6FgosF1A,Cni2l-VKG_pdospJ6xliXQ,"""Burger Bar""",The Strip,3
JKWng003M_T8Fj7Bp4BRNw,u-67zd1ImTv3EEr5kIdWrA,"""House of Blues - Music Venue""",The Strip,1
JKWng003M_T8Fj7Bp4BRNw,Cni2l-VKG_pdospJ6xliXQ,"""Burger Bar""",The Strip,4
wg5o2vPKjroDOzjQgLYXTw,7fxebHYUwIF6CakxSr70iQ,"""Carnevino""",The Strip,2
YvdgeJRE9KSFJd9OQGkwdg,Cni2l-VKG_pdospJ6xliXQ,"""Burger Bar""",The Strip,4
mIOgN9al5T0Lgf_90itQlQ,7fxebHYUwIF6CakxSr70iQ,"""Carnevino""",The Strip,5
JY6xNp-zL1pcFoRtXH_DmQ,Cni2l-VKG_pdospJ6xliXQ,"""Burger Bar""",The Strip,3
pvBziDDJudBNUEf2GuQhPw,Cni2l-VKG_pdospJ6xliXQ,"""Burger Bar""",The Strip,3
0gEDwhSUIWIBz23MbLYMig,u-67zd1ImTv3EEr5kIdWrA,"""House of Blues - Music Venue""",The Strip,3
0gEDwhSUIWIBz23MbLYMig,Cni2l-VKG_pdospJ6xliXQ,"""Burger Bar""",The Strip,4
oww_Kv3Vjx_UUHaF6diIjg,pik4ebdFa0UcUhnNkivFcg,"""Carmine's Italian Restaurant - Las Vegas""",The Strip,4
ucXjnxiEKLUOEktHFMmTrA,pKk7jCFIm96qDdk0laVT2w,"""StripSteak""",The Strip,5
1L1AoT1A9PPhHW-2fYnBCw,Cni2l-VKG_pdospJ6xliXQ,"""Burger Bar""",The Strip,4
DtNnhBn8lhIDkeaDGPHX9g,CCRgGKhzxSpl38w7yhqKUw,"""Noodles""",The Strip,4
8NikbrqsjMYneUCR2dolZg,7fxebHYUwIF6CakxSr70iQ,"""Carnevino""",The Strip,5
mfeow5FtgqWbuUqyj9cGVw,CCRgGKhzxSpl38w7yhqKUw,"""Noodles""",The Strip,2
jGLFM4ot-s2wIMNrDHXsGw,pKk7jCFIm96qDdk0laVT2w,"""StripSteak""",The Strip,5
aAKr44ndUCFp41aiizFO-w,pik4ebdFa0UcUhnNkivFcg,"""Carmine's Italian Restaurant - Las Vegas""",The Strip,1
-_DNG_lnypujZN9TAXNdWg,CCRgGKhzxSpl38w7yhqKUw,"""Noodles""",The Strip,4
kVUyQbhwqnrGI_bvwLdAZg,7fxebHYUwIF6CakxSr70iQ,"""Carnevino""",The Strip,3
RuqMLvQEYbPL06152nuLJw,Cni2l-VKG_pdospJ6xliXQ,"""Burger Bar""",The Strip,4
GFUA6QtkOAleazw0TBoGUw,u-67zd1ImTv3EEr5kIdWrA,"""House of Blues - Music Venue""",The Strip,4
doqjzWCz8eXnDh4gDh3o8A,Cni2l-VKG_pdospJ6xliXQ,"""Burger Bar""",The Strip,4
roFvIpsEx_IU-xFKEGminA,Cni2l-VKG_pdospJ6xliXQ,"""Burger Bar""",The Strip,3
lXKjU1d7uy4aG0c5dNTATw,CCRgGKhzxSpl38w7yhqKUw,"""Noodles""",The Strip,3
lXKjU1d7uy4aG0c5dNTATw,7fxebHYUwIF6CakxSr70iQ,"""Carnevino""",The Strip,4
6ijuFWpTjtzugrAQZs5B8g,Cni2l-VKG_pdospJ6xliXQ,"""Burger Bar""",The Strip,5
sDUe4dhrk985RfNzQUlAUw,pKk7jCFIm96qDdk0laVT2w,"""StripSteak""",The Strip,4
Ld5YD7_imwPKxhQ_dBuUHQ,pik4ebdFa0UcUhnNkivFcg,"""Carmine's Italian Restaurant - Las Vegas""",The Strip,5
vY0RAuXN3FQYTag1mz65CQ,7fxebHYUwIF6CakxSr70iQ,"""Carnevino""",The Strip,3
N55mg6GBgJppUwRChlJz1Q,Cni2l-VKG_pdospJ6xliXQ,"""Burger Bar""",The Strip,5
bDP-6W4J-LvPRY2UXoej6w,pKk7jCFIm96qDdk0laVT2w,"""StripSteak""",The Strip,2
BuyhJjFRLIXhp6WrTJfTUQ,Cni2l-VKG_pdospJ6xliXQ,"""Burger Bar""",The Strip,5
kwIhn1_cnQeUaLN0CuWWHw,CCRgGKhzxSpl38w7yhqKUw,"""Noodles""",The Strip,1
7C_R23gphcP-331R8QjNLQ,u-67zd1ImTv3EEr5kIdWrA,"""House of Blues - Music Venue""",The Strip,1
1WfaAbWC06QDnb59vqnEZw,7fxebHYUwIF6CakxSr70iQ,"""Carnevino""",The Strip,5
TjH9gxY2jYIVrY-zlplIcA,pKk7jCFIm96qDdk0laVT2w,"""StripSteak""",The Strip,5
3uASQbtIXAMkyj0d_V4veA,u-67zd1ImTv3EEr5kIdWrA,"""House of Blues - Music Venue""",The Strip,5
_gw6iXnPugGZ2NTu1Q3xKg,pKk7jCFIm96qDdk0laVT2w,"""StripSteak""",The Strip,5
RYs0JVlUYt6RaSnFWLgjeg,CCRgGKhzxSpl38w7yhqKUw,"""Noodles""",The Strip,3
CDZWiihsmtiP-cgBRSSljA,u-67zd1ImTv3EEr5kIdWrA,"""House of Blues - Music Venue""",The Strip,4
33nCgmsKHEKxFgFKlDwIyA,7fxebHYUwIF6CakxSr70iQ,"""Carnevino""",The Strip,5
TeEt3ck4ZZlzwKglH21Nzw,pKk7jCFIm96qDdk0laVT2w,"""StripSteak""",The Strip,5
6EeXSETVS3oVrKvImgE3yA,Cni2l-VKG_pdospJ6xliXQ,"""Burger Bar""",The Strip,2
1j7p90dlDm_2mhLRU4TQ8w,pik4ebdFa0UcUhnNkivFcg,"""Carmine's Italian Restaurant - Las Vegas""",The Strip,4
EZwI4cEb81RgrlECCYZnxA,pKk7jCFIm96qDdk0laVT2w,"""StripSteak""",The Strip,2
wfi0T-xq_P5sKQvwQitlYg,Cni2l-VKG_pdospJ6xliXQ,"""Burger Bar""",The Strip,4
VSixN79ahhvxByEayg8pkg,pik4ebdFa0UcUhnNkivFcg,"""Carmine's Italian Restaurant - Las Vegas""",The Strip,5
th7tfMsh74S6sa_BWOt8YA,pik4ebdFa0UcUhnNkivFcg,"""Carmine's Italian Restaurant - Las Vegas""",The Strip,5
BTVbP6O2brCux4PYWQMoVg,Cni2l-VKG_pdospJ6xliXQ,"""Burger Bar""",The Strip,5
Gt8gnGMGgTg1wDSVzksjwg,Cni2l-VKG_pdospJ6xliXQ,"""Burger Bar""",The Strip,4
bLExVDNKxXMjjZcx3YG36Q,Cni2l-VKG_pdospJ6xliXQ,"""Burger Bar""",The Strip,4
hQzMKnzJzhK27UYPYif9Yg,Cni2l-VKG_pdospJ6xliXQ,"""Burger Bar""",The Strip,4
61VCrL9QvzgK4Z-Leo0C1A,Cni2l-VKG_pdospJ6xliXQ,"""Burger Bar""",The Strip,4
PkNs-Rw6MHQfu6j5pBZMMw,Cni2l-VKG_pdospJ6xliXQ,"""Burger Bar""",The Strip,5
j-8p6eA4gGRACcVS0e7t_A,u-67zd1ImTv3EEr5kIdWrA,"""House of Blues - Music Venue""",The Strip,1
oeAhRa8yFa9jtrhaHnOyxQ,7fxebHYUwIF6CakxSr70iQ,"""Carnevino""",The Strip,5
V9-Q_XH-2jBEC4sQ7DKyYQ,7fxebHYUwIF6CakxSr70iQ,"""Carnevino""",The Strip,5
IDCKsZWHSZuMUqHtH99RwA,u-67zd1ImTv3EEr5kIdWrA,"""House of Blues - Music Venue""",The Strip,3
li8HCfNQKcdqwXvcBlrVVQ,pKk7jCFIm96qDdk0laVT2w,"""StripSteak""",The Strip,5
_YKxAg-iD3dpg6Aq3RI9Eg,7fxebHYUwIF6CakxSr70iQ,"""Carnevino""",The Strip,5
3Fzhs8J7oWsS2Utu5XQlRA,Cni2l-VKG_pdospJ6xliXQ,"""Burger Bar""",The Strip,2
8hrsTiNEIGgCPZWD6FsWLQ,pik4ebdFa0UcUhnNkivFcg,"""Carmine's Italian Restaurant - Las Vegas""",The Strip,5
A-VkzX9vEIG4YtKdV8bdXA,CCRgGKhzxSpl38w7yhqKUw,"""Noodles""",The Strip,5
xclE2za5Dp6E5V0IjXpK1Q,u-67zd1ImTv3EEr5kIdWrA,"""House of Blues - Music Venue""",The Strip,4
VoRgZ9zSF3SEoJQex5gh_Q,pKk7jCFIm96qDdk0laVT2w,"""StripSteak""",The Strip,5
qDi5XvihmkuTWLhaw3f3Fw,pKk7jCFIm96qDdk0laVT2w,"""StripSteak""",The Strip,4
IwNNU-b__YFVTxkTKQUZUA,pKk7jCFIm96qDdk0laVT2w,"""StripSteak""",The Strip,5
0_NbnQy2AwOUDtDUr4uDTg,Cni2l-VKG_pdospJ6xliXQ,"""Burger Bar""",The Strip,4
lazq478lkVbd5d29gKWAeg,Cni2l-VKG_pdospJ6xliXQ,"""Burger Bar""",The Strip,4
Cjj7CVMwWzQvu0wI2wIltQ,7fxebHYUwIF6CakxSr70iQ,"""Carnevino""",The Strip,3
7mG79qLYU_CJ_HLr8B4hbQ,7fxebHYUwIF6CakxSr70iQ,"""Carnevino""",The Strip,5
Omv7PgXWhBQXju-RjJkpTA,pKk7jCFIm96qDdk0laVT2w,"""StripSteak""",The Strip,5
YySgItMZ8hHNJFVID1lz3g,u-67zd1ImTv3EEr5kIdWrA,"""House of Blues - Music Venue""",The Strip,5
aJ-eXDPePJ6ZsY-7kMBfVQ,pKk7jCFIm96qDdk0laVT2w,"""StripSteak""",The Strip,5
A05f4meHA__Wb9gPfxa0nw,7fxebHYUwIF6CakxSr70iQ,"""Carnevino""",The Strip,5
tThb92W66pXO1wOdrDB0XA,pKk7jCFIm96qDdk0laVT2w,"""StripSteak""",The Strip,5
Qvlg6uU7s6KfEiXbwN3Prw,7fxebHYUwIF6CakxSr70iQ,"""Carnevino""",The Strip,5
FhZYxfmKvB7x__rxCoRz_A,u-67zd1ImTv3EEr5kIdWrA,"""House of Blues - Music Venue""",The Strip,4
A2h-A8htZOfhJlGQNSx8LQ,pKk7jCFIm96qDdk0laVT2w,"""StripSteak""",The Strip,4
A2h-A8htZOfhJlGQNSx8LQ,Cni2l-VKG_pdospJ6xliXQ,"""Burger Bar""",The Strip,4
SV2DCtUho1XkzDPV9yiOsg,pik4ebdFa0UcUhnNkivFcg,"""Carmine's Italian Restaurant - Las Vegas""",The Strip,5
YOyI2UBuFREJn78uGdQHvA,Cni2l-VKG_pdospJ6xliXQ,"""Burger Bar""",The Strip,5
lyW-1j09kQbyu5zaG_K84A,pik4ebdFa0UcUhnNkivFcg,"""Carmine's Italian Restaurant - Las Vegas""",The Strip,2
D2epirooWNjvwTI6MFhNGw,Cni2l-VKG_pdospJ6xliXQ,"""Burger Bar""",The Strip,4
qZ3sJPn5NqSVFMLYGAJH_A,u-67zd1ImTv3EEr5kIdWrA,"""House of Blues - Music Venue""",The Strip,1
qZ3sJPn5NqSVFMLYGAJH_A,Cni2l-VKG_pdospJ6xliXQ,"""Burger Bar""",The Strip,2
tREAoWicOcArJVoKdLw6Mg,7fxebHYUwIF6CakxSr70iQ,"""Carnevino""",The Strip,3
6qTJVWJ9RmVuoHi1CNcb_g,7fxebHYUwIF6CakxSr70iQ,"""Carnevino""",The Strip,2
6Utzf1alskQnhl9WSJIhCg,u-67zd1ImTv3EEr5kIdWrA,"""House of Blues - Music Venue""",The Strip,3
VnEMPCsHrUh6BNKV8XFj-w,7fxebHYUwIF6CakxSr70iQ,"""Carnevino""",The Strip,5
QrtyXE5QxBq0sskJELwswg,Cni2l-VKG_pdospJ6xliXQ,"""Burger Bar""",The Strip,2
DEFRpHIWxa-viwkSJpnR1w,Cni2l-VKG_pdospJ6xliXQ,"""Burger Bar""",The Strip,4
iXqLsyTlg6KeJHum_pV01Q,7fxebHYUwIF6CakxSr70iQ,"""Carnevino""",The Strip,4
iXqLsyTlg6KeJHum_pV01Q,pik4ebdFa0UcUhnNkivFcg,"""Carmine's Italian Restaurant - Las Vegas""",The Strip,4
f4WR_G-tOc52RoN295Bu1w,7fxebHYUwIF6CakxSr70iQ,"""Carnevino""",The Strip,5
Tf9eq2qBukCUDHNgsIR5NA,Cni2l-VKG_pdospJ6xliXQ,"""Burger Bar""",The Strip,4
XOk9pVKYc0jIjTgjeCs4eA,u-67zd1ImTv3EEr5kIdWrA,"""House of Blues - Music Venue""",The Strip,3
YdIsQ_6pwazIuTM1BTclJQ,Cni2l-VKG_pdospJ6xliXQ,"""Burger Bar""",The Strip,4
Y3FBvm9PwoLtq80lzJ4Rqg,Cni2l-VKG_pdospJ6xliXQ,"""Burger Bar""",The Strip,4
5Oqx5G9zJCXkFZtPzOd0Xg,Cni2l-VKG_pdospJ6xliXQ,"""Burger Bar""",The Strip,5
33bRzPK0_HkLvJCPgsEXVA,pik4ebdFa0UcUhnNkivFcg,"""Carmine's Italian Restaurant - Las Vegas""",The Strip,5
0U_fapftheKEtnKQlhMoeA,7fxebHYUwIF6CakxSr70iQ,"""Carnevino""",The Strip,2
43duCJZBxbTM8u_3_29Y-A,Cni2l-VKG_pdospJ6xliXQ,"""Burger Bar""",The Strip,5
9R7b2f4tSiX-fS6Od1E4zQ,Cni2l-VKG_pdospJ6xliXQ,"""Burger Bar""",The Strip,4
UmRkXlPZj--4SWmP7aMl0Q,pKk7jCFIm96qDdk0laVT2w,"""StripSteak""",The Strip,1
iPZ_yuwfwlfffoCGbvacoQ,CCRgGKhzxSpl38w7yhqKUw,"""Noodles""",The Strip,4
vqxe8c71UP9j8kPN5sos9g,Cni2l-VKG_pdospJ6xliXQ,"""Burger Bar""",The Strip,3
EcRQmIFdW7ynvLthjnLINg,u-67zd1ImTv3EEr5kIdWrA,"""House of Blues - Music Venue""",The Strip,2
pCpWHjAiEf6ptK_W6Qb2jw,Cni2l-VKG_pdospJ6xliXQ,"""Burger Bar""",The Strip,4
Lz4Y-2L0PFjKPAtLemoqGw,7fxebHYUwIF6CakxSr70iQ,"""Carnevino""",The Strip,5
zhk3hil9ijBd3ldkpHhWLw,pik4ebdFa0UcUhnNkivFcg,"""Carmine's Italian Restaurant - Las Vegas""",The Strip,5
vekGsN7QGHo7gelmVSbOig,Cni2l-VKG_pdospJ6xliXQ,"""Burger Bar""",The Strip,4
qWOqPXPcaz_vz_ki2n1I8A,pKk7jCFIm96qDdk0laVT2w,"""StripSteak""",The Strip,3
1CGPeWX-BZYnpD4jAC1adA,pKk7jCFIm96qDdk0laVT2w,"""StripSteak""",The Strip,3
VRvD7-JHdWdTQnh1lRCw_A,Cni2l-VKG_pdospJ6xliXQ,"""Burger Bar""",The Strip,3
W7sIsJH3LJSMePh-8dP-0w,u-67zd1ImTv3EEr5kIdWrA,"""House of Blues - Music Venue""",The Strip,1
qFxytBrCr8jDpvKidZ2Vrw,pik4ebdFa0UcUhnNkivFcg,"""Carmine's Italian Restaurant - Las Vegas""",The Strip,5
roA8DWvz2pWl9rnrsZaMqA,CCRgGKhzxSpl38w7yhqKUw,"""Noodles""",The Strip,1
TU5j2S_Ub__ojLOpD_UepQ,Cni2l-VKG_pdospJ6xliXQ,"""Burger Bar""",The Strip,4
b-VRhK5oQgZKw3ui45mj_Q,Cni2l-VKG_pdospJ6xliXQ,"""Burger Bar""",The Strip,5
z6Nv1w5-_ohNKRgxBd1srA,pKk7jCFIm96qDdk0laVT2w,"""StripSteak""",The Strip,5
z6Nv1w5-_ohNKRgxBd1srA,Cni2l-VKG_pdospJ6xliXQ,"""Burger Bar""",The Strip,5
DKiS1DKaPLkBeUbFujpw2A,Cni2l-VKG_pdospJ6xliXQ,"""Burger Bar""",The Strip,5
DASkWfrV6kWHE_4xC7BkYQ,pik4ebdFa0UcUhnNkivFcg,"""Carmine's Italian Restaurant - Las Vegas""",The Strip,1
24p2MnMviI13Zwt7_ul_yw,Cni2l-VKG_pdospJ6xliXQ,"""Burger Bar""",The Strip,4
GzVw835mGhDdM6ziQNF5EA,u-67zd1ImTv3EEr5kIdWrA,"""House of Blues - Music Venue""",The Strip,3
Y4FhzZwFSOo1v6ugdTA1bQ,Cni2l-VKG_pdospJ6xliXQ,"""Burger Bar""",The Strip,2
3cXk-LlpSuceMauvvfCggA,Cni2l-VKG_pdospJ6xliXQ,"""Burger Bar""",The Strip,4
vUavCxHK5iNmsVgK-bnWYA,CCRgGKhzxSpl38w7yhqKUw,"""Noodles""",The Strip,2
wHPZ-sDF87h5sjxNK8p-CA,pKk7jCFIm96qDdk0laVT2w,"""StripSteak""",The Strip,4
C_WhdMuiwDGsWjXsyYJm6A,pKk7jCFIm96qDdk0laVT2w,"""StripSteak""",The Strip,5
hLICrXNUzRJwJcClTJzGRg,Cni2l-VKG_pdospJ6xliXQ,"""Burger Bar""",The Strip,1
Zn8tgekH0oCfyk4SUtygoA,CCRgGKhzxSpl38w7yhqKUw,"""Noodles""",The Strip,2
Hb2RzG3b9YEBlrwBWzGtCA,u-67zd1ImTv3EEr5kIdWrA,"""House of Blues - Music Venue""",The Strip,4
9r-Z59v4Hj5InNu01kSdtQ,u-67zd1ImTv3EEr5kIdWrA,"""House of Blues - Music Venue""",The Strip,3
kwIhn1_cnQeUaLN0CuWWHw,u-67zd1ImTv3EEr5kIdWrA,"""House of Blues - Music Venue""",The Strip,3
TBfYl1VsHM49lSwUxx1Eng,Cni2l-VKG_pdospJ6xliXQ,"""Burger Bar""",The Strip,5
FM-RcaTENaXVBTLqYBw5SQ,7fxebHYUwIF6CakxSr70iQ,"""Carnevino""",The Strip,1
3nIuSCZk5f_2WWYMLN7h3w,pKk7jCFIm96qDdk0laVT2w,"""StripSteak""",The Strip,5
kg8tWKYrB9I6VThlxTaD-A,pKk7jCFIm96qDdk0laVT2w,"""StripSteak""",The Strip,4
CjDF5701jarjIO7dX-ViUg,7fxebHYUwIF6CakxSr70iQ,"""Carnevino""",The Strip,5
UocR6u3qpRCZw3MgQA5NSw,Cni2l-VKG_pdospJ6xliXQ,"""Burger Bar""",The Strip,5
W7ugM1NqQeB1Wj0DYE8TYw,CCRgGKhzxSpl38w7yhqKUw,"""Noodles""",The Strip,3
YWWDhFvemd93HKof8D-QoA,Cni2l-VKG_pdospJ6xliXQ,"""Burger Bar""",The Strip,4
kodN4VHOHqvq8Zu2LSbxLg,Cni2l-VKG_pdospJ6xliXQ,"""Burger Bar""",The Strip,5
tjufYqU4PWkP2j6vAFsCFw,pKk7jCFIm96qDdk0laVT2w,"""StripSteak""",The Strip,5
ALdJJ3iydaHS3FW86YXz7A,pKk7jCFIm96qDdk0laVT2w,"""StripSteak""",The Strip,5
6zTEkEMdNFVhtXJIzIyAIw,pik4ebdFa0UcUhnNkivFcg,"""Carmine's Italian Restaurant - Las Vegas""",The Strip,5
5DPMSq581Jp-JWy4a7sm_w,7fxebHYUwIF6CakxSr70iQ,"""Carnevino""",The Strip,3
ZtW4ud-A5doXWgM5dOFaIg,7fxebHYUwIF6CakxSr70iQ,"""Carnevino""",The Strip,5
T_RiQ-TOeZf8N2kiCNCiSg,u-67zd1ImTv3EEr5kIdWrA,"""House of Blues - Music Venue""",The Strip,4
q_nhhp-L4b7w-1Hfbf3WqQ,7fxebHYUwIF6CakxSr70iQ,"""Carnevino""",The Strip,5
6QDH3TkGv2mRtE3zVt3lcA,CCRgGKhzxSpl38w7yhqKUw,"""Noodles""",The Strip,4
jnzTjYkcNUFnaWUQOwylbw,7fxebHYUwIF6CakxSr70iQ,"""Carnevino""",The Strip,4
h2nJxjwZlC8aXNEh_puMpw,pKk7jCFIm96qDdk0laVT2w,"""StripSteak""",The Strip,4
ew2zHKxaUnCfmwuk3fAFqg,CCRgGKhzxSpl38w7yhqKUw,"""Noodles""",The Strip,2
qIRKxv5Mlhu18QFM2UN7sw,pik4ebdFa0UcUhnNkivFcg,"""Carmine's Italian Restaurant - Las Vegas""",The Strip,5
uxIja3K2azAOmd-7CWJopA,pKk7jCFIm96qDdk0laVT2w,"""StripSteak""",The Strip,4
4x3x0oGs9gcHCoQpqoI9hw,Cni2l-VKG_pdospJ6xliXQ,"""Burger Bar""",The Strip,4
A9blsObvhtFH7jc-UBjWrg,Cni2l-VKG_pdospJ6xliXQ,"""Burger Bar""",The Strip,4
VJjJG82xVcNYjwIX-20iCQ,pKk7jCFIm96qDdk0laVT2w,"""StripSteak""",The Strip,4
qolJVR7HE5vbvzQppINCCQ,7fxebHYUwIF6CakxSr70iQ,"""Carnevino""",The Strip,4
Nz1RgX4EJTD2yJsuSIEohQ,Cni2l-VKG_pdospJ6xliXQ,"""Burger Bar""",The Strip,4
mX-WiYESoNlsndx9XSNklA,pKk7jCFIm96qDdk0laVT2w,"""StripSteak""",The Strip,5
miX0ZqCGO9qByBNoYYG9eg,7fxebHYUwIF6CakxSr70iQ,"""Carnevino""",The Strip,1
8PPZWuvr3CY2uu0X7Ot-xA,pik4ebdFa0UcUhnNkivFcg,"""Carmine's Italian Restaurant - Las Vegas""",The Strip,3
oeAhRa8yFa9jtrhaHnOyxQ,pKk7jCFIm96qDdk0laVT2w,"""StripSteak""",The Strip,5
tw0tiaP3aPEbI-xw1_rOFg,CCRgGKhzxSpl38w7yhqKUw,"""Noodles""",The Strip,5
Za6pIJkWsyuOeWEsyTK_ww,Cni2l-VKG_pdospJ6xliXQ,"""Burger Bar""",The Strip,5
Iko1Aq6MGqIKEfpb-kyKCQ,Cni2l-VKG_pdospJ6xliXQ,"""Burger Bar""",The Strip,3
1J6BCaok21pUEtse-mtS5w,CCRgGKhzxSpl38w7yhqKUw,"""Noodles""",The Strip,5
INvCEbsKEVQU8fDVZ4W9eQ,Cni2l-VKG_pdospJ6xliXQ,"""Burger Bar""",The Strip,1
1fJiLaGtNzAak_YxbpGxag,u-67zd1ImTv3EEr5kIdWrA,"""House of Blues - Music Venue""",The Strip,4
ChhRb2cf8blKqMOjA29rJg,Cni2l-VKG_pdospJ6xliXQ,"""Burger Bar""",The Strip,4
dwmUKBXnTCDuewkCb7QooA,CCRgGKhzxSpl38w7yhqKUw,"""Noodles""",The Strip,3
-8hF-Nug42nykj8xTznqoQ,pKk7jCFIm96qDdk0laVT2w,"""StripSteak""",The Strip,5
-8hF-Nug42nykj8xTznqoQ,u-67zd1ImTv3EEr5kIdWrA,"""House of Blues - Music Venue""",The Strip,2
2pprCVMBVplqQsLFoFp-ZQ,Cni2l-VKG_pdospJ6xliXQ,"""Burger Bar""",The Strip,4
NBJVYt7sO-2WDg3bPwBT0Q,Cni2l-VKG_pdospJ6xliXQ,"""Burger Bar""",The Strip,4
arvsBCF_P2KvdVAMyc9Bng,Cni2l-VKG_pdospJ6xliXQ,"""Burger Bar""",The Strip,5
JKknFMlpQ4jXXIIfBJ3CgQ,Cni2l-VKG_pdospJ6xliXQ,"""Burger Bar""",The Strip,5
TFKIupa4S3u0At0HmfnlXQ,Cni2l-VKG_pdospJ6xliXQ,"""Burger Bar""",The Strip,5
bJQmnnp9n1t05NBy-ssedw,pKk7jCFIm96qDdk0laVT2w,"""StripSteak""",The Strip,5
nMeCE5-xsdleyxYuNZ_7rA,Cni2l-VKG_pdospJ6xliXQ,"""Burger Bar""",The Strip,3
DKJyOB7aXX79NT4xzcEliw,7fxebHYUwIF6CakxSr70iQ,"""Carnevino""",The Strip,1
0nQg9FQV7f7CJPNuTRKvFQ,u-67zd1ImTv3EEr5kIdWrA,"""House of Blues - Music Venue""",The Strip,1
FDdYH_X5JhenWlDPL88SwA,Cni2l-VKG_pdospJ6xliXQ,"""Burger Bar""",The Strip,3
sfkPvrSUGekbYh2s-JwmlA,Cni2l-VKG_pdospJ6xliXQ,"""Burger Bar""",The Strip,4
9h5ETR4uTC9pfaTmri3J5Q,u-67zd1ImTv3EEr5kIdWrA,"""House of Blues - Music Venue""",The Strip,5
NpU44ANnUUNQWY4U0eUGvA,CCRgGKhzxSpl38w7yhqKUw,"""Noodles""",The Strip,3
o5PjjS1IxZ8rvBKSFZeM7Q,pKk7jCFIm96qDdk0laVT2w,"""StripSteak""",The Strip,5
2N692MSW2fVTGiWB-793FQ,CCRgGKhzxSpl38w7yhqKUw,"""Noodles""",The Strip,4
2N692MSW2fVTGiWB-793FQ,Cni2l-VKG_pdospJ6xliXQ,"""Burger Bar""",The Strip,2
2iIokEKHRs3-e-RRxPYxkw,pKk7jCFIm96qDdk0laVT2w,"""StripSteak""",The Strip,3
5UWr1-rG5Ib086MgwionhA,u-67zd1ImTv3EEr5kIdWrA,"""House of Blues - Music Venue""",The Strip,2
ba_zwLfAsJS7ar_yA5AubQ,pik4ebdFa0UcUhnNkivFcg,"""Carmine's Italian Restaurant - Las Vegas""",The Strip,5
Vvckw61ZD2BCKe36a36jOA,pKk7jCFIm96qDdk0laVT2w,"""StripSteak""",The Strip,4
CFIU1GMlv0Vj8UMqFJGmPg,Cni2l-VKG_pdospJ6xliXQ,"""Burger Bar""",The Strip,2
6KqCMOz9WqTNFaweEIBmZw,u-67zd1ImTv3EEr5kIdWrA,"""House of Blues - Music Venue""",The Strip,3
VgKzkAajxMLBmtOhcTeE_g,pKk7jCFIm96qDdk0laVT2w,"""StripSteak""",The Strip,5
3xhIAIzNPhFAp24U3oCB1Q,Cni2l-VKG_pdospJ6xliXQ,"""Burger Bar""",The Strip,4
YIyGnPWNA7rb3hiIgFwb_A,Cni2l-VKG_pdospJ6xliXQ,"""Burger Bar""",The Strip,3
QeyG-XiWejN-m7H7vUXkvg,pik4ebdFa0UcUhnNkivFcg,"""Carmine's Italian Restaurant - Las Vegas""",The Strip,5
4nSyIYnp9zTsRAPk5hjGUQ,u-67zd1ImTv3EEr5kIdWrA,"""House of Blues - Music Venue""",The Strip,5
Wl_1tpKOdAquxuBW1VtVkQ,7fxebHYUwIF6CakxSr70iQ,"""Carnevino""",The Strip,5
rUW7_B9pBNdDR3Y2bBz9TQ,7fxebHYUwIF6CakxSr70iQ,"""Carnevino""",The Strip,2
rUW7_B9pBNdDR3Y2bBz9TQ,Cni2l-VKG_pdospJ6xliXQ,"""Burger Bar""",The Strip,3
SF20B-O03IYDHrwlRD2DIw,7fxebHYUwIF6CakxSr70iQ,"""Carnevino""",The Strip,4
PbeV5itzfrKlxAjYTk5sZQ,CCRgGKhzxSpl38w7yhqKUw,"""Noodles""",The Strip,4
JRJidyXtYEanxlmPTpmINA,pik4ebdFa0UcUhnNkivFcg,"""Carmine's Italian Restaurant - Las Vegas""",The Strip,4
MUC6Peb4X3ZeWrpi1hW4-A,u-67zd1ImTv3EEr5kIdWrA,"""House of Blues - Music Venue""",The Strip,5
eDafng-esybpd4T8-dqryg,7fxebHYUwIF6CakxSr70iQ,"""Carnevino""",The Strip,2
7b6yaAjeyr4_FSasxwmhxg,pKk7jCFIm96qDdk0laVT2w,"""StripSteak""",The Strip,5
lQGJcwX105k17081f6pulg,7fxebHYUwIF6CakxSr70iQ,"""Carnevino""",The Strip,5
R8sRAdoBzTOjaPBNZqZQIw,pik4ebdFa0UcUhnNkivFcg,"""Carmine's Italian Restaurant - Las Vegas""",The Strip,5
XGBXBCgCv5D6bmut9cX30A,Cni2l-VKG_pdospJ6xliXQ,"""Burger Bar""",The Strip,4
ht--3Gch2Ynq_KJaMGXnCw,u-67zd1ImTv3EEr5kIdWrA,"""House of Blues - Music Venue""",The Strip,4
rsCVG7-I1zWQbTTzubLIMQ,Cni2l-VKG_pdospJ6xliXQ,"""Burger Bar""",The Strip,5
kwIhn1_cnQeUaLN0CuWWHw,Cni2l-VKG_pdospJ6xliXQ,"""Burger Bar""",The Strip,4
XJYFjbH-oTmu2dATTqyauQ,u-67zd1ImTv3EEr5kIdWrA,"""House of Blues - Music Venue""",The Strip,2
aqvwRY2cWjY1JHb2vLuvdA,Cni2l-VKG_pdospJ6xliXQ,"""Burger Bar""",The Strip,5
96yG4exJY4sK9fAf_e5NJA,CCRgGKhzxSpl38w7yhqKUw,"""Noodles""",The Strip,4
_Fayj6NkO2vCv264Xavgeg,pKk7jCFIm96qDdk0laVT2w,"""StripSteak""",The Strip,2
yUQ8Tf8eOP2TucnT9BzXHQ,CCRgGKhzxSpl38w7yhqKUw,"""Noodles""",The Strip,2
4dQ_2ZwhKkGVxfIAEGUxSw,7fxebHYUwIF6CakxSr70iQ,"""Carnevino""",The Strip,5
YrbtycnG1D12-O3rWyk8qA,pKk7jCFIm96qDdk0laVT2w,"""StripSteak""",The Strip,3
U4INQZOPSUaj8hMjLlZ3KA,Cni2l-VKG_pdospJ6xliXQ,"""Burger Bar""",The Strip,4
APADRUvjy2nYd2171oaJTw,7fxebHYUwIF6CakxSr70iQ,"""Carnevino""",The Strip,3
VSwB0IT2PaV_O5ZYI4LPAg,Cni2l-VKG_pdospJ6xliXQ,"""Burger Bar""",The Strip,4
960b4Lc6fEgfTGWMe6HnPw,7fxebHYUwIF6CakxSr70iQ,"""Carnevino""",The Strip,5
4wX_AE2fC1pRHR91wB_79g,pik4ebdFa0UcUhnNkivFcg,"""Carmine's Italian Restaurant - Las Vegas""",The Strip,5
MeQNMdBIyeM77wunzYU4_w,Cni2l-VKG_pdospJ6xliXQ,"""Burger Bar""",The Strip,3
cSXoVIpsNDPAsO-5neeiPg,Cni2l-VKG_pdospJ6xliXQ,"""Burger Bar""",The Strip,5
YHxiLpYrfXLaugfWDKfGbw,7fxebHYUwIF6CakxSr70iQ,"""Carnevino""",The Strip,4
UyFF3v2mXh39pzksy-ahrw,CCRgGKhzxSpl38w7yhqKUw,"""Noodles""",The Strip,3
l_p43t-gu_6DmDBXnz-btA,Cni2l-VKG_pdospJ6xliXQ,"""Burger Bar""",The Strip,3
zaq6CLKY0ZiohSRVgadwqA,CCRgGKhzxSpl38w7yhqKUw,"""Noodles""",The Strip,5
YmZxn6VEivq79R0OxrQIkw,u-67zd1ImTv3EEr5kIdWrA,"""House of Blues - Music Venue""",The Strip,5
hwzrnwUiqJUHSN_Gmpp4pA,u-67zd1ImTv3EEr5kIdWrA,"""House of Blues - Music Venue""",The Strip,1
U85MLgBTeIf6QHaaRsOPpA,7fxebHYUwIF6CakxSr70iQ,"""Carnevino""",The Strip,3
Zqh4XDFQUAfn6OrosOmwNg,7fxebHYUwIF6CakxSr70iQ,"""Carnevino""",The Strip,4
l2oiet4b37fdP5_S2M-K3Q,7fxebHYUwIF6CakxSr70iQ,"""Carnevino""",The Strip,1
EpAkqFJLjztmlAscrTfh_Q,CCRgGKhzxSpl38w7yhqKUw,"""Noodles""",The Strip,1
EpAkqFJLjztmlAscrTfh_Q,Cni2l-VKG_pdospJ6xliXQ,"""Burger Bar""",The Strip,5
m3FleKsUG-1UNqJsJZid9A,Cni2l-VKG_pdospJ6xliXQ,"""Burger Bar""",The Strip,3
LzZPZDlXiEv9adPzdN4gzw,pKk7jCFIm96qDdk0laVT2w,"""StripSteak""",The Strip,5
f-1k2q3C_XEYzo1iB59Vtg,pik4ebdFa0UcUhnNkivFcg,"""Carmine's Italian Restaurant - Las Vegas""",The Strip,1
ePOM5Zl7MFwpVzHasUcNrQ,Cni2l-VKG_pdospJ6xliXQ,"""Burger Bar""",The Strip,5
M-anTv4GG0CV1LSerOjEpQ,pik4ebdFa0UcUhnNkivFcg,"""Carmine's Italian Restaurant - Las Vegas""",The Strip,2
v8QnvfWXCf4651Bxg2vvIw,CCRgGKhzxSpl38w7yhqKUw,"""Noodles""",The Strip,4
QUaxsGiDJolWHxNGKRpd8Q,7fxebHYUwIF6CakxSr70iQ,"""Carnevino""",The Strip,1
xTifvR4D4bTvbyPvtc22QA,Cni2l-VKG_pdospJ6xliXQ,"""Burger Bar""",The Strip,3
pNysfZOCIsxnPPICOQmtPA,7fxebHYUwIF6CakxSr70iQ,"""Carnevino""",The Strip,1
RLU8YFnTPWPRTOqAkxwJvg,7fxebHYUwIF6CakxSr70iQ,"""Carnevino""",The Strip,4
WcUgAsVEW-6Rlkikm-xIKA,Cni2l-VKG_pdospJ6xliXQ,"""Burger Bar""",The Strip,5
FtrqZFrkrYxegwSN6eb55A,Cni2l-VKG_pdospJ6xliXQ,"""Burger Bar""",The Strip,3
V_6SgGSYMwKBofIdnzX6wQ,Cni2l-VKG_pdospJ6xliXQ,"""Burger Bar""",The Strip,5
9fe41Vmw245Eho1PghHHKw,7fxebHYUwIF6CakxSr70iQ,"""Carnevino""",The Strip,5
sUMWznPGT6gcQeRdNgRQPw,u-67zd1ImTv3EEr5kIdWrA,"""House of Blues - Music Venue""",The Strip,3
XDnlriVXnZgFYXHqphBJ3g,u-67zd1ImTv3EEr5kIdWrA,"""House of Blues - Music Venue""",The Strip,3
QXk9phQ0wgGuSqla-CHlqQ,u-67zd1ImTv3EEr5kIdWrA,"""House of Blues - Music Venue""",The Strip,4
KETvgaAbpjfGGjVIgm7B7g,u-67zd1ImTv3EEr5kIdWrA,"""House of Blues - Music Venue""",The Strip,3
jgYaIqftMbCBjOv9Q4pwbQ,pik4ebdFa0UcUhnNkivFcg,"""Carmine's Italian Restaurant - Las Vegas""",The Strip,4
I8_iXLcpYHAb_xi2vShgOg,7fxebHYUwIF6CakxSr70iQ,"""Carnevino""",The Strip,5
hQcqRx97nQS3NN_X1zv7WQ,u-67zd1ImTv3EEr5kIdWrA,"""House of Blues - Music Venue""",The Strip,5
hQcqRx97nQS3NN_X1zv7WQ,Cni2l-VKG_pdospJ6xliXQ,"""Burger Bar""",The Strip,4
w-w-k-QXosIKQ8HQVwU6IQ,pKk7jCFIm96qDdk0laVT2w,"""StripSteak""",The Strip,4
w-w-k-QXosIKQ8HQVwU6IQ,7fxebHYUwIF6CakxSr70iQ,"""Carnevino""",The Strip,4
PE-HlficppDXkKZ9YY3QIw,7fxebHYUwIF6CakxSr70iQ,"""Carnevino""",The Strip,4
GlgVAivPbOg5vvBYAbChyA,Cni2l-VKG_pdospJ6xliXQ,"""Burger Bar""",The Strip,3
_NTm9Xv0gDfafBQxR3uUyQ,7fxebHYUwIF6CakxSr70iQ,"""Carnevino""",The Strip,5
dB_qoPPYcSLRhrWkvmOh4w,7fxebHYUwIF6CakxSr70iQ,"""Carnevino""",The Strip,3
vpBFIUvet7puRb-YcdKBNQ,Cni2l-VKG_pdospJ6xliXQ,"""Burger Bar""",The Strip,4
hlrW1g6QHatL5aGna0u6hg,7fxebHYUwIF6CakxSr70iQ,"""Carnevino""",The Strip,5
KefuZdgU_o1A6GM95T39Nw,u-67zd1ImTv3EEr5kIdWrA,"""House of Blues - Music Venue""",The Strip,2
3T-IW7UFxaEOWaJ5uqXAvg,u-67zd1ImTv3EEr5kIdWrA,"""House of Blues - Music Venue""",The Strip,4
NRTFty0vyLdpt_Ojg15kzQ,u-67zd1ImTv3EEr5kIdWrA,"""House of Blues - Music Venue""",The Strip,4
-9txEXZfgbbsDW_4BXLvZg,u-67zd1ImTv3EEr5kIdWrA,"""House of Blues - Music Venue""",The Strip,5
bFYjiW6Bk0XybZVdzKEJ6g,CCRgGKhzxSpl38w7yhqKUw,"""Noodles""",The Strip,3
4suJsf9Q2uruOwKlnBixow,Cni2l-VKG_pdospJ6xliXQ,"""Burger Bar""",The Strip,4
BwFEjsr9yLqdszAmAxFYQg,Cni2l-VKG_pdospJ6xliXQ,"""Burger Bar""",The Strip,2
4EqSIkaLkCmF7KkcaKe99A,pik4ebdFa0UcUhnNkivFcg,"""Carmine's Italian Restaurant - Las Vegas""",The Strip,2
s1DSkbdFEuO3ODbMWQqSvw,Cni2l-VKG_pdospJ6xliXQ,"""Burger Bar""",The Strip,4
VEj1OuO6QrQMXFhuMZJ8cQ,Cni2l-VKG_pdospJ6xliXQ,"""Burger Bar""",The Strip,5
FRrBEmdP-1z2h9oWbJCGZw,u-67zd1ImTv3EEr5kIdWrA,"""House of Blues - Music Venue""",The Strip,4
drPEiouDvVYOO8DJHtjwbQ,Cni2l-VKG_pdospJ6xliXQ,"""Burger Bar""",The Strip,5
kB-IkuN1F5WUFdJz9iGs4w,pKk7jCFIm96qDdk0laVT2w,"""StripSteak""",The Strip,3
vq6bB7vxk1lzOgqcv5hlmA,Cni2l-VKG_pdospJ6xliXQ,"""Burger Bar""",The Strip,5
O7BauD2pRnACVL5pPHKZGg,pKk7jCFIm96qDdk0laVT2w,"""StripSteak""",The Strip,2
GXanDpgw2di3TrpYv3y0_Q,Cni2l-VKG_pdospJ6xliXQ,"""Burger Bar""",The Strip,3
YN-BKxheuSu5EjVl8ehEag,7fxebHYUwIF6CakxSr70iQ,"""Carnevino""",The Strip,3
eEVKSNlQ2HuXyRQ6BOVjAA,7fxebHYUwIF6CakxSr70iQ,"""Carnevino""",The Strip,2
qnOkZ1mOfLVCIBPMfyOStg,7fxebHYUwIF6CakxSr70iQ,"""Carnevino""",The Strip,3
-yCoHjg1NDhrW2cetWaQmg,pik4ebdFa0UcUhnNkivFcg,"""Carmine's Italian Restaurant - Las Vegas""",The Strip,5
oeAhRa8yFa9jtrhaHnOyxQ,Cni2l-VKG_pdospJ6xliXQ,"""Burger Bar""",The Strip,4
xtZMctl7AQNspIL_SF3guA,Cni2l-VKG_pdospJ6xliXQ,"""Burger Bar""",The Strip,4
27eZAOJjn9QWOUb0cM2FGw,CCRgGKhzxSpl38w7yhqKUw,"""Noodles""",The Strip,2
27eZAOJjn9QWOUb0cM2FGw,pik4ebdFa0UcUhnNkivFcg,"""Carmine's Italian Restaurant - Las Vegas""",The Strip,1
dsMKAShqgphAstfqUZj-_Q,u-67zd1ImTv3EEr5kIdWrA,"""House of Blues - Music Venue""",The Strip,2
1oSNm2x2pab6jD-4K6GNzg,Cni2l-VKG_pdospJ6xliXQ,"""Burger Bar""",The Strip,5
Mi1VEqRHfJ75ESxPuAV9MQ,pKk7jCFIm96qDdk0laVT2w,"""StripSteak""",The Strip,4
7j0ZfEGPPeg9PiKzABl6gQ,CCRgGKhzxSpl38w7yhqKUw,"""Noodles""",The Strip,5
Aoaf5JUlfuRKHWhzq-AefQ,Cni2l-VKG_pdospJ6xliXQ,"""Burger Bar""",The Strip,3
nC_6RCzcgBM6-hdQWeT23A,Cni2l-VKG_pdospJ6xliXQ,"""Burger Bar""",The Strip,4
gaMvXr2LX71Zjq7XpC1U3w,Cni2l-VKG_pdospJ6xliXQ,"""Burger Bar""",The Strip,4
9RYD5m8xUb5la2wGsf30_A,Cni2l-VKG_pdospJ6xliXQ,"""Burger Bar""",The Strip,4
nAXyHxYJ_nO7jym4NWdoWA,Cni2l-VKG_pdospJ6xliXQ,"""Burger Bar""",The Strip,5
CUKEfMlwvvuT7M6oaJIDKg,Cni2l-VKG_pdospJ6xliXQ,"""Burger Bar""",The Strip,3
oln67dkHhqkaZtNmTTeQeA,Cni2l-VKG_pdospJ6xliXQ,"""Burger Bar""",The Strip,4
zvz86CDRQSKtgVo7xojiYQ,pKk7jCFIm96qDdk0laVT2w,"""StripSteak""",The Strip,4
akEFRm7rqlxIANKyTlaTOg,u-67zd1ImTv3EEr5kIdWrA,"""House of Blues - Music Venue""",The Strip,5
d8z9uG3SHTgkCNj5iVcG8w,Cni2l-VKG_pdospJ6xliXQ,"""Burger Bar""",The Strip,2
DjHg3Gg4Yav1TP0LAfZygQ,pKk7jCFIm96qDdk0laVT2w,"""StripSteak""",The Strip,5
46hN7mHasPkMpb-Y_955yQ,pik4ebdFa0UcUhnNkivFcg,"""Carmine's Italian Restaurant - Las Vegas""",The Strip,5
WaevPI-Qm0VTDjPJUMr8GA,Cni2l-VKG_pdospJ6xliXQ,"""Burger Bar""",The Strip,5
IngOeTfD3YI03o_Cf7Qy0A,Cni2l-VKG_pdospJ6xliXQ,"""Burger Bar""",The Strip,3
Ksp1e9Dw0Jcog_ZBD3-45g,Cni2l-VKG_pdospJ6xliXQ,"""Burger Bar""",The Strip,3
ReaPz_pioADRYR-H03jCFA,pKk7jCFIm96qDdk0laVT2w,"""StripSteak""",The Strip,3
Tap1TSNmXygtHdpStdu21w,7fxebHYUwIF6CakxSr70iQ,"""Carnevino""",The Strip,4
rzcuN6-bBV2CSNalODR0oA,Cni2l-VKG_pdospJ6xliXQ,"""Burger Bar""",The Strip,4
x4HeGhcJviGEECwqnCTAcA,CCRgGKhzxSpl38w7yhqKUw,"""Noodles""",The Strip,2
USq0LYJ6mzmCy7Y2n8sQWg,7fxebHYUwIF6CakxSr70iQ,"""Carnevino""",The Strip,5
KLFRbbG7AHwi_2c_DsiUCQ,Cni2l-VKG_pdospJ6xliXQ,"""Burger Bar""",The Strip,3
7k5I6nL-4ywRFEjrvr8FBQ,CCRgGKhzxSpl38w7yhqKUw,"""Noodles""",The Strip,3
Q7uBTtwfem2uL0b3oDdlMg,7fxebHYUwIF6CakxSr70iQ,"""Carnevino""",The Strip,3
Seh5QWaTn9PN1WRlhyh0eg,CCRgGKhzxSpl38w7yhqKUw,"""Noodles""",The Strip,1
yEO28S10z7Keol0K6Pcxzg,Cni2l-VKG_pdospJ6xliXQ,"""Burger Bar""",The Strip,5
hU46otnbSfdU5oI0zhJGoA,Cni2l-VKG_pdospJ6xliXQ,"""Burger Bar""",The Strip,3
ls_dFAtH9EBncsjh0dbltg,pKk7jCFIm96qDdk0laVT2w,"""StripSteak""",The Strip,5
PktYCUDmn89KXuztq9z9jA,pKk7jCFIm96qDdk0laVT2w,"""StripSteak""",The Strip,3
PktYCUDmn89KXuztq9z9jA,Cni2l-VKG_pdospJ6xliXQ,"""Burger Bar""",The Strip,2
SUTWFZMeyBNubEKSn8QaOA,7fxebHYUwIF6CakxSr70iQ,"""Carnevino""",The Strip,5
kjth3u4sr9keetR90Kty4A,pKk7jCFIm96qDdk0laVT2w,"""StripSteak""",The Strip,1
GrcfuOdaqvUGTh9937feTw,Cni2l-VKG_pdospJ6xliXQ,"""Burger Bar""",The Strip,5
uat5RITkk8BQpnGO453dVg,u-67zd1ImTv3EEr5kIdWrA,"""House of Blues - Music Venue""",The Strip,4
RRluzJZKrvAt0Q30amtimg,u-67zd1ImTv3EEr5kIdWrA,"""House of Blues - Music Venue""",The Strip,4
AGZSmqnEZ7u2seXvGwRQ6Q,pKk7jCFIm96qDdk0laVT2w,"""StripSteak""",The Strip,5
Asx28DdgUx6vYWSxl0oOAQ,Cni2l-VKG_pdospJ6xliXQ,"""Burger Bar""",The Strip,3
9unlBkftcCxEuOzPliukQw,CCRgGKhzxSpl38w7yhqKUw,"""Noodles""",The Strip,3
2rQNIz_jgCjvSS7hvZ_VkQ,Cni2l-VKG_pdospJ6xliXQ,"""Burger Bar""",The Strip,5
Yb_KUKjpUwXxtsoHGW3uSw,u-67zd1ImTv3EEr5kIdWrA,"""House of Blues - Music Venue""",The Strip,5
Bx4TnEGP35miIwu3mek_4A,Cni2l-VKG_pdospJ6xliXQ,"""Burger Bar""",The Strip,3
5S_7g1B18oleDFfZB4oafQ,pik4ebdFa0UcUhnNkivFcg,"""Carmine's Italian Restaurant - Las Vegas""",The Strip,5
IRMfXiIplQQDgEtljxYCEw,7fxebHYUwIF6CakxSr70iQ,"""Carnevino""",The Strip,3
zfoaHb2X386j-yz3-pGaRQ,7fxebHYUwIF6CakxSr70iQ,"""Carnevino""",The Strip,5
esRHgix0MWsolB4P26rwOA,Cni2l-VKG_pdospJ6xliXQ,"""Burger Bar""",The Strip,5
q_d9OQfa-t1yeDFDxOsh6A,Cni2l-VKG_pdospJ6xliXQ,"""Burger Bar""",The Strip,5
gcLxrU9Bnc9yALcT4keshg,Cni2l-VKG_pdospJ6xliXQ,"""Burger Bar""",The Strip,5
DiOK2lpbeeRkfYpWIBufTA,CCRgGKhzxSpl38w7yhqKUw,"""Noodles""",The Strip,4
8QIurZMyJXFABlW6AzKmug,pik4ebdFa0UcUhnNkivFcg,"""Carmine's Italian Restaurant - Las Vegas""",The Strip,1
H0Dq_zK4Ceepkd1KdDK7BQ,u-67zd1ImTv3EEr5kIdWrA,"""House of Blues - Music Venue""",The Strip,3
H0Dq_zK4Ceepkd1KdDK7BQ,Cni2l-VKG_pdospJ6xliXQ,"""Burger Bar""",The Strip,3
dcivvLvsuYxkDwl4c0YUww,Cni2l-VKG_pdospJ6xliXQ,"""Burger Bar""",The Strip,5
lGZE6OLjPMEHDpMV0FlmAg,7fxebHYUwIF6CakxSr70iQ,"""Carnevino""",The Strip,1
EjwdNWmJHL3bYJQMljHT6Q,Cni2l-VKG_pdospJ6xliXQ,"""Burger Bar""",The Strip,5
CmDnJnPuIjJwtPLcrQCMNw,pKk7jCFIm96qDdk0laVT2w,"""StripSteak""",The Strip,3
L7VEJP1RrpXRRRWsYIu3tA,Cni2l-VKG_pdospJ6xliXQ,"""Burger Bar""",The Strip,4
9ANaVwpCi9zyDLkhgkgMfA,Cni2l-VKG_pdospJ6xliXQ,"""Burger Bar""",The Strip,5
fSvOdnryI9FPJ2ylcsE2ig,CCRgGKhzxSpl38w7yhqKUw,"""Noodles""",The Strip,3
2UsX_NP-o1aQdQqzHRN0TA,u-67zd1ImTv3EEr5kIdWrA,"""House of Blues - Music Venue""",The Strip,5
QFNWa_z6y-B5v8wKQ1xmgw,Cni2l-VKG_pdospJ6xliXQ,"""Burger Bar""",The Strip,4
HyXK2GNR9i4SWpLQGOqQYQ,CCRgGKhzxSpl38w7yhqKUw,"""Noodles""",The Strip,3
E5glLZ1mCo10-zqq3Bj13w,Cni2l-VKG_pdospJ6xliXQ,"""Burger Bar""",The Strip,5
DS0Idr2XDhz5e7ZfSy0dYA,CCRgGKhzxSpl38w7yhqKUw,"""Noodles""",The Strip,4
lQGJcwX105k17081f6pulg,pik4ebdFa0UcUhnNkivFcg,"""Carmine's Italian Restaurant - Las Vegas""",The Strip,3
EdMcp1ncZ18DMdX4vx5ZrA,u-67zd1ImTv3EEr5kIdWrA,"""House of Blues - Music Venue""",The Strip,5
WOpdd2yNtkQgbpqNgFMzOQ,Cni2l-VKG_pdospJ6xliXQ,"""Burger Bar""",The Strip,5
BPm_UQF6U7I--g1ofnHcTw,7fxebHYUwIF6CakxSr70iQ,"""Carnevino""",The Strip,1
3cnIyELXdZa9C9nFH5NXtg,CCRgGKhzxSpl38w7yhqKUw,"""Noodles""",The Strip,3
wflTPLO1OzPhxecIDXxNGw,Cni2l-VKG_pdospJ6xliXQ,"""Burger Bar""",The Strip,5
a16IShWkdQJaLTy6bwRJjw,Cni2l-VKG_pdospJ6xliXQ,"""Burger Bar""",The Strip,3
Z5anvwyTyi07c8aC44AS5A,Cni2l-VKG_pdospJ6xliXQ,"""Burger Bar""",The Strip,3
9aHS1o9JVm04buXN9PgE4Q,Cni2l-VKG_pdospJ6xliXQ,"""Burger Bar""",The Strip,4
NJVvh5XZwb7x4pVcNlcFSg,7fxebHYUwIF6CakxSr70iQ,"""Carnevino""",The Strip,5
BMGoKyPbaoHKD7CAo5utYQ,7fxebHYUwIF6CakxSr70iQ,"""Carnevino""",The Strip,1
xR3bussFyZ-VvyZ6S_PVQA,pik4ebdFa0UcUhnNkivFcg,"""Carmine's Italian Restaurant - Las Vegas""",The Strip,4
a7s-iv5ttk6jyHBVXt5ejA,Cni2l-VKG_pdospJ6xliXQ,"""Burger Bar""",The Strip,4
gonn6o6qK5G9sFcpmpLkyQ,Cni2l-VKG_pdospJ6xliXQ,"""Burger Bar""",The Strip,4
jPDf-2aTnIPm8jDMJ4I8MA,Cni2l-VKG_pdospJ6xliXQ,"""Burger Bar""",The Strip,4
2oxqbck3MJErUffBa6JIew,CCRgGKhzxSpl38w7yhqKUw,"""Noodles""",The Strip,2
yfpMOZOSUK9lQ9_6m0J9iw,7fxebHYUwIF6CakxSr70iQ,"""Carnevino""",The Strip,2
2r1FTE8e7n9IJznypedWJw,Cni2l-VKG_pdospJ6xliXQ,"""Burger Bar""",The Strip,5
sjZ3ScfAJ2bjDVI6MmSNGA,pKk7jCFIm96qDdk0laVT2w,"""StripSteak""",The Strip,5
aStEDIsOipewa10qMTWbKQ,Cni2l-VKG_pdospJ6xliXQ,"""Burger Bar""",The Strip,4
U1X40ljjABlj1UlZzHUQhg,u-67zd1ImTv3EEr5kIdWrA,"""House of Blues - Music Venue""",The Strip,5
jJ6q5hOzld_Xbka3YJRc2w,pKk7jCFIm96qDdk0laVT2w,"""StripSteak""",The Strip,4
mbM5D3t1KEnATvSln84C9g,Cni2l-VKG_pdospJ6xliXQ,"""Burger Bar""",The Strip,5
GoPoBJADc0mi0IHy2kssog,Cni2l-VKG_pdospJ6xliXQ,"""Burger Bar""",The Strip,4
MWoMoSMa5jUYVJx4HIsVrA,Cni2l-VKG_pdospJ6xliXQ,"""Burger Bar""",The Strip,2
10lRV8r0ITSTyDMyVIqp-w,pKk7jCFIm96qDdk0laVT2w,"""StripSteak""",The Strip,5
yZpIOGMhSKPtyEw2S2Sf1A,u-67zd1ImTv3EEr5kIdWrA,"""House of Blues - Music Venue""",The Strip,3
VkNTtWR7YFG_QZfRO3vU7Q,CCRgGKhzxSpl38w7yhqKUw,"""Noodles""",The Strip,2
ZcDziqYB6gqnBkfdkQazuw,Cni2l-VKG_pdospJ6xliXQ,"""Burger Bar""",The Strip,4
68dFuZQpr1xa7-hIVTSKCQ,u-67zd1ImTv3EEr5kIdWrA,"""House of Blues - Music Venue""",The Strip,2
OazFg6xrm03jqMbc1ofH9Q,7fxebHYUwIF6CakxSr70iQ,"""Carnevino""",The Strip,3
-uuPbUieBj6vUddyd4ER0Q,CCRgGKhzxSpl38w7yhqKUw,"""Noodles""",The Strip,5
w-w-k-QXosIKQ8HQVwU6IQ,u-67zd1ImTv3EEr5kIdWrA,"""House of Blues - Music Venue""",The Strip,2
RYCs_CBpZKY4_aKfbhZM3g,Cni2l-VKG_pdospJ6xliXQ,"""Burger Bar""",The Strip,5
ImJzPTxC6yBzLidJmTCqlQ,pik4ebdFa0UcUhnNkivFcg,"""Carmine's Italian Restaurant - Las Vegas""",The Strip,4
JYzw8_qWOGvFFO4A_ATX7A,Cni2l-VKG_pdospJ6xliXQ,"""Burger Bar""",The Strip,3
Xp-_ePm7g-1-Qj1MEJeFeA,Cni2l-VKG_pdospJ6xliXQ,"""Burger Bar""",The Strip,5
qQzGRsDZUDpDzXWPSEw2PQ,7fxebHYUwIF6CakxSr70iQ,"""Carnevino""",The Strip,5
uOM-lTSKo_DNwJVLZ5em4g,7fxebHYUwIF6CakxSr70iQ,"""Carnevino""",The Strip,2
X3bHsxAa0fg2Gs-Fc0VlSA,Cni2l-VKG_pdospJ6xliXQ,"""Burger Bar""",The Strip,2
QlcWKpVTsCRLIJXiOWewSw,Cni2l-VKG_pdospJ6xliXQ,"""Burger Bar""",The Strip,4
dg57Fb5J6xDVCLCjj1tSOA,CCRgGKhzxSpl38w7yhqKUw,"""Noodles""",The Strip,4
jZbqRPQyMAlseKzxlj2iXQ,Cni2l-VKG_pdospJ6xliXQ,"""Burger Bar""",The Strip,4
8tthlrp6PM4VJsrGyKKW1w,CCRgGKhzxSpl38w7yhqKUw,"""Noodles""",The Strip,3
pN6pzJR6mK7549M0azoaxg,pKk7jCFIm96qDdk0laVT2w,"""StripSteak""",The Strip,3
dpIe9G1-uYfzLrhrofn2yg,Cni2l-VKG_pdospJ6xliXQ,"""Burger Bar""",The Strip,3
oyNg-7B7M-FRXdrmPdkvHA,u-67zd1ImTv3EEr5kIdWrA,"""House of Blues - Music Venue""",The Strip,2
Le8PKCFLrsVqh2SoBmaxdA,CCRgGKhzxSpl38w7yhqKUw,"""Noodles""",The Strip,5
gwzLo5mpFTceRl7fzaWi8g,Cni2l-VKG_pdospJ6xliXQ,"""Burger Bar""",The Strip,2
tH0uKD-vNwMoEc3Xk3Cbdg,pKk7jCFIm96qDdk0laVT2w,"""StripSteak""",The Strip,4
HBW06N6QIm6021QCS_ugtQ,u-67zd1ImTv3EEr5kIdWrA,"""House of Blues - Music Venue""",The Strip,4
P-N7e4cQ2P4M9WzQpEJrFg,7fxebHYUwIF6CakxSr70iQ,"""Carnevino""",The Strip,4
A7ymuRL_km0JCOlI6eWU6A,Cni2l-VKG_pdospJ6xliXQ,"""Burger Bar""",The Strip,4
YPiLTL7cNoTVeZCUr3L0VQ,pik4ebdFa0UcUhnNkivFcg,"""Carmine's Italian Restaurant - Las Vegas""",The Strip,4
QvLg2kxqHHahxxOlHlEIZw,7fxebHYUwIF6CakxSr70iQ,"""Carnevino""",The Strip,1
K_X_4WBu00sih2oKOX7JTg,pKk7jCFIm96qDdk0laVT2w,"""StripSteak""",The Strip,5
rb55yeGgwOvSs73FBXk7YQ,Cni2l-VKG_pdospJ6xliXQ,"""Burger Bar""",The Strip,2
7rEGTEFfzGt0UBGYh8Pg_A,CCRgGKhzxSpl38w7yhqKUw,"""Noodles""",The Strip,3
JaCV04DUXSypm571sEQRUg,7fxebHYUwIF6CakxSr70iQ,"""Carnevino""",The Strip,5
umpKz5SA6UPEs0_bsuFKfA,u-67zd1ImTv3EEr5kIdWrA,"""House of Blues - Music Venue""",The Strip,4
yWA8xYalMdCkCpf9CCtCWw,Cni2l-VKG_pdospJ6xliXQ,"""Burger Bar""",The Strip,4
xN0q6_AWw-Qm5Pbv44UOeg,pKk7jCFIm96qDdk0laVT2w,"""StripSteak""",The Strip,4
8c-fw4yZOFc3zs25AtOw8A,pKk7jCFIm96qDdk0laVT2w,"""StripSteak""",The Strip,5
8c-fw4yZOFc3zs25AtOw8A,Cni2l-VKG_pdospJ6xliXQ,"""Burger Bar""",The Strip,4
Vkf52ZkK6MpalSVjXnIZeA,Cni2l-VKG_pdospJ6xliXQ,"""Burger Bar""",The Strip,5
d31PQLjBnx_6L6Y3vd6XEw,Cni2l-VKG_pdospJ6xliXQ,"""Burger Bar""",The Strip,4
euFB2NDQSwcVp7wcJ2EVgw,7fxebHYUwIF6CakxSr70iQ,"""Carnevino""",The Strip,4
d2E91dlagP8d9DwUmAZukw,pKk7jCFIm96qDdk0laVT2w,"""StripSteak""",The Strip,5
8sPwfs9UWqDfZqaPm4LVlA,Cni2l-VKG_pdospJ6xliXQ,"""Burger Bar""",The Strip,2
hCoRk6ihGu9ZKvd-78iJeA,7fxebHYUwIF6CakxSr70iQ,"""Carnevino""",The Strip,5
dQLo6gaWjTGrvwiUdmvD0A,pKk7jCFIm96qDdk0laVT2w,"""StripSteak""",The Strip,4
Ow4VJL1gujDWI3hfd-KY4w,u-67zd1ImTv3EEr5kIdWrA,"""House of Blues - Music Venue""",The Strip,5
BIcfTJw4-76b9NuZUgpKIA,Cni2l-VKG_pdospJ6xliXQ,"""Burger Bar""",The Strip,1
Epkbjvext9aLV6_8K-X94w,pKk7jCFIm96qDdk0laVT2w,"""StripSteak""",The Strip,2
Epkbjvext9aLV6_8K-X94w,Cni2l-VKG_pdospJ6xliXQ,"""Burger Bar""",The Strip,5
qwEdh4XG41DOkxEOUWH06Q,7fxebHYUwIF6CakxSr70iQ,"""Carnevino""",The Strip,1
2uvzkIq62hFEAjKpxa5OLw,CCRgGKhzxSpl38w7yhqKUw,"""Noodles""",The Strip,4
v325XGF-l9da74ZMWEjyoA,Cni2l-VKG_pdospJ6xliXQ,"""Burger Bar""",The Strip,5
GMmBzNYp7ydy_hY40JwDFg,pik4ebdFa0UcUhnNkivFcg,"""Carmine's Italian Restaurant - Las Vegas""",The Strip,4
zk_mInlLMmLLqMk6IvXm9g,CCRgGKhzxSpl38w7yhqKUw,"""Noodles""",The Strip,3
YJ5zkU-TFqbdrqu36UC3eQ,7fxebHYUwIF6CakxSr70iQ,"""Carnevino""",The Strip,5
4NDwhoh7AUtTF5aTJCXBIg,pKk7jCFIm96qDdk0laVT2w,"""StripSteak""",The Strip,5
RivnyRCkSqtinBJa-r_OnA,pKk7jCFIm96qDdk0laVT2w,"""StripSteak""",The Strip,2
AL5jnbvGBOq7REGYbDficA,CCRgGKhzxSpl38w7yhqKUw,"""Noodles""",The Strip,2
xuKhNhpBUPjpwwxORGMO9Q,Cni2l-VKG_pdospJ6xliXQ,"""Burger Bar""",The Strip,4
YLeDSZ1Nh1N0hNsSyQdE3A,pik4ebdFa0UcUhnNkivFcg,"""Carmine's Italian Restaurant - Las Vegas""",The Strip,5
mcPyqH5N23vhZPh0hbgWhg,Cni2l-VKG_pdospJ6xliXQ,"""Burger Bar""",The Strip,1
TULWT9AgqDbGWpIoPvuZww,pik4ebdFa0UcUhnNkivFcg,"""Carmine's Italian Restaurant - Las Vegas""",The Strip,2
GpBBN1aSV5R8g-har0UAyg,pKk7jCFIm96qDdk0laVT2w,"""StripSteak""",The Strip,2
URYCEpS1oRwBopLX7EjD9A,Cni2l-VKG_pdospJ6xliXQ,"""Burger Bar""",The Strip,2
-b63HXJPyHkpreXAQ0UqWg,CCRgGKhzxSpl38w7yhqKUw,"""Noodles""",The Strip,5
Tt04PHko5oO4lkwb_tRnEw,u-67zd1ImTv3EEr5kIdWrA,"""House of Blues - Music Venue""",The Strip,1
9l5JWRM3NGc5GlGtRt0UxQ,7fxebHYUwIF6CakxSr70iQ,"""Carnevino""",The Strip,3
HmhDnOPGv2txxcI9mnZjgA,u-67zd1ImTv3EEr5kIdWrA,"""House of Blues - Music Venue""",The Strip,5
b-c6bCjNHrhlnvZQbHjZ2Q,Cni2l-VKG_pdospJ6xliXQ,"""Burger Bar""",The Strip,4
Pe4KXTWAZsSGLgYNRjTfMQ,7fxebHYUwIF6CakxSr70iQ,"""Carnevino""",The Strip,3
STVLaQt3mROi875J6i2GcQ,Cni2l-VKG_pdospJ6xliXQ,"""Burger Bar""",The Strip,4
VicMFJtxdzq1cjfv5m69PA,pKk7jCFIm96qDdk0laVT2w,"""StripSteak""",The Strip,4
1Zkc5AIoTumbT_1LwIIIwA,7fxebHYUwIF6CakxSr70iQ,"""Carnevino""",The Strip,4
LU7ikPXZ5R8tv4oNQZQkKw,7fxebHYUwIF6CakxSr70iQ,"""Carnevino""",The Strip,2
zRibuP104c02M312q9ZiWA,Cni2l-VKG_pdospJ6xliXQ,"""Burger Bar""",The Strip,5
WA6BO2vP9eWjcfWRDEPZGA,Cni2l-VKG_pdospJ6xliXQ,"""Burger Bar""",The Strip,5
a_I-pOa8qo1Fv2tNSk7IPw,pKk7jCFIm96qDdk0laVT2w,"""StripSteak""",The Strip,4
RuQUB6rVLwr86gxF21ulZA,Cni2l-VKG_pdospJ6xliXQ,"""Burger Bar""",The Strip,4
8G7wFBuYnV4fZph6iprW5A,CCRgGKhzxSpl38w7yhqKUw,"""Noodles""",The Strip,5
jo8vV5iUZLHp617cTKZ7mA,u-67zd1ImTv3EEr5kIdWrA,"""House of Blues - Music Venue""",The Strip,3
AYnwjQLzsWkfB9hGWC4LyQ,pik4ebdFa0UcUhnNkivFcg,"""Carmine's Italian Restaurant - Las Vegas""",The Strip,5
rckNB9Ld-JTdTlziHjelGQ,pik4ebdFa0UcUhnNkivFcg,"""Carmine's Italian Restaurant - Las Vegas""",The Strip,3
royElEtc8Pq4EjTvlwSOig,Cni2l-VKG_pdospJ6xliXQ,"""Burger Bar""",The Strip,4
ahFLpvDlwM4-9uIlubDf8A,Cni2l-VKG_pdospJ6xliXQ,"""Burger Bar""",The Strip,2
Rqyopl4UX2Yuksn97yR2PQ,Cni2l-VKG_pdospJ6xliXQ,"""Burger Bar""",The Strip,4
6paWMSJ-FKwb5zNiX9sdFg,pKk7jCFIm96qDdk0laVT2w,"""StripSteak""",The Strip,4
BXpWiTI8gGC5ZS2Xfk0hTg,Cni2l-VKG_pdospJ6xliXQ,"""Burger Bar""",The Strip,2
Ry4Qxi__pgkvL2Dqdlolww,pKk7jCFIm96qDdk0laVT2w,"""StripSteak""",The Strip,5
M1vJC_pAlZcRoIiUoTq8qg,u-67zd1ImTv3EEr5kIdWrA,"""House of Blues - Music Venue""",The Strip,5
3uFOVi1aunqpmZnnwCLwcQ,CCRgGKhzxSpl38w7yhqKUw,"""Noodles""",The Strip,4
JFsh8inJ9oEG-e2KMV_zwQ,Cni2l-VKG_pdospJ6xliXQ,"""Burger Bar""",The Strip,3
_jqTa-3-fqmBxnkANJHtFw,pik4ebdFa0UcUhnNkivFcg,"""Carmine's Italian Restaurant - Las Vegas""",The Strip,4
UPlX5D2oAiYcK4WiuJNj3g,Cni2l-VKG_pdospJ6xliXQ,"""Burger Bar""",The Strip,4
0ZOeLeSLqzWoex3C2pb1oA,Cni2l-VKG_pdospJ6xliXQ,"""Burger Bar""",The Strip,3
dWa3K1E78CQf6czCGVVM-A,pik4ebdFa0UcUhnNkivFcg,"""Carmine's Italian Restaurant - Las Vegas""",The Strip,5
u6ZiZe9hzdEUBzyl0vsemg,7fxebHYUwIF6CakxSr70iQ,"""Carnevino""",The Strip,4
ehrAj-3sTzB3EjcNQ04Uag,u-67zd1ImTv3EEr5kIdWrA,"""House of Blues - Music Venue""",The Strip,2
U4INQZOPSUaj8hMjLlZ3KA,pKk7jCFIm96qDdk0laVT2w,"""StripSteak""",The Strip,4
U4INQZOPSUaj8hMjLlZ3KA,pik4ebdFa0UcUhnNkivFcg,"""Carmine's Italian Restaurant - Las Vegas""",The Strip,4
-JUdghU5Ip0Xa7-bhSCaEw,CCRgGKhzxSpl38w7yhqKUw,"""Noodles""",The Strip,1
Ebo2UO9M5tNzwDVDP3RnbA,Cni2l-VKG_pdospJ6xliXQ,"""Burger Bar""",The Strip,4
Ekh9qMo6X-KPyDTYCKCGzw,Cni2l-VKG_pdospJ6xliXQ,"""Burger Bar""",The Strip,5
0RahsoX9dIp0DXVehd3aew,Cni2l-VKG_pdospJ6xliXQ,"""Burger Bar""",The Strip,3
a4cwm6GSU-i33ko4UlDMvA,7fxebHYUwIF6CakxSr70iQ,"""Carnevino""",The Strip,3
z8ZzrcHiV1cQZiRiNrUmkw,Cni2l-VKG_pdospJ6xliXQ,"""Burger Bar""",The Strip,5
6lT6UiKW2S_OKEUp_5yd3w,CCRgGKhzxSpl38w7yhqKUw,"""Noodles""",The Strip,1
Db6HgfXl5zX13PVYGfNR_Q,pKk7jCFIm96qDdk0laVT2w,"""StripSteak""",The Strip,4
nhgYv0FbzTngFqSNRAu09w,Cni2l-VKG_pdospJ6xliXQ,"""Burger Bar""",The Strip,4
yMNgkWt2Z2-GhyU9_I5j1w,7fxebHYUwIF6CakxSr70iQ,"""Carnevino""",The Strip,2
yMNgkWt2Z2-GhyU9_I5j1w,Cni2l-VKG_pdospJ6xliXQ,"""Burger Bar""",The Strip,3
-hYYjAXSAa657rY0ANtTGQ,u-67zd1ImTv3EEr5kIdWrA,"""House of Blues - Music Venue""",The Strip,3
tRWt7UdDi4WsKtYbQwu4ew,Cni2l-VKG_pdospJ6xliXQ,"""Burger Bar""",The Strip,5
ZQ2JUZ_duL8i2N6wEpScFQ,Cni2l-VKG_pdospJ6xliXQ,"""Burger Bar""",The Strip,4
GSmWLuRCn47Q1iy7xRc45A,7fxebHYUwIF6CakxSr70iQ,"""Carnevino""",The Strip,5
hQ1TGSXeIfIkRvppBTf4vA,7fxebHYUwIF6CakxSr70iQ,"""Carnevino""",The Strip,5
wC_j3vMUL824DXVRu2fsig,CCRgGKhzxSpl38w7yhqKUw,"""Noodles""",The Strip,1
HbgmPqN0xzVur0AUDRXyNQ,Cni2l-VKG_pdospJ6xliXQ,"""Burger Bar""",The Strip,5
prPgVjJ5ZzUHaZ6lGXlGzQ,Cni2l-VKG_pdospJ6xliXQ,"""Burger Bar""",The Strip,1
5cpy2526-ihN_c7S1NASkg,pKk7jCFIm96qDdk0laVT2w,"""StripSteak""",The Strip,4
f587WkOuLAotgXOVAybylA,u-67zd1ImTv3EEr5kIdWrA,"""House of Blues - Music Venue""",The Strip,5
7PVY7A7Top7ButcfLkTJTA,CCRgGKhzxSpl38w7yhqKUw,"""Noodles""",The Strip,4
fJlCRA7zVRW2zcuKGUhCMA,CCRgGKhzxSpl38w7yhqKUw,"""Noodles""",The Strip,5
kWwcuj6ImJBWqwxTOZDi1Q,7fxebHYUwIF6CakxSr70iQ,"""Carnevino""",The Strip,3
ccboyo-sSWqEZDVfBSY6nw,Cni2l-VKG_pdospJ6xliXQ,"""Burger Bar""",The Strip,5
u3Jdk15xjwE5rUgdxqF3nw,7fxebHYUwIF6CakxSr70iQ,"""Carnevino""",The Strip,2
ro62Hro3AsKcXjkmt1EL1A,7fxebHYUwIF6CakxSr70iQ,"""Carnevino""",The Strip,5
_5F4QS8g9HtsP0In8VJ00w,pKk7jCFIm96qDdk0laVT2w,"""StripSteak""",The Strip,5
ImVnQqlXwnoiNNi0mbvPtw,pik4ebdFa0UcUhnNkivFcg,"""Carmine's Italian Restaurant - Las Vegas""",The Strip,5
z7Fd9GM8_fESYUSFSKCvGQ,pik4ebdFa0UcUhnNkivFcg,"""Carmine's Italian Restaurant - Las Vegas""",The Strip,5
iwkNG82RvYHlwgisG3g4XQ,pKk7jCFIm96qDdk0laVT2w,"""StripSteak""",The Strip,5
Ck8O_whq1SW1TKK5z3OSWg,Cni2l-VKG_pdospJ6xliXQ,"""Burger Bar""",The Strip,5
s0Yxy0hdLBfvYJrLRb7mdg,pKk7jCFIm96qDdk0laVT2w,"""StripSteak""",The Strip,5
S_WEyzSmLO9oN_8Xb_ADtA,7fxebHYUwIF6CakxSr70iQ,"""Carnevino""",The Strip,5
S_WEyzSmLO9oN_8Xb_ADtA,pik4ebdFa0UcUhnNkivFcg,"""Carmine's Italian Restaurant - Las Vegas""",The Strip,3
yiDZGHPoHEOJyLrXFaypBg,Cni2l-VKG_pdospJ6xliXQ,"""Burger Bar""",The Strip,4
ivmonVcqM-cqfLO0xF6L8Q,Cni2l-VKG_pdospJ6xliXQ,"""Burger Bar""",The Strip,5
E8xgDzOtYifDINFZIGZGlw,Cni2l-VKG_pdospJ6xliXQ,"""Burger Bar""",The Strip,5
rLCV6WIxu07Qz4oe7fXHPw,pik4ebdFa0UcUhnNkivFcg,"""Carmine's Italian Restaurant - Las Vegas""",The Strip,5
SHy4Z75B0jJXQnDZFyEAVA,7fxebHYUwIF6CakxSr70iQ,"""Carnevino""",The Strip,5
w-w-k-QXosIKQ8HQVwU6IQ,Cni2l-VKG_pdospJ6xliXQ,"""Burger Bar""",The Strip,3
6yv-UMrjcb0a6wh9F4IE6g,Cni2l-VKG_pdospJ6xliXQ,"""Burger Bar""",The Strip,4
7-nTsVBvI-TTIqYTC2VKSg,Cni2l-VKG_pdospJ6xliXQ,"""Burger Bar""",The Strip,1
bY8k_1uNbGhmuT5TJgDa5Q,7fxebHYUwIF6CakxSr70iQ,"""Carnevino""",The Strip,4
j1ROjtLhqITInREvf-fcvQ,Cni2l-VKG_pdospJ6xliXQ,"""Burger Bar""",The Strip,1
j1ROjtLhqITInREvf-fcvQ,pKk7jCFIm96qDdk0laVT2w,"""StripSteak""",The Strip,5
YztPBAV6L8e0Te_3_Q-PGQ,Cni2l-VKG_pdospJ6xliXQ,"""Burger Bar""",The Strip,5
YztPBAV6L8e0Te_3_Q-PGQ,u-67zd1ImTv3EEr5kIdWrA,"""House of Blues - Music Venue""",The Strip,4
tXjgev2UOr_8HTWcQFZ3OQ,CCRgGKhzxSpl38w7yhqKUw,"""Noodles""",The Strip,4
q34hSOosB-usmFAmPB_AfA,pKk7jCFIm96qDdk0laVT2w,"""StripSteak""",The Strip,5
Zo2qav3-2dUMTxlitYFWLQ,u-67zd1ImTv3EEr5kIdWrA,"""House of Blues - Music Venue""",The Strip,4
TvOwopkAJDtZQ0fUVgkF_w,Cni2l-VKG_pdospJ6xliXQ,"""Burger Bar""",The Strip,5
5P018x4yQXIXh8Dr1EW1_Q,Cni2l-VKG_pdospJ6xliXQ,"""Burger Bar""",The Strip,2
lQGJcwX105k17081f6pulg,pKk7jCFIm96qDdk0laVT2w,"""StripSteak""",The Strip,4
lQGJcwX105k17081f6pulg,Cni2l-VKG_pdospJ6xliXQ,"""Burger Bar""",The Strip,4
D86PQC8O4rIZ5Cuc1BkMPg,pik4ebdFa0UcUhnNkivFcg,"""Carmine's Italian Restaurant - Las Vegas""",The Strip,3
1AFF14ul49Bcvj8zPjYxqg,7fxebHYUwIF6CakxSr70iQ,"""Carnevino""",The Strip,1
2s-7Aj7dDmTu0OF1WW3xHw,Cni2l-VKG_pdospJ6xliXQ,"""Burger Bar""",The Strip,2
Rw1AysawQfy1Y8kLlO55ZA,pKk7jCFIm96qDdk0laVT2w,"""StripSteak""",The Strip,5
XN2qxiOYeFrtTh4w4G0-Ag,7fxebHYUwIF6CakxSr70iQ,"""Carnevino""",The Strip,3
VKr0ll3NOeXyshHMc3tihg,pKk7jCFIm96qDdk0laVT2w,"""StripSteak""",The Strip,5
6KKmZ3woLmNBGssVxkKDZA,Cni2l-VKG_pdospJ6xliXQ,"""Burger Bar""",The Strip,5
tH0uKD-vNwMoEc3Xk3Cbdg,Cni2l-VKG_pdospJ6xliXQ,"""Burger Bar""",The Strip,5
1MvdBIcPSzREkAgSYFXpzA,Cni2l-VKG_pdospJ6xliXQ,"""Burger Bar""",The Strip,3
Ur4u9wfVtacMnYGbo29ZpQ,u-67zd1ImTv3EEr5kIdWrA,"""House of Blues - Music Venue""",The Strip,5
KWANbgGqIT-16CP5mOdoXA,u-67zd1ImTv3EEr5kIdWrA,"""House of Blues - Music Venue""",The Strip,5
KWANbgGqIT-16CP5mOdoXA,pik4ebdFa0UcUhnNkivFcg,"""Carmine's Italian Restaurant - Las Vegas""",The Strip,4
8UhQiOi4rO-FDYPsGkyn4A,7fxebHYUwIF6CakxSr70iQ,"""Carnevino""",The Strip,5
xhhE0txKwQtRzgQVVdKkvg,u-67zd1ImTv3EEr5kIdWrA,"""House of Blues - Music Venue""",The Strip,5
xhhE0txKwQtRzgQVVdKkvg,Cni2l-VKG_pdospJ6xliXQ,"""Burger Bar""",The Strip,4
IhmBr-yHC8xLjdnoq7O37w,CCRgGKhzxSpl38w7yhqKUw,"""Noodles""",The Strip,1
is5vAvanYvmF-28i9no2LQ,CCRgGKhzxSpl38w7yhqKUw,"""Noodles""",The Strip,4
8TPCVvwcGlQDOYRoLM0DAQ,pKk7jCFIm96qDdk0laVT2w,"""StripSteak""",The Strip,3
peorzdSBPkJL7zUTv4ngFw,Cni2l-VKG_pdospJ6xliXQ,"""Burger Bar""",The Strip,1
pQIADDOm1H1Yd04VDQfUbA,7fxebHYUwIF6CakxSr70iQ,"""Carnevino""",The Strip,4
35MI_KUO4L_fKb8mAVFwng,7fxebHYUwIF6CakxSr70iQ,"""Carnevino""",The Strip,3
r-BStHfrLUjGID8m1I2Zog,CCRgGKhzxSpl38w7yhqKUw,"""Noodles""",The Strip,4
yp2Jpc0byMKw4XN00V6hgQ,u-67zd1ImTv3EEr5kIdWrA,"""House of Blues - Music Venue""",The Strip,1
Zv5W8LXWYbKf6RixggLOfw,Cni2l-VKG_pdospJ6xliXQ,"""Burger Bar""",The Strip,5
YTuksHb6YsMI62BqEG_eRA,Cni2l-VKG_pdospJ6xliXQ,"""Burger Bar""",The Strip,3
2xmhkcC9RHxKKoiydbw-2w,7fxebHYUwIF6CakxSr70iQ,"""Carnevino""",The Strip,3
QptyvReKKpjDAmfy3E8S_Q,Cni2l-VKG_pdospJ6xliXQ,"""Burger Bar""",The Strip,4
6mUK8vzuZeMU1GUctBCp0w,7fxebHYUwIF6CakxSr70iQ,"""Carnevino""",The Strip,4
HsB0TcvV3ruSITlv-vBquw,7fxebHYUwIF6CakxSr70iQ,"""Carnevino""",The Strip,4
9TdlHKyLNhCxIY7rzsjpuA,pKk7jCFIm96qDdk0laVT2w,"""StripSteak""",The Strip,3
uwnE8036cwfAaOyOzetwyQ,pik4ebdFa0UcUhnNkivFcg,"""Carmine's Italian Restaurant - Las Vegas""",The Strip,4
WnxsINlCH3fv87_I0wVxPg,pKk7jCFIm96qDdk0laVT2w,"""StripSteak""",The Strip,4
59E7GboAa-KHznpLUakQSQ,pik4ebdFa0UcUhnNkivFcg,"""Carmine's Italian Restaurant - Las Vegas""",The Strip,5
tf1jstlz5GAfjZrmOyVI-Q,Cni2l-VKG_pdospJ6xliXQ,"""Burger Bar""",The Strip,4
uEbKQRs91oTgoSRknlUnYA,pik4ebdFa0UcUhnNkivFcg,"""Carmine's Italian Restaurant - Las Vegas""",The Strip,3
Av-c3i9lmVnVMVbN5NQDZA,Cni2l-VKG_pdospJ6xliXQ,"""Burger Bar""",The Strip,4
wODF5lXLQ_AVe071qXvLMA,pKk7jCFIm96qDdk0laVT2w,"""StripSteak""",The Strip,1
jX52sZoojxyYV2viWNyO7A,pKk7jCFIm96qDdk0laVT2w,"""StripSteak""",The Strip,5
acsJgmoaAbK89xSSZnEwqA,7fxebHYUwIF6CakxSr70iQ,"""Carnevino""",The Strip,1
Kw-5I9azSEEUe7RTq1MG-Q,Cni2l-VKG_pdospJ6xliXQ,"""Burger Bar""",The Strip,4
9yTn6RxPiyfOPSIxYgnQFw,7fxebHYUwIF6CakxSr70iQ,"""Carnevino""",The Strip,1
KKNnYagjyoR4ZCJhrEs1PA,CCRgGKhzxSpl38w7yhqKUw,"""Noodles""",The Strip,4
zK289cJlq_XXOEpSiQPGug,7fxebHYUwIF6CakxSr70iQ,"""Carnevino""",The Strip,1
y73QrJfArDlE3eot-0wpzQ,Cni2l-VKG_pdospJ6xliXQ,"""Burger Bar""",The Strip,2
lucIbk6WeQ6Nq0Zr5jrSBA,pKk7jCFIm96qDdk0laVT2w,"""StripSteak""",The Strip,4
TGwdiGOPdwcVTDyReY5k8A,Cni2l-VKG_pdospJ6xliXQ,"""Burger Bar""",The Strip,3
l3BmqICi0Glebx9Nbm0Icg,7fxebHYUwIF6CakxSr70iQ,"""Carnevino""",The Strip,5
4y09jCNVtDYWHRuM5_yJ6Q,Cni2l-VKG_pdospJ6xliXQ,"""Burger Bar""",The Strip,4
6lS5Maw27gTm4X9uV6bdIA,7fxebHYUwIF6CakxSr70iQ,"""Carnevino""",The Strip,4
N0mVci8y9eC4PJJmaZ9ymA,CCRgGKhzxSpl38w7yhqKUw,"""Noodles""",The Strip,3
WjJiRyXYyEwUrNh8qvrNCQ,7fxebHYUwIF6CakxSr70iQ,"""Carnevino""",The Strip,4
y0miZ2NkdiTCdDsv2FwnDQ,pKk7jCFIm96qDdk0laVT2w,"""StripSteak""",The Strip,5
kK61ZqAAn14dP_r9K7V5dQ,CCRgGKhzxSpl38w7yhqKUw,"""Noodles""",The Strip,1
zDBOdWtl2PsNY38IeoE5cQ,u-67zd1ImTv3EEr5kIdWrA,"""House of Blues - Music Venue""",The Strip,4
5Qy_O17tZTYYShuECvME4Q,CCRgGKhzxSpl38w7yhqKUw,"""Noodles""",The Strip,2
-4-Jgdir0NckB1qnvoSAKA,Cni2l-VKG_pdospJ6xliXQ,"""Burger Bar""",The Strip,2
Y0OyACLINRqXAP-WKNm24w,CCRgGKhzxSpl38w7yhqKUw,"""Noodles""",The Strip,1
L-xy96KW6HEgmKHDjysESA,7fxebHYUwIF6CakxSr70iQ,"""Carnevino""",The Strip,5
tTkMx3sGI_LNZIPwfUGkYg,CCRgGKhzxSpl38w7yhqKUw,"""Noodles""",The Strip,2
IlzXT_dFrwlAc1GWp5yJpg,7fxebHYUwIF6CakxSr70iQ,"""Carnevino""",The Strip,2
IlzXT_dFrwlAc1GWp5yJpg,pKk7jCFIm96qDdk0laVT2w,"""StripSteak""",The Strip,3
IlzXT_dFrwlAc1GWp5yJpg,Cni2l-VKG_pdospJ6xliXQ,"""Burger Bar""",The Strip,2
t0TCUSukpg49mJ3AKdyF8w,Cni2l-VKG_pdospJ6xliXQ,"""Burger Bar""",The Strip,5
PKEzKWv_FktMm2mGPjwd0Q,Cni2l-VKG_pdospJ6xliXQ,"""Burger Bar""",The Strip,4
bs_FiiqQNyUg6Fh_WqyLyQ,Cni2l-VKG_pdospJ6xliXQ,"""Burger Bar""",The Strip,3
7Sh0R1UnnOwXLEPhHy1mqA,7fxebHYUwIF6CakxSr70iQ,"""Carnevino""",The Strip,5
7Sh0R1UnnOwXLEPhHy1mqA,Cni2l-VKG_pdospJ6xliXQ,"""Burger Bar""",The Strip,5
mO4S0sucRiqcW7KFhD2NcQ,u-67zd1ImTv3EEr5kIdWrA,"""House of Blues - Music Venue""",The Strip,5
HEZ832zZEERXIodtcGZyrQ,pik4ebdFa0UcUhnNkivFcg,"""Carmine's Italian Restaurant - Las Vegas""",The Strip,5
55fW1D1K79xLH2AKPWVVWw,Cni2l-VKG_pdospJ6xliXQ,"""Burger Bar""",The Strip,4
DH1YDwjeLuklMiHxqzL-GQ,pik4ebdFa0UcUhnNkivFcg,"""Carmine's Italian Restaurant - Las Vegas""",The Strip,4
CeQh69cx7UEcAcqM-zFMuw,CCRgGKhzxSpl38w7yhqKUw,"""Noodles""",The Strip,5
O98OvniMRlKF_lllMajzFQ,Cni2l-VKG_pdospJ6xliXQ,"""Burger Bar""",The Strip,4
mXD2tLpB4w1HYf-1Z63iOg,CCRgGKhzxSpl38w7yhqKUw,"""Noodles""",The Strip,3
vlVhwwjROn4Yv6aWokstHQ,Cni2l-VKG_pdospJ6xliXQ,"""Burger Bar""",The Strip,2
k-Kkr72RsaPiELm9IdUjSA,Cni2l-VKG_pdospJ6xliXQ,"""Burger Bar""",The Strip,4
ED2Cj2ku3_iHVUbKbOerJw,7fxebHYUwIF6CakxSr70iQ,"""Carnevino""",The Strip,4
SI0B9MRW_x3O9ua-L3gvPA,CCRgGKhzxSpl38w7yhqKUw,"""Noodles""",The Strip,3
-7IMRsmV-Gt7KAK3yivZGQ,Cni2l-VKG_pdospJ6xliXQ,"""Burger Bar""",The Strip,4
RGv368-5kXxxEraspYk6zQ,CCRgGKhzxSpl38w7yhqKUw,"""Noodles""",The Strip,4
Fz_mLfQFOJGhFnmn-Pkv4A,7fxebHYUwIF6CakxSr70iQ,"""Carnevino""",The Strip,5
pN6C071BSU8kPGsh9LAGnA,u-67zd1ImTv3EEr5kIdWrA,"""House of Blues - Music Venue""",The Strip,1
5DgFmyjW6hkBtXtTMKl4tA,Cni2l-VKG_pdospJ6xliXQ,"""Burger Bar""",The Strip,5
tuuokuL3IGSdnEAqnI-DZg,7fxebHYUwIF6CakxSr70iQ,"""Carnevino""",The Strip,5
d_3mR2PKG1R8jSyTETJvRw,u-67zd1ImTv3EEr5kIdWrA,"""House of Blues - Music Venue""",The Strip,1
9UjiZRnKwcg-DOeGX0mPMw,pKk7jCFIm96qDdk0laVT2w,"""StripSteak""",The Strip,4
VbHjk8onx_2eKHt_b75I6g,Cni2l-VKG_pdospJ6xliXQ,"""Burger Bar""",The Strip,5
AZyRr8nAo17aGlnPCN_3xQ,Cni2l-VKG_pdospJ6xliXQ,"""Burger Bar""",The Strip,3
DWfos3PxcrkqAJoAZHEg3A,Cni2l-VKG_pdospJ6xliXQ,"""Burger Bar""",The Strip,5
VR9d-KG30Qx_BhJmjzDZWA,Cni2l-VKG_pdospJ6xliXQ,"""Burger Bar""",The Strip,4
VXHRi8FoW9Fp2OzT-OSjaA,Cni2l-VKG_pdospJ6xliXQ,"""Burger Bar""",The Strip,4
Nwh2hihkEwum289l_WdQUg,CCRgGKhzxSpl38w7yhqKUw,"""Noodles""",The Strip,4
euOIZpnJPgEaR1LmD3ZfYQ,Cni2l-VKG_pdospJ6xliXQ,"""Burger Bar""",The Strip,1
vsiqmJQeXCBLjchsM2FiBg,pKk7jCFIm96qDdk0laVT2w,"""StripSteak""",The Strip,5
FnTTlJPbCa9ZBHHGoTI2YQ,CCRgGKhzxSpl38w7yhqKUw,"""Noodles""",The Strip,3
TGaIVad7sbnSq5mpIplQsQ,pik4ebdFa0UcUhnNkivFcg,"""Carmine's Italian Restaurant - Las Vegas""",The Strip,5
kc8X2sAnmEpZL0V757yj2Q,u-67zd1ImTv3EEr5kIdWrA,"""House of Blues - Music Venue""",The Strip,1
JmhJTZ6RbqRdc_yHRlM07w,7fxebHYUwIF6CakxSr70iQ,"""Carnevino""",The Strip,4
jTrABQ5qwpfw7IZEu_zPAA,7fxebHYUwIF6CakxSr70iQ,"""Carnevino""",The Strip,5
R0KVWeN9xR-F6j4z5k9wXQ,Cni2l-VKG_pdospJ6xliXQ,"""Burger Bar""",The Strip,5
qlC607Cyp0Mj91vDFvkp3Q,CCRgGKhzxSpl38w7yhqKUw,"""Noodles""",The Strip,3
XXKjsdglgwSs9kWtK6ZWUQ,7fxebHYUwIF6CakxSr70iQ,"""Carnevino""",The Strip,4
3nDUQBjKyVor5wV0reJChg,u-67zd1ImTv3EEr5kIdWrA,"""House of Blues - Music Venue""",The Strip,4
XnI-AHs6Sf323o913vXObg,Cni2l-VKG_pdospJ6xliXQ,"""Burger Bar""",The Strip,4
T0Q4JwchwRJ8MlWBDt9g2g,CCRgGKhzxSpl38w7yhqKUw,"""Noodles""",The Strip,1
-DrY4zShd5TOrQD69-nxaQ,Cni2l-VKG_pdospJ6xliXQ,"""Burger Bar""",The Strip,5
Vj7nrsxp7U3tHFACFnmTkA,pik4ebdFa0UcUhnNkivFcg,"""Carmine's Italian Restaurant - Las Vegas""",The Strip,5
TkPIaT0uRe0sjX58PDzrQw,pKk7jCFIm96qDdk0laVT2w,"""StripSteak""",The Strip,4
FSoP8Ak34PNodWoFfRBSTg,Cni2l-VKG_pdospJ6xliXQ,"""Burger Bar""",The Strip,5
h8Oa43i4b9D3N27wmuIaSA,CCRgGKhzxSpl38w7yhqKUw,"""Noodles""",The Strip,3
C0s7FssA4GzD6w8L56cxdA,CCRgGKhzxSpl38w7yhqKUw,"""Noodles""",The Strip,4
URkYdCtvNnTRkUiGYeqWig,Cni2l-VKG_pdospJ6xliXQ,"""Burger Bar""",The Strip,3
gLnwsupNFVCsOdCbtdNisA,u-67zd1ImTv3EEr5kIdWrA,"""House of Blues - Music Venue""",The Strip,1
HU9_40m7M8u6POZavBPW2Q,CCRgGKhzxSpl38w7yhqKUw,"""Noodles""",The Strip,5
czz8Jpj0tuPax7oiKPdlng,CCRgGKhzxSpl38w7yhqKUw,"""Noodles""",The Strip,3
-aJ1l7WsBICawxB9NpzJDA,pik4ebdFa0UcUhnNkivFcg,"""Carmine's Italian Restaurant - Las Vegas""",The Strip,5
svXEPbSzvq2900TVzld_cg,Cni2l-VKG_pdospJ6xliXQ,"""Burger Bar""",The Strip,2
xdk_0qlKbsrYQv7NLTU2jA,Cni2l-VKG_pdospJ6xliXQ,"""Burger Bar""",The Strip,4
dT1g3fW-8cZ2sFgITLlWQw,pik4ebdFa0UcUhnNkivFcg,"""Carmine's Italian Restaurant - Las Vegas""",The Strip,3
LHlyZwDOEAWckzrKeCpFHg,u-67zd1ImTv3EEr5kIdWrA,"""House of Blues - Music Venue""",The Strip,3
C1_AvND8ApbjfZlKbtbbEA,7fxebHYUwIF6CakxSr70iQ,"""Carnevino""",The Strip,4
nr-8jH37vKYUH3OvOaBaLw,pik4ebdFa0UcUhnNkivFcg,"""Carmine's Italian Restaurant - Las Vegas""",The Strip,5
0QfV3xDQ87R8mBqa1W7xlQ,pik4ebdFa0UcUhnNkivFcg,"""Carmine's Italian Restaurant - Las Vegas""",The Strip,4
eaUsJTJzSsTbWHuidyKJnw,Cni2l-VKG_pdospJ6xliXQ,"""Burger Bar""",The Strip,5
VuTuLMIzbklHLxcbaNQmDg,Cni2l-VKG_pdospJ6xliXQ,"""Burger Bar""",The Strip,4
6c-qseiKHQJTXtHapvY7yw,7fxebHYUwIF6CakxSr70iQ,"""Carnevino""",The Strip,5
p9_bp9lNleCkSTMqsj2P8A,7fxebHYUwIF6CakxSr70iQ,"""Carnevino""",The Strip,5
w40RBx54s0wLN9XhrfsVCA,CCRgGKhzxSpl38w7yhqKUw,"""Noodles""",The Strip,3
YdPXHTa1ZDqXdtqPhH53nw,u-67zd1ImTv3EEr5kIdWrA,"""House of Blues - Music Venue""",The Strip,4
blLzEPEcwkvdvyriXadAGg,pKk7jCFIm96qDdk0laVT2w,"""StripSteak""",The Strip,2
Al3vvZ2xAtMe1lLnktcqNQ,7fxebHYUwIF6CakxSr70iQ,"""Carnevino""",The Strip,5
-YsgUaaSK_BxHNTHct2cjg,Cni2l-VKG_pdospJ6xliXQ,"""Burger Bar""",The Strip,1
AtkPVTdEwBgj1uTkvAvz0Q,pik4ebdFa0UcUhnNkivFcg,"""Carmine's Italian Restaurant - Las Vegas""",The Strip,5
CNaHLXC45cR07vtDeFYeww,Cni2l-VKG_pdospJ6xliXQ,"""Burger Bar""",The Strip,4
4FBFspAoDegIkYuNAJYDuA,7fxebHYUwIF6CakxSr70iQ,"""Carnevino""",The Strip,5
2ZCSvamNDmeGuHOD2pau-w,Cni2l-VKG_pdospJ6xliXQ,"""Burger Bar""",The Strip,4
2Fvbxp9SSBj0jGl0Wpsyug,CCRgGKhzxSpl38w7yhqKUw,"""Noodles""",The Strip,4
wnCQN3CrQRqCm2hbMD4lHg,Cni2l-VKG_pdospJ6xliXQ,"""Burger Bar""",The Strip,5
IJfJlr0BIu-dH1ie__MbNg,7fxebHYUwIF6CakxSr70iQ,"""Carnevino""",The Strip,3
IJfJlr0BIu-dH1ie__MbNg,Cni2l-VKG_pdospJ6xliXQ,"""Burger Bar""",The Strip,4
ekAkbHnjnNZzAXDEUisaeA,CCRgGKhzxSpl38w7yhqKUw,"""Noodles""",The Strip,1
6g5sSL5q0ki76UENmD2iuw,7fxebHYUwIF6CakxSr70iQ,"""Carnevino""",The Strip,3
E0hnzH2Kx50pYjIOhMxfuA,Cni2l-VKG_pdospJ6xliXQ,"""Burger Bar""",The Strip,4
7Z6AaGz4FqSl9hKGh7lvrA,Cni2l-VKG_pdospJ6xliXQ,"""Burger Bar""",The Strip,4
ShPNNs-sbMvrjTT0BuPvcA,Cni2l-VKG_pdospJ6xliXQ,"""Burger Bar""",The Strip,4
nTMDc79EKMPa8lK79qg88g,CCRgGKhzxSpl38w7yhqKUw,"""Noodles""",The Strip,4
hnhs-uzv_eoE6Pq8nXyufA,Cni2l-VKG_pdospJ6xliXQ,"""Burger Bar""",The Strip,4
Yq9TPm0y8Q-ACPAt4OB6jg,pik4ebdFa0UcUhnNkivFcg,"""Carmine's Italian Restaurant - Las Vegas""",The Strip,3
A7SriDQsHmjI8Vy3ichB5w,pKk7jCFIm96qDdk0laVT2w,"""StripSteak""",The Strip,5
zvVQwdF68RQf8sf6mKjfdQ,pKk7jCFIm96qDdk0laVT2w,"""StripSteak""",The Strip,5
QN-IY6sHZA57RuJdCcimrg,7fxebHYUwIF6CakxSr70iQ,"""Carnevino""",The Strip,2
1oP2ZdAegVUh6J5w_nQURQ,Cni2l-VKG_pdospJ6xliXQ,"""Burger Bar""",The Strip,4
fFGs67RhFZEsSPEXT_5wpQ,u-67zd1ImTv3EEr5kIdWrA,"""House of Blues - Music Venue""",The Strip,5
yFO205myXluetGbgoanEZA,pKk7jCFIm96qDdk0laVT2w,"""StripSteak""",The Strip,4
Ul4CNYyMdohvfwCYxEkP1A,u-67zd1ImTv3EEr5kIdWrA,"""House of Blues - Music Venue""",The Strip,5
ln2v-cS7C-wAgJxepjwD4Q,Cni2l-VKG_pdospJ6xliXQ,"""Burger Bar""",The Strip,3
nuEtJcnjhS1LLzinPch8xw,CCRgGKhzxSpl38w7yhqKUw,"""Noodles""",The Strip,4
nuEtJcnjhS1LLzinPch8xw,pik4ebdFa0UcUhnNkivFcg,"""Carmine's Italian Restaurant - Las Vegas""",The Strip,4
XEfci56jGpDmnMr5FM9UKw,Cni2l-VKG_pdospJ6xliXQ,"""Burger Bar""",The Strip,5
yD3v4bTjubqfrpTV4aCTdw,Cni2l-VKG_pdospJ6xliXQ,"""Burger Bar""",The Strip,3
XhaaQsEzqtM-DBBpZoP-3Q,CCRgGKhzxSpl38w7yhqKUw,"""Noodles""",The Strip,1
zOgpx8qLBibIIJ5uHxUlgg,Cni2l-VKG_pdospJ6xliXQ,"""Burger Bar""",The Strip,5
0lDl1Jg1Qz2KhvkfJKk6fw,Cni2l-VKG_pdospJ6xliXQ,"""Burger Bar""",The Strip,4
kWj6AdUtkvbzhdsqRifwLQ,7fxebHYUwIF6CakxSr70iQ,"""Carnevino""",The Strip,5
GEmaBgrBPzUs92tUkIM2VA,CCRgGKhzxSpl38w7yhqKUw,"""Noodles""",The Strip,4
aNaZIj0fRK_yYdHkRFIbWA,7fxebHYUwIF6CakxSr70iQ,"""Carnevino""",The Strip,5
zFYs8gSUYDvXkb6O7YkRkw,Cni2l-VKG_pdospJ6xliXQ,"""Burger Bar""",The Strip,4
E6AzOkFsvXBkBCqb0NU5hg,pik4ebdFa0UcUhnNkivFcg,"""Carmine's Italian Restaurant - Las Vegas""",The Strip,2
zMPNsWn_M4ocUbkHs98F9A,7fxebHYUwIF6CakxSr70iQ,"""Carnevino""",The Strip,5
B-fMCfjnaIdf--qdxH0Qyg,pik4ebdFa0UcUhnNkivFcg,"""Carmine's Italian Restaurant - Las Vegas""",The Strip,1
MmHCNElMsS8wgKOW5EU94g,pik4ebdFa0UcUhnNkivFcg,"""Carmine's Italian Restaurant - Las Vegas""",The Strip,3
LoKOWvUpjWsx3emo5B4g4g,Cni2l-VKG_pdospJ6xliXQ,"""Burger Bar""",The Strip,5
cPohcKVMJ1UODrZ4N4v_zg,Cni2l-VKG_pdospJ6xliXQ,"""Burger Bar""",The Strip,4
EeBrQ2d6jaVcXRG1xBW9vQ,CCRgGKhzxSpl38w7yhqKUw,"""Noodles""",The Strip,4
S5xa4jsPmh31beYjLHbrJg,Cni2l-VKG_pdospJ6xliXQ,"""Burger Bar""",The Strip,5
qF8VYGlNdz2pkJLkKGGb1g,pKk7jCFIm96qDdk0laVT2w,"""StripSteak""",The Strip,3
a4P-jLo6gLCBLpsPdIptNQ,Cni2l-VKG_pdospJ6xliXQ,"""Burger Bar""",The Strip,2
R4XlBcMhpGo_h7ucxrQviw,u-67zd1ImTv3EEr5kIdWrA,"""House of Blues - Music Venue""",The Strip,1
4JDTEX_Ey_qFrCFF5v2M8w,pik4ebdFa0UcUhnNkivFcg,"""Carmine's Italian Restaurant - Las Vegas""",The Strip,1
6dbxYDannyK-3j-3GcGZLg,CCRgGKhzxSpl38w7yhqKUw,"""Noodles""",The Strip,3
Lsq7Wz91iyHV25g2HO722w,Cni2l-VKG_pdospJ6xliXQ,"""Burger Bar""",The Strip,4
6lQh5CFUnL8tK47Mpth-7A,pKk7jCFIm96qDdk0laVT2w,"""StripSteak""",The Strip,3
ZUVdxYM8mtjBD1Xvfp9weg,Cni2l-VKG_pdospJ6xliXQ,"""Burger Bar""",The Strip,4
FmoHNtcIw6reY7IX5eV97g,u-67zd1ImTv3EEr5kIdWrA,"""House of Blues - Music Venue""",The Strip,4
ZjMd1xVFpQgiaCRKXmDMaA,u-67zd1ImTv3EEr5kIdWrA,"""House of Blues - Music Venue""",The Strip,1
NdIRVg-4wR1hzlHZYRFVEg,Cni2l-VKG_pdospJ6xliXQ,"""Burger Bar""",The Strip,4
OfdX0DGrAET9jqn_7gkXww,Cni2l-VKG_pdospJ6xliXQ,"""Burger Bar""",The Strip,5
VPGb0N6C0pmROu2E1PDVSQ,Cni2l-VKG_pdospJ6xliXQ,"""Burger Bar""",The Strip,3
Len5P1ZCTxuqH-XB0lu4kg,pKk7jCFIm96qDdk0laVT2w,"""StripSteak""",The Strip,2
9sgbvNUMOQaVcVsSRpQp8w,7fxebHYUwIF6CakxSr70iQ,"""Carnevino""",The Strip,3
iPFtpJFhEfHcBlZLsMY4xA,CCRgGKhzxSpl38w7yhqKUw,"""Noodles""",The Strip,1
bWJWcQyDKtFSvsTW2tR3hw,Cni2l-VKG_pdospJ6xliXQ,"""Burger Bar""",The Strip,4
gEca6l4vFhqn9dMAghgIsA,7fxebHYUwIF6CakxSr70iQ,"""Carnevino""",The Strip,4
jo8vV5iUZLHp617cTKZ7mA,Cni2l-VKG_pdospJ6xliXQ,"""Burger Bar""",The Strip,5
KFxRa7x-uTcYoH2a7fUNhw,CCRgGKhzxSpl38w7yhqKUw,"""Noodles""",The Strip,5
Rp7REJBKZ3sfmVMKlPekeQ,7fxebHYUwIF6CakxSr70iQ,"""Carnevino""",The Strip,2
LyrAjv8V6HWkceuTB4Xtkw,7fxebHYUwIF6CakxSr70iQ,"""Carnevino""",The Strip,4
9Vbzck_BEYaSqdK113jsGA,pKk7jCFIm96qDdk0laVT2w,"""StripSteak""",The Strip,5
8bt-bEeZgBsBCCaOao4D7Q,CCRgGKhzxSpl38w7yhqKUw,"""Noodles""",The Strip,3
3rPCqSkn2Mzuhr6LWaDRpQ,Cni2l-VKG_pdospJ6xliXQ,"""Burger Bar""",The Strip,3
QWxW_pApmpY9iPApC8P-UQ,Cni2l-VKG_pdospJ6xliXQ,"""Burger Bar""",The Strip,4
IKYKSk3XHyPzZwyTDOYU5g,7fxebHYUwIF6CakxSr70iQ,"""Carnevino""",The Strip,3
1q6K81JT5eing3VlloekvA,u-67zd1ImTv3EEr5kIdWrA,"""House of Blues - Music Venue""",The Strip,5
LtXm6D2EuFfF5NxqIHNA-A,7fxebHYUwIF6CakxSr70iQ,"""Carnevino""",The Strip,5
ViKiKUkk79Vc0M3C4UwVSw,pKk7jCFIm96qDdk0laVT2w,"""StripSteak""",The Strip,4
93H7xGAG6_eNY-TjNDgBFw,Cni2l-VKG_pdospJ6xliXQ,"""Burger Bar""",The Strip,5
5qIwy91T9rAQj3_2O4cn5g,Cni2l-VKG_pdospJ6xliXQ,"""Burger Bar""",The Strip,5
lmu1er8TNk91qIn8I-CZsg,Cni2l-VKG_pdospJ6xliXQ,"""Burger Bar""",The Strip,4
r-bGFEqCjoeX0xIAyi5xzw,Cni2l-VKG_pdospJ6xliXQ,"""Burger Bar""",The Strip,4
uERlyO-ASZag6XXouCrkhg,u-67zd1ImTv3EEr5kIdWrA,"""House of Blues - Music Venue""",The Strip,4
kB3iujkXKJeKDkJaxoctTA,CCRgGKhzxSpl38w7yhqKUw,"""Noodles""",The Strip,2
qPnD3N5H7mfuzC_WeyAOtg,u-67zd1ImTv3EEr5kIdWrA,"""House of Blues - Music Venue""",The Strip,4
HUrmaaeZYo3V5ZJ8iXOZqg,Cni2l-VKG_pdospJ6xliXQ,"""Burger Bar""",The Strip,4
yR7wToOwcrNVYUbqFjhCww,Cni2l-VKG_pdospJ6xliXQ,"""Burger Bar""",The Strip,3
v4yu0QYDZPt-s0s2KjH1Xw,Cni2l-VKG_pdospJ6xliXQ,"""Burger Bar""",The Strip,5
TpsTtX7WrJ3uQN2SyqVJOg,7fxebHYUwIF6CakxSr70iQ,"""Carnevino""",The Strip,2
Sh0DLlZ2a1A49A21S5cF_Q,Cni2l-VKG_pdospJ6xliXQ,"""Burger Bar""",The Strip,4
GqVI1z3jYW5p8FE-t_tiVA,7fxebHYUwIF6CakxSr70iQ,"""Carnevino""",The Strip,5
Fj18oVJp9v_DTJ8rGty1Vw,u-67zd1ImTv3EEr5kIdWrA,"""House of Blues - Music Venue""",The Strip,2
aXEVT2-25FSkM8fXRyZ83g,pKk7jCFIm96qDdk0laVT2w,"""StripSteak""",The Strip,5
b6t5EZ0rRJKfH_ipfsSgnw,u-67zd1ImTv3EEr5kIdWrA,"""House of Blues - Music Venue""",The Strip,1
eKXNxRSMi3Qncrb4X8qjJg,pKk7jCFIm96qDdk0laVT2w,"""StripSteak""",The Strip,1
4SYyFfewOROxJaBLsaxCyQ,u-67zd1ImTv3EEr5kIdWrA,"""House of Blues - Music Venue""",The Strip,3
4SYyFfewOROxJaBLsaxCyQ,Cni2l-VKG_pdospJ6xliXQ,"""Burger Bar""",The Strip,4
1-Jok2AtHgLuW6KD3nHtHA,CCRgGKhzxSpl38w7yhqKUw,"""Noodles""",The Strip,4
hVSsN5EGe2-h2uW1v_VUdA,Cni2l-VKG_pdospJ6xliXQ,"""Burger Bar""",The Strip,3
ONWpGR6TN3yqtDfB93akHA,pKk7jCFIm96qDdk0laVT2w,"""StripSteak""",The Strip,4
D2jy8OoWIHaVO5axP8mggA,CCRgGKhzxSpl38w7yhqKUw,"""Noodles""",The Strip,5
2Fvbxp9SSBj0jGl0Wpsyug,Cni2l-VKG_pdospJ6xliXQ,"""Burger Bar""",The Strip,3
IrRszFlxwjPPCEMCFlgsfg,7fxebHYUwIF6CakxSr70iQ,"""Carnevino""",The Strip,3
djxT9PO7pCZiyRxUJ-n8Ug,pKk7jCFIm96qDdk0laVT2w,"""StripSteak""",The Strip,2
pTBYw77jElL4ZuyBj-9ZuQ,Cni2l-VKG_pdospJ6xliXQ,"""Burger Bar""",The Strip,3
T7Z2doTYuahGQCYSMzydqw,pik4ebdFa0UcUhnNkivFcg,"""Carmine's Italian Restaurant - Las Vegas""",The Strip,5
ijOQxa988tt8OsqjVf_9EQ,CCRgGKhzxSpl38w7yhqKUw,"""Noodles""",The Strip,1
cSvwgRq74ElhrE6AQEm3DQ,pik4ebdFa0UcUhnNkivFcg,"""Carmine's Italian Restaurant - Las Vegas""",The Strip,2
ArOQOjQDOnih-XsP49PO7Q,CCRgGKhzxSpl38w7yhqKUw,"""Noodles""",The Strip,2
R86SSE4oYgAuhlIW3yE5kg,7fxebHYUwIF6CakxSr70iQ,"""Carnevino""",The Strip,4
bM1jMFJp2T7RvVfVp4GmrQ,CCRgGKhzxSpl38w7yhqKUw,"""Noodles""",The Strip,4
iwkoNii9w7LK2tNQJ6UCug,u-67zd1ImTv3EEr5kIdWrA,"""House of Blues - Music Venue""",The Strip,4
A5A34ixb-yy6nwL42iZsnw,CCRgGKhzxSpl38w7yhqKUw,"""Noodles""",The Strip,3
aoXM1zZrURsOQUgB4can0Q,7fxebHYUwIF6CakxSr70iQ,"""Carnevino""",The Strip,3
W7MbpQ-tMeRoOjo-USG4mw,Cni2l-VKG_pdospJ6xliXQ,"""Burger Bar""",The Strip,3
ZYZNcugF3xUEGyLOVGiZ0Q,7fxebHYUwIF6CakxSr70iQ,"""Carnevino""",The Strip,1
RhAygyCgoFG0yyrtKgYftQ,7fxebHYUwIF6CakxSr70iQ,"""Carnevino""",The Strip,5
VhIvBHXVo5C5o91BNYpBGg,7fxebHYUwIF6CakxSr70iQ,"""Carnevino""",The Strip,2
bfpdkDQfWjWoJRAsbtfATQ,7fxebHYUwIF6CakxSr70iQ,"""Carnevino""",The Strip,4
dDG5bDn_kXTHFGI8G_Oy1Q,u-67zd1ImTv3EEr5kIdWrA,"""House of Blues - Music Venue""",The Strip,5
ZtvjGRltONe4N3MePpyWrA,CCRgGKhzxSpl38w7yhqKUw,"""Noodles""",The Strip,4
wzwyPHDR6bwf_iiQuDl0aw,pik4ebdFa0UcUhnNkivFcg,"""Carmine's Italian Restaurant - Las Vegas""",The Strip,4
F8UXRG5R_TgSNJmKKQMTSA,Cni2l-VKG_pdospJ6xliXQ,"""Burger Bar""",The Strip,3
LniV8mGWGuWLoJ96dhNVIw,pKk7jCFIm96qDdk0laVT2w,"""StripSteak""",The Strip,2
MtqWPtqiJ3ppjK5nshHDTg,Cni2l-VKG_pdospJ6xliXQ,"""Burger Bar""",The Strip,2
z4IFMXSW5TSm62QcrWWPOA,pKk7jCFIm96qDdk0laVT2w,"""StripSteak""",The Strip,2
UNweIyUVO3Ln9SDPsCAXlA,Cni2l-VKG_pdospJ6xliXQ,"""Burger Bar""",The Strip,4
H3pzsr9HAQRd-CDaReqeCQ,pik4ebdFa0UcUhnNkivFcg,"""Carmine's Italian Restaurant - Las Vegas""",The Strip,3
1nPzUVMJB1DzqELcdSp8JQ,CCRgGKhzxSpl38w7yhqKUw,"""Noodles""",The Strip,2
MAX_ePS2p6NxbQCImiy61w,CCRgGKhzxSpl38w7yhqKUw,"""Noodles""",The Strip,4
8dlc0fCxSJ_eyjrp4hNvFQ,pKk7jCFIm96qDdk0laVT2w,"""StripSteak""",The Strip,5
HV7007l9ukPV3aurssx7HA,pik4ebdFa0UcUhnNkivFcg,"""Carmine's Italian Restaurant - Las Vegas""",The Strip,5
Rcho9aHYGpmXt2Xw_HlAnA,pik4ebdFa0UcUhnNkivFcg,"""Carmine's Italian Restaurant - Las Vegas""",The Strip,3
ASvjSBCYRd4GhOtSIn8Gyw,Cni2l-VKG_pdospJ6xliXQ,"""Burger Bar""",The Strip,3
nMufnLSs_wV_hl_PgNd_Og,pik4ebdFa0UcUhnNkivFcg,"""Carmine's Italian Restaurant - Las Vegas""",The Strip,4
sDFQazfIy2uWvjrIjtlfLw,7fxebHYUwIF6CakxSr70iQ,"""Carnevino""",The Strip,2
PfiuoQYjjO7ilxFdcVjkZw,pKk7jCFIm96qDdk0laVT2w,"""StripSteak""",The Strip,2
H8IXdnDLHTuMkkWFs7IlkA,Cni2l-VKG_pdospJ6xliXQ,"""Burger Bar""",The Strip,4
yrWJ4YZWvFj_NDOvTRaAqA,Cni2l-VKG_pdospJ6xliXQ,"""Burger Bar""",The Strip,5
ZsUSGU1-L1ImomLZjXxxTg,pKk7jCFIm96qDdk0laVT2w,"""StripSteak""",The Strip,4
3PCkK9EZgOts4pjilUGBog,pKk7jCFIm96qDdk0laVT2w,"""StripSteak""",The Strip,5
l7aahr48cdeAwmOuaP0kRA,Cni2l-VKG_pdospJ6xliXQ,"""Burger Bar""",The Strip,5
jfh3se_mh6EWCCHVm4UQ4g,7fxebHYUwIF6CakxSr70iQ,"""Carnevino""",The Strip,5
Gp6v3AEA1m7X5PbRMwp-4A,Cni2l-VKG_pdospJ6xliXQ,"""Burger Bar""",The Strip,5
fMBA_z1hwURKp9uArgSmKA,CCRgGKhzxSpl38w7yhqKUw,"""Noodles""",The Strip,4
fMBA_z1hwURKp9uArgSmKA,7fxebHYUwIF6CakxSr70iQ,"""Carnevino""",The Strip,5
I_TKoYeuRo1kEAH_gyYy3A,u-67zd1ImTv3EEr5kIdWrA,"""House of Blues - Music Venue""",The Strip,5
H7fr4A3OlKtDr-sNn8BIlw,Cni2l-VKG_pdospJ6xliXQ,"""Burger Bar""",The Strip,2
JZU-QFW00LtMV2a7KB66AQ,CCRgGKhzxSpl38w7yhqKUw,"""Noodles""",The Strip,2
kMLLHLIvUBXyPusIA6I1tQ,pKk7jCFIm96qDdk0laVT2w,"""StripSteak""",The Strip,5
qzDCMkf0vpk51UapdPoHPg,CCRgGKhzxSpl38w7yhqKUw,"""Noodles""",The Strip,5
YQPDBJKKFFseQybsvo2rog,7fxebHYUwIF6CakxSr70iQ,"""Carnevino""",The Strip,5
tqHhoqynxD0r4TlqEIeuBg,Cni2l-VKG_pdospJ6xliXQ,"""Burger Bar""",The Strip,5
gm20Rasn38z5xdnd7_iM4g,7fxebHYUwIF6CakxSr70iQ,"""Carnevino""",The Strip,5
iAevEfcmtCr2cpd6IRqnTA,pKk7jCFIm96qDdk0laVT2w,"""StripSteak""",The Strip,2
0WNotYbRNV86a6RReMSbYg,pKk7jCFIm96qDdk0laVT2w,"""StripSteak""",The Strip,4
hK6yIxs_JAE-l2swKVf-Kg,Cni2l-VKG_pdospJ6xliXQ,"""Burger Bar""",The Strip,4
7gNtYzygF7dB8e7k1mWdjA,7fxebHYUwIF6CakxSr70iQ,"""Carnevino""",The Strip,5
EgVRQ7gy5E3aqbbVZCUbjg,pKk7jCFIm96qDdk0laVT2w,"""StripSteak""",The Strip,2
1tK2D5TiBDcs7C3tdf3VCQ,pik4ebdFa0UcUhnNkivFcg,"""Carmine's Italian Restaurant - Las Vegas""",The Strip,5
o2vnpU5Vccm7RU6WVTRNMA,7fxebHYUwIF6CakxSr70iQ,"""Carnevino""",The Strip,1
sRVGjJaShaddfKK7Y1bhMw,u-67zd1ImTv3EEr5kIdWrA,"""House of Blues - Music Venue""",The Strip,4
jAazHTXIY8MtCUWEMNbPJg,u-67zd1ImTv3EEr5kIdWrA,"""House of Blues - Music Venue""",The Strip,3
NrjwCClWTyir2H_nCpQ0Hg,Cni2l-VKG_pdospJ6xliXQ,"""Burger Bar""",The Strip,4
Ed20T0T3jkAqVBBiyXju6A,pKk7jCFIm96qDdk0laVT2w,"""StripSteak""",The Strip,3
onuETJPQ0sH3P7a91X8GYA,CCRgGKhzxSpl38w7yhqKUw,"""Noodles""",The Strip,2
9bUGCyc8qcNRngAmUd9GZg,pKk7jCFIm96qDdk0laVT2w,"""StripSteak""",The Strip,5
XXKjsdglgwSs9kWtK6ZWUQ,pKk7jCFIm96qDdk0laVT2w,"""StripSteak""",The Strip,4
XXKjsdglgwSs9kWtK6ZWUQ,Cni2l-VKG_pdospJ6xliXQ,"""Burger Bar""",The Strip,3
XXKjsdglgwSs9kWtK6ZWUQ,u-67zd1ImTv3EEr5kIdWrA,"""House of Blues - Music Venue""",The Strip,4
hO-b9gGfyIpO-Bz_t-rYHw,CCRgGKhzxSpl38w7yhqKUw,"""Noodles""",The Strip,2
0asDKDLh4dvXn2tlDn0zoQ,Cni2l-VKG_pdospJ6xliXQ,"""Burger Bar""",The Strip,4
daypXbxq0FgrlBKbMdA8Eg,Cni2l-VKG_pdospJ6xliXQ,"""Burger Bar""",The Strip,1
KdQq5g7AjZyCrB2gzwHsmQ,7fxebHYUwIF6CakxSr70iQ,"""Carnevino""",The Strip,5
kWj6AdUtkvbzhdsqRifwLQ,Cni2l-VKG_pdospJ6xliXQ,"""Burger Bar""",The Strip,3
nxWrhF_hyX0wwjrEkQX8uQ,Cni2l-VKG_pdospJ6xliXQ,"""Burger Bar""",The Strip,4
pjr-R_WtdLk_29YESW3VGA,Cni2l-VKG_pdospJ6xliXQ,"""Burger Bar""",The Strip,4
QZfIu7C8zQzW6S8lKLdQ6Q,u-67zd1ImTv3EEr5kIdWrA,"""House of Blues - Music Venue""",The Strip,5
j1k3t8-U-KdtoMqbKGCWtA,CCRgGKhzxSpl38w7yhqKUw,"""Noodles""",The Strip,4
xFJ5Ja8y40CdMa1sfC4-gg,7fxebHYUwIF6CakxSr70iQ,"""Carnevino""",The Strip,2
xFJ5Ja8y40CdMa1sfC4-gg,Cni2l-VKG_pdospJ6xliXQ,"""Burger Bar""",The Strip,3
Sdai6ywiZCa7q46ghuoVYQ,u-67zd1ImTv3EEr5kIdWrA,"""House of Blues - Music Venue""",The Strip,4
n71AoH7458_Eeg6AfeNiAQ,pKk7jCFIm96qDdk0laVT2w,"""StripSteak""",The Strip,5
7_owGcZPxiTJmgbxLKk3iQ,7fxebHYUwIF6CakxSr70iQ,"""Carnevino""",The Strip,1
_z7VFgGA7hJQ_KUaq0ERzA,pik4ebdFa0UcUhnNkivFcg,"""Carmine's Italian Restaurant - Las Vegas""",The Strip,5
dvP7SLfEKtHHb98bbb54Mw,Cni2l-VKG_pdospJ6xliXQ,"""Burger Bar""",The Strip,4
yqpxem5FbvSNzq2mB_bCgw,Cni2l-VKG_pdospJ6xliXQ,"""Burger Bar""",The Strip,3
OFxEHOl6EluGHiD9UfEicA,u-67zd1ImTv3EEr5kIdWrA,"""House of Blues - Music Venue""",The Strip,1
_zY7-LJE3YZQ958Wf6Wxgg,7fxebHYUwIF6CakxSr70iQ,"""Carnevino""",The Strip,3
dV4RJbS5AARppHnAFAHUTA,Cni2l-VKG_pdospJ6xliXQ,"""Burger Bar""",The Strip,5
sGucD4iCPSuf6AIx5lKEYA,Cni2l-VKG_pdospJ6xliXQ,"""Burger Bar""",The Strip,5
43mw4n9eZA5o8_hiwZIulQ,pKk7jCFIm96qDdk0laVT2w,"""StripSteak""",The Strip,5
oknzpMgHOnbijayveG-PKQ,7fxebHYUwIF6CakxSr70iQ,"""Carnevino""",The Strip,3
x38o5eGQ8p6kCQhBn_kEiA,Cni2l-VKG_pdospJ6xliXQ,"""Burger Bar""",The Strip,3
DHmiFFdK9hD04hItaZOc-Q,Cni2l-VKG_pdospJ6xliXQ,"""Burger Bar""",The Strip,1
b0Y-HvP4LUFbU4uiEQqXWQ,pKk7jCFIm96qDdk0laVT2w,"""StripSteak""",The Strip,5
tvXrLwvsEwFtTqs6ZHwNtQ,Cni2l-VKG_pdospJ6xliXQ,"""Burger Bar""",The Strip,4
ziHyiTqT38Mt-7w8Z6kCgw,7fxebHYUwIF6CakxSr70iQ,"""Carnevino""",The Strip,3
IeBrw3WWUze1QG-puV6kaQ,7fxebHYUwIF6CakxSr70iQ,"""Carnevino""",The Strip,5
J2PX0ubuImg0YL10IHuW5Q,pKk7jCFIm96qDdk0laVT2w,"""StripSteak""",The Strip,5
t2oIkZgOm25UXHqp_ztbxw,CCRgGKhzxSpl38w7yhqKUw,"""Noodles""",The Strip,5
ZEehKLNz-d8ZFECjNIf0Kg,pKk7jCFIm96qDdk0laVT2w,"""StripSteak""",The Strip,1
sloM9x3d_sDCXQJKDANSuw,Cni2l-VKG_pdospJ6xliXQ,"""Burger Bar""",The Strip,3
03ep9jK4DEF6EppN47GZUw,u-67zd1ImTv3EEr5kIdWrA,"""House of Blues - Music Venue""",The Strip,2
O3eLhBJtr-L1ZCTnxjeIlg,pKk7jCFIm96qDdk0laVT2w,"""StripSteak""",The Strip,5
T73Lidd3gxrDC8jAd2KPuw,pKk7jCFIm96qDdk0laVT2w,"""StripSteak""",The Strip,4
K77xYzDz5esnR08dZi7tMQ,7fxebHYUwIF6CakxSr70iQ,"""Carnevino""",The Strip,5
1tYz8LOMJBzC9NkodQ6LwA,Cni2l-VKG_pdospJ6xliXQ,"""Burger Bar""",The Strip,5
HHxkcUhkbDc7Gaw8PK70lA,Cni2l-VKG_pdospJ6xliXQ,"""Burger Bar""",The Strip,3
RzZqmlMQ9OPYXlfnY67yUg,CCRgGKhzxSpl38w7yhqKUw,"""Noodles""",The Strip,1
DpHL8SRuoOJN0H9wvPp0FA,7fxebHYUwIF6CakxSr70iQ,"""Carnevino""",The Strip,1
xSt--5JG6QqTEOwXJj_pRw,u-67zd1ImTv3EEr5kIdWrA,"""House of Blues - Music Venue""",The Strip,4
IJGQALx4pMF_kk5c3x8hqQ,Cni2l-VKG_pdospJ6xliXQ,"""Burger Bar""",The Strip,4
mENhuaK5eOLJqJ-gp_HLCw,pik4ebdFa0UcUhnNkivFcg,"""Carmine's Italian Restaurant - Las Vegas""",The Strip,5
8hKTEoW20CBB1_U4UZDSYA,pKk7jCFIm96qDdk0laVT2w,"""StripSteak""",The Strip,4
EdA46XWRQn7Zroys_UCUZQ,7fxebHYUwIF6CakxSr70iQ,"""Carnevino""",The Strip,4
bRShQuDjeUcbr8Q7cik3xw,Cni2l-VKG_pdospJ6xliXQ,"""Burger Bar""",The Strip,5
btTZQOevayLr3clUrlLNwQ,pKk7jCFIm96qDdk0laVT2w,"""StripSteak""",The Strip,2
KZayuqdJvpVY__66n_R_pg,pKk7jCFIm96qDdk0laVT2w,"""StripSteak""",The Strip,5
Fha0xyEosRWIbMZYLApuZg,Cni2l-VKG_pdospJ6xliXQ,"""Burger Bar""",The Strip,5
o-4hjni4X_Y0gghlFhFUUg,7fxebHYUwIF6CakxSr70iQ,"""Carnevino""",The Strip,1
s8xONflRE-QHYTkzhz1jkw,CCRgGKhzxSpl38w7yhqKUw,"""Noodles""",The Strip,1
V_xamev4Alzqjqh63JesGA,Cni2l-VKG_pdospJ6xliXQ,"""Burger Bar""",The Strip,5
haS31C1AkmLz8vsWi3sgyA,pik4ebdFa0UcUhnNkivFcg,"""Carmine's Italian Restaurant - Las Vegas""",The Strip,2
_oEWe8fnyAif0sBYrju-Lw,7fxebHYUwIF6CakxSr70iQ,"""Carnevino""",The Strip,4
1mI_WcnyKUfTX10XNey_AA,7fxebHYUwIF6CakxSr70iQ,"""Carnevino""",The Strip,4
aWtij20vVUm0uglJViiCxQ,Cni2l-VKG_pdospJ6xliXQ,"""Burger Bar""",The Strip,4
QnzsEyjDgsOKR2DW3tXI1g,pik4ebdFa0UcUhnNkivFcg,"""Carmine's Italian Restaurant - Las Vegas""",The Strip,1
CsOAZNAD-jMG3P0TpSEepw,CCRgGKhzxSpl38w7yhqKUw,"""Noodles""",The Strip,4
24SDHbBnqK4qHRHUuNPBww,CCRgGKhzxSpl38w7yhqKUw,"""Noodles""",The Strip,4
eyyq2aQQ8OuaAP-jljQi0w,pik4ebdFa0UcUhnNkivFcg,"""Carmine's Italian Restaurant - Las Vegas""",The Strip,4
A0X58rJGk1y1EMv3H0AfwA,u-67zd1ImTv3EEr5kIdWrA,"""House of Blues - Music Venue""",The Strip,4
4MzTss4Hn2sVvwb317xxpw,pik4ebdFa0UcUhnNkivFcg,"""Carmine's Italian Restaurant - Las Vegas""",The Strip,3
zMLbjqeTqp83g0uIAk0SWg,7fxebHYUwIF6CakxSr70iQ,"""Carnevino""",The Strip,3
zqh5e_5HnwkT8jrNvowpew,CCRgGKhzxSpl38w7yhqKUw,"""Noodles""",The Strip,1
RGfkr5KznIbSiblOcCpQOw,Cni2l-VKG_pdospJ6xliXQ,"""Burger Bar""",The Strip,5
YQPDBJKKFFseQybsvo2rog,u-67zd1ImTv3EEr5kIdWrA,"""House of Blues - Music Venue""",The Strip,5
-fUARDNuXAfrOn4WLSZLgA,Cni2l-VKG_pdospJ6xliXQ,"""Burger Bar""",The Strip,4
i6VQzFbilLBSXszeaRyAdw,pKk7jCFIm96qDdk0laVT2w,"""StripSteak""",The Strip,4
k6nbh-AlRHdM59PtPoqMww,7fxebHYUwIF6CakxSr70iQ,"""Carnevino""",The Strip,3
C9WHeAxjoR9Nxo7l-Y-F0g,Cni2l-VKG_pdospJ6xliXQ,"""Burger Bar""",The Strip,4
BQkC6RneYfvfG6wRe0hsvQ,Cni2l-VKG_pdospJ6xliXQ,"""Burger Bar""",The Strip,5
R10-G-YwrdnBtfHtjmqRCA,7fxebHYUwIF6CakxSr70iQ,"""Carnevino""",The Strip,2
Jaf5dxzcGqcE2A2l5KEXug,Cni2l-VKG_pdospJ6xliXQ,"""Burger Bar""",The Strip,5
GhwLN1SS70qTbd9ePwEVbw,Cni2l-VKG_pdospJ6xliXQ,"""Burger Bar""",The Strip,4
9vePKCiNw0s14ARILK5Epg,Cni2l-VKG_pdospJ6xliXQ,"""Burger Bar""",The Strip,1
hdYxDpZe_3RuSTGxGE7MfQ,Cni2l-VKG_pdospJ6xliXQ,"""Burger Bar""",The Strip,4
dOG418RGpFotuTJYWXmpdw,CCRgGKhzxSpl38w7yhqKUw,"""Noodles""",The Strip,3
uQzsjRUug0pL2PD82Vnh9g,pKk7jCFIm96qDdk0laVT2w,"""StripSteak""",The Strip,1
AefaF4-vF5l2EB_-9i4wow,CCRgGKhzxSpl38w7yhqKUw,"""Noodles""",The Strip,3
Woeb5TpYIcixTsX-uDel-Q,7fxebHYUwIF6CakxSr70iQ,"""Carnevino""",The Strip,2
PnCWqxfc83fOIleneUGYVw,pik4ebdFa0UcUhnNkivFcg,"""Carmine's Italian Restaurant - Las Vegas""",The Strip,4
sxap4xXzRxGghi71ybm1_g,u-67zd1ImTv3EEr5kIdWrA,"""House of Blues - Music Venue""",The Strip,4
H24qVlNmwtkTNe7KiBne6A,CCRgGKhzxSpl38w7yhqKUw,"""Noodles""",The Strip,4
UKUDY_H7JXBAogn4eEIK_A,pKk7jCFIm96qDdk0laVT2w,"""StripSteak""",The Strip,3
zEI-tGKqs-D5kt11SfsdqA,pKk7jCFIm96qDdk0laVT2w,"""StripSteak""",The Strip,5
XYSpQKZQ5uS-O33frWxuwQ,CCRgGKhzxSpl38w7yhqKUw,"""Noodles""",The Strip,1
xRpAEg0M0azAPuKVg7WtgA,CCRgGKhzxSpl38w7yhqKUw,"""Noodles""",The Strip,3
xkmwzqyy4ZSMsEIejwq41w,pKk7jCFIm96qDdk0laVT2w,"""StripSteak""",The Strip,5
jVNkikyg0NLlhMDVCk4RAg,7fxebHYUwIF6CakxSr70iQ,"""Carnevino""",The Strip,5
L0hIDvoJUMNHSK_vEWGiFA,u-67zd1ImTv3EEr5kIdWrA,"""House of Blues - Music Venue""",The Strip,4
p2U3s3Sgb2TatdMMIMjqcA,Cni2l-VKG_pdospJ6xliXQ,"""Burger Bar""",The Strip,5
SQQecEMq-SNiuJaOs-1Yyw,Cni2l-VKG_pdospJ6xliXQ,"""Burger Bar""",The Strip,2
JQ_Xrl-x6vpQZJEaauj7PQ,CCRgGKhzxSpl38w7yhqKUw,"""Noodles""",The Strip,5
KK_YYrQjA5e9MY_fWzI0kw,7fxebHYUwIF6CakxSr70iQ,"""Carnevino""",The Strip,5
03iMNggjXP2tOkfih15ccA,7fxebHYUwIF6CakxSr70iQ,"""Carnevino""",The Strip,5
tjxJEC3SDYcZfBEHdlk2CA,Cni2l-VKG_pdospJ6xliXQ,"""Burger Bar""",The Strip,4
cXm30xu7pA2HVOViVV2kEA,CCRgGKhzxSpl38w7yhqKUw,"""Noodles""",The Strip,4
pDvDLpD7CiMlIebsDPCRSQ,7fxebHYUwIF6CakxSr70iQ,"""Carnevino""",The Strip,5
qJZCiO3qSOygLLxzX8l1wg,7fxebHYUwIF6CakxSr70iQ,"""Carnevino""",The Strip,5
Xbvmzmcyr55rKUZ2wyAEAw,CCRgGKhzxSpl38w7yhqKUw,"""Noodles""",The Strip,1
6a99GJsYmmnBY5Oxn1fVyw,Cni2l-VKG_pdospJ6xliXQ,"""Burger Bar""",The Strip,2
lCAHAkZY-HyusdyBlUSWxA,pik4ebdFa0UcUhnNkivFcg,"""Carmine's Italian Restaurant - Las Vegas""",The Strip,4
o5R_ih-TpP1l8rsL4j7PHQ,Cni2l-VKG_pdospJ6xliXQ,"""Burger Bar""",The Strip,2
3M2B8tUWbxqbpZ9K2lNSXg,Cni2l-VKG_pdospJ6xliXQ,"""Burger Bar""",The Strip,5
eraT0KYJRwWTe4m4SzMBOQ,Cni2l-VKG_pdospJ6xliXQ,"""Burger Bar""",The Strip,1
ObivphnYqqAG3CJ9QKRn2w,pik4ebdFa0UcUhnNkivFcg,"""Carmine's Italian Restaurant - Las Vegas""",The Strip,1
EjHYFg4MIauGd3nChZAulw,Cni2l-VKG_pdospJ6xliXQ,"""Burger Bar""",The Strip,2
BnUeFgqVz2MYZV5ja0oXhA,Cni2l-VKG_pdospJ6xliXQ,"""Burger Bar""",The Strip,4
639k45PO77ZgBq8QWRsdyA,Cni2l-VKG_pdospJ6xliXQ,"""Burger Bar""",The Strip,4
0uFOd4G3bATeyp5AsDBvzw,pik4ebdFa0UcUhnNkivFcg,"""Carmine's Italian Restaurant - Las Vegas""",The Strip,5
hxV7lmsEYMmz6Ufyctj4Hw,7fxebHYUwIF6CakxSr70iQ,"""Carnevino""",The Strip,5
Zwc9cXpUToFu8z1wkEi6RA,Cni2l-VKG_pdospJ6xliXQ,"""Burger Bar""",The Strip,3
O8Mwq9miQe0w5QwTQna00g,pKk7jCFIm96qDdk0laVT2w,"""StripSteak""",The Strip,5
O8Mwq9miQe0w5QwTQna00g,Cni2l-VKG_pdospJ6xliXQ,"""Burger Bar""",The Strip,4
rwlJ6DAyP_YNc180cuea5Q,pKk7jCFIm96qDdk0laVT2w,"""StripSteak""",The Strip,4
IPVna7jTm1pdjwWjytxazg,u-67zd1ImTv3EEr5kIdWrA,"""House of Blues - Music Venue""",The Strip,2
czxeJd1yb8aFTBltrBYSMw,pKk7jCFIm96qDdk0laVT2w,"""StripSteak""",The Strip,5
_Ud2sCb9hXFaKudsvz5mpw,pKk7jCFIm96qDdk0laVT2w,"""StripSteak""",The Strip,4
eHtvxIiga_BgddCqLgyV0g,CCRgGKhzxSpl38w7yhqKUw,"""Noodles""",The Strip,4
XzOKIq1tBpA9lRkBzxvl0Q,Cni2l-VKG_pdospJ6xliXQ,"""Burger Bar""",The Strip,4
i8f4xCY6YCXhziG-6JEJlg,pKk7jCFIm96qDdk0laVT2w,"""StripSteak""",The Strip,2
zlPcFOog2-TF47-y7E7yFA,Cni2l-VKG_pdospJ6xliXQ,"""Burger Bar""",The Strip,4
9dSw2lHZzF1M2DkwDrNhcQ,pik4ebdFa0UcUhnNkivFcg,"""Carmine's Italian Restaurant - Las Vegas""",The Strip,5
72o0oNcGFudlHXY-uo4Giw,u-67zd1ImTv3EEr5kIdWrA,"""House of Blues - Music Venue""",The Strip,1
_KPZ0fgNBQB0uhs__6vLcg,pik4ebdFa0UcUhnNkivFcg,"""Carmine's Italian Restaurant - Las Vegas""",The Strip,5
Mho2GibREwsPesKEyQbt8w,Cni2l-VKG_pdospJ6xliXQ,"""Burger Bar""",The Strip,4
H8vHbEHR8HihO2mWVM2iwA,CCRgGKhzxSpl38w7yhqKUw,"""Noodles""",The Strip,4
N_EvQj_AaQFyt12UaDd9mA,CCRgGKhzxSpl38w7yhqKUw,"""Noodles""",The Strip,5
qnd1NDzHGKNYCoFL2g9G7w,u-67zd1ImTv3EEr5kIdWrA,"""House of Blues - Music Venue""",The Strip,5
qnd1NDzHGKNYCoFL2g9G7w,Cni2l-VKG_pdospJ6xliXQ,"""Burger Bar""",The Strip,5
5gbkhlWANGVzQYi_0m3vOQ,7fxebHYUwIF6CakxSr70iQ,"""Carnevino""",The Strip,5
TuoqT1x5SY6RvJ4LLGCKmQ,Cni2l-VKG_pdospJ6xliXQ,"""Burger Bar""",The Strip,3
Qo69c9eKwIvoNRXHiwkWTQ,Cni2l-VKG_pdospJ6xliXQ,"""Burger Bar""",The Strip,5
GjVAyY5axHFdHLnRNgC3PQ,Cni2l-VKG_pdospJ6xliXQ,"""Burger Bar""",The Strip,5
GjVAyY5axHFdHLnRNgC3PQ,pKk7jCFIm96qDdk0laVT2w,"""StripSteak""",The Strip,5
8qsmYLq50FrvChuNrJbLEw,pKk7jCFIm96qDdk0laVT2w,"""StripSteak""",The Strip,5
H5YWcDCEOc6deiikRW_xww,pKk7jCFIm96qDdk0laVT2w,"""StripSteak""",The Strip,5
UBO-sxYHJE0B-Q7GIO3lBA,Cni2l-VKG_pdospJ6xliXQ,"""Burger Bar""",The Strip,4
Kzjit5KMVoR2S04S47Ulhg,Cni2l-VKG_pdospJ6xliXQ,"""Burger Bar""",The Strip,3
uiRHKk-dwVgRNJmDGIERHA,CCRgGKhzxSpl38w7yhqKUw,"""Noodles""",The Strip,5
GOJxcojcS17xc-inAb7isw,Cni2l-VKG_pdospJ6xliXQ,"""Burger Bar""",The Strip,2
YLzLBDeKgTyFObkzVmQk7w,Cni2l-VKG_pdospJ6xliXQ,"""Burger Bar""",The Strip,4
JmaJshuKmBzMtON1Db3k5g,pik4ebdFa0UcUhnNkivFcg,"""Carmine's Italian Restaurant - Las Vegas""",The Strip,5
WDJcJw_5A_8Um5W7pP4eKQ,Cni2l-VKG_pdospJ6xliXQ,"""Burger Bar""",The Strip,2
JQHCbxbjrJsLSyxqHVvXvQ,7fxebHYUwIF6CakxSr70iQ,"""Carnevino""",The Strip,1
Ajxo_jYrugrE2lWf9AiNMA,pKk7jCFIm96qDdk0laVT2w,"""StripSteak""",The Strip,4
Ajxo_jYrugrE2lWf9AiNMA,Cni2l-VKG_pdospJ6xliXQ,"""Burger Bar""",The Strip,4
_wZ0-ypZv6AkMrunfBmBdA,pKk7jCFIm96qDdk0laVT2w,"""StripSteak""",The Strip,2
PYRMmB4cYARrH5H90T4fWA,pik4ebdFa0UcUhnNkivFcg,"""Carmine's Italian Restaurant - Las Vegas""",The Strip,5
aD-rsDe2S0e7jTkYD6ULaQ,Cni2l-VKG_pdospJ6xliXQ,"""Burger Bar""",The Strip,5
FVXLwworadK1v77iaNVQ3A,CCRgGKhzxSpl38w7yhqKUw,"""Noodles""",The Strip,3
_MePD6_FTwdV8zChBNPAIQ,pik4ebdFa0UcUhnNkivFcg,"""Carmine's Italian Restaurant - Las Vegas""",The Strip,5
vyCzfPd-pmce5nNwykyKOw,pik4ebdFa0UcUhnNkivFcg,"""Carmine's Italian Restaurant - Las Vegas""",The Strip,4
WUPdJywM_8RUuqRaCV0ucQ,pik4ebdFa0UcUhnNkivFcg,"""Carmine's Italian Restaurant - Las Vegas""",The Strip,5
MDCEe1nWUlgsymC2AbVTmA,Cni2l-VKG_pdospJ6xliXQ,"""Burger Bar""",The Strip,4
ss_Vle2x9Tm722QtzuR92Q,Cni2l-VKG_pdospJ6xliXQ,"""Burger Bar""",The Strip,3
uDXM15Zv1cOvvhiirIe71w,7fxebHYUwIF6CakxSr70iQ,"""Carnevino""",The Strip,2
ffarmP6gowdXoTxQARKU7A,7fxebHYUwIF6CakxSr70iQ,"""Carnevino""",The Strip,5
ffarmP6gowdXoTxQARKU7A,pKk7jCFIm96qDdk0laVT2w,"""StripSteak""",The Strip,5
ffarmP6gowdXoTxQARKU7A,Cni2l-VKG_pdospJ6xliXQ,"""Burger Bar""",The Strip,4
sYhgwLEKtZZoaBGR37Hkjg,CCRgGKhzxSpl38w7yhqKUw,"""Noodles""",The Strip,4
8hDxGfC9upb_Vdxx4Z4kEA,Cni2l-VKG_pdospJ6xliXQ,"""Burger Bar""",The Strip,4
6NYDXzkyYW3O2zYjzPRMsg,pik4ebdFa0UcUhnNkivFcg,"""Carmine's Italian Restaurant - Las Vegas""",The Strip,3
D2S07YM0ZB0vaEGbBfQfOQ,Cni2l-VKG_pdospJ6xliXQ,"""Burger Bar""",The Strip,4
v8iVra1-x35whr3__A8LVQ,u-67zd1ImTv3EEr5kIdWrA,"""House of Blues - Music Venue""",The Strip,4
rTP72SMH4nDStFYmbFbnag,pKk7jCFIm96qDdk0laVT2w,"""StripSteak""",The Strip,2
Jndb3IoOrN-xj1QFxvKAcA,Cni2l-VKG_pdospJ6xliXQ,"""Burger Bar""",The Strip,5
Dj77pkw_EZJvR-F4RIf_BQ,pKk7jCFIm96qDdk0laVT2w,"""StripSteak""",The Strip,5
rLrmPfagr7Py0gwvIaqEyQ,CCRgGKhzxSpl38w7yhqKUw,"""Noodles""",The Strip,1
Rj0FwcSHy2hr2eKnybQMkg,Cni2l-VKG_pdospJ6xliXQ,"""Burger Bar""",The Strip,3
AFwdbeSX0CLsu_15shQxiw,Cni2l-VKG_pdospJ6xliXQ,"""Burger Bar""",The Strip,4
iAyk9yQ8wYlVXz08n8-ZrA,u-67zd1ImTv3EEr5kIdWrA,"""House of Blues - Music Venue""",The Strip,5
wUnFHMs9kWIPzm7uEnRAKQ,Cni2l-VKG_pdospJ6xliXQ,"""Burger Bar""",The Strip,4
QA918vK9T3tDZIhQsoxXBw,7fxebHYUwIF6CakxSr70iQ,"""Carnevino""",The Strip,5
XMgSvrWrkuVRua-M2XPRqg,u-67zd1ImTv3EEr5kIdWrA,"""House of Blues - Music Venue""",The Strip,4
nBDVESRgWFUDSKD0qVDtcA,CCRgGKhzxSpl38w7yhqKUw,"""Noodles""",The Strip,4
nBDVESRgWFUDSKD0qVDtcA,pKk7jCFIm96qDdk0laVT2w,"""StripSteak""",The Strip,2
6NcqlcFsXL29F81ioxKvMw,Cni2l-VKG_pdospJ6xliXQ,"""Burger Bar""",The Strip,5
hUsUdFXo68fII0zGHy_YTw,pik4ebdFa0UcUhnNkivFcg,"""Carmine's Italian Restaurant - Las Vegas""",The Strip,5
ov9G-Mn1XGFp6m8sFEmEng,u-67zd1ImTv3EEr5kIdWrA,"""House of Blues - Music Venue""",The Strip,2
HXWvlxAe4LaPUREXOP5pgw,CCRgGKhzxSpl38w7yhqKUw,"""Noodles""",The Strip,5
mAOr1QbxU2_CHYfBaKZRGA,pKk7jCFIm96qDdk0laVT2w,"""StripSteak""",The Strip,4
0tJNWu6aICRiUcHEczHQpw,Cni2l-VKG_pdospJ6xliXQ,"""Burger Bar""",The Strip,3
zU9_B8fdyFIRJvXfoFaUgw,Cni2l-VKG_pdospJ6xliXQ,"""Burger Bar""",The Strip,4
w_aSpcXhoJkgSnsrakNGUg,pKk7jCFIm96qDdk0laVT2w,"""StripSteak""",The Strip,5
jDHwgYwesXuOzlYhp37-Qg,7fxebHYUwIF6CakxSr70iQ,"""Carnevino""",The Strip,5
3_ZXnwgmEMJx2ZRwp_nl6w,CCRgGKhzxSpl38w7yhqKUw,"""Noodles""",The Strip,2
PLOYtrCMUFPHQe2IbYAd5g,Cni2l-VKG_pdospJ6xliXQ,"""Burger Bar""",The Strip,4
Oy458M7-vY3uOmiQois8Vg,CCRgGKhzxSpl38w7yhqKUw,"""Noodles""",The Strip,2
G6IXbbnVp91Zq_0yP58O_Q,CCRgGKhzxSpl38w7yhqKUw,"""Noodles""",The Strip,1
2I7UkXG5y1OBVaRH_V7W8A,7fxebHYUwIF6CakxSr70iQ,"""Carnevino""",The Strip,5
-IXvYa3uAcr68TeI0RzfWA,pKk7jCFIm96qDdk0laVT2w,"""StripSteak""",The Strip,5
KMzaubj0dgKpCbl3Ca2nVA,pKk7jCFIm96qDdk0laVT2w,"""StripSteak""",The Strip,5
NcHZCJT6Y8gygy-wbhxd2Q,Cni2l-VKG_pdospJ6xliXQ,"""Burger Bar""",The Strip,4
JJ3Wge3W_4O5Sk89d_pblA,pik4ebdFa0UcUhnNkivFcg,"""Carmine's Italian Restaurant - Las Vegas""",The Strip,1
GawyLibaMGt3PCsv-hI5sA,CCRgGKhzxSpl38w7yhqKUw,"""Noodles""",The Strip,5
x66qdqZggvv2VANGTNQeaA,7fxebHYUwIF6CakxSr70iQ,"""Carnevino""",The Strip,4
uDgy4OGBVKef-_DLYceolQ,7fxebHYUwIF6CakxSr70iQ,"""Carnevino""",The Strip,3
PzMNui30lx1LJdYK_gT_pg,Cni2l-VKG_pdospJ6xliXQ,"""Burger Bar""",The Strip,2
EnkN58MPWLAydD1Q8d1LZQ,7fxebHYUwIF6CakxSr70iQ,"""Carnevino""",The Strip,4
42vQwk1xnjDks1w9iYq0pQ,Cni2l-VKG_pdospJ6xliXQ,"""Burger Bar""",The Strip,4
-7KPv1yEgsWHfUZASPysGg,7fxebHYUwIF6CakxSr70iQ,"""Carnevino""",The Strip,1
WJQooLOknbbGaVRkGMRC5w,Cni2l-VKG_pdospJ6xliXQ,"""Burger Bar""",The Strip,5
4LbWbATVK-ybc8vGMOMNhA,Cni2l-VKG_pdospJ6xliXQ,"""Burger Bar""",The Strip,5
9zJ3okFLCpHVspc8g0sWlw,CCRgGKhzxSpl38w7yhqKUw,"""Noodles""",The Strip,1
_AyT8ScFrTtzqAOL43lKVw,CCRgGKhzxSpl38w7yhqKUw,"""Noodles""",The Strip,1
gADzVWGY41IxvU2O8VvK3g,Cni2l-VKG_pdospJ6xliXQ,"""Burger Bar""",The Strip,3
4OoAnxSD3Ws9Xej5kv2irQ,CCRgGKhzxSpl38w7yhqKUw,"""Noodles""",The Strip,5
PFmtMg388BFrtYpIW1Yk-A,u-67zd1ImTv3EEr5kIdWrA,"""House of Blues - Music Venue""",The Strip,1
N5K71cZ1LTWxyHXgQldtkg,7fxebHYUwIF6CakxSr70iQ,"""Carnevino""",The Strip,1
AFCSE7BT3FGle35em1WWVw,Cni2l-VKG_pdospJ6xliXQ,"""Burger Bar""",The Strip,5
xvtBlzl5ZPgrGiWLA97bGQ,Cni2l-VKG_pdospJ6xliXQ,"""Burger Bar""",The Strip,5
2J5wxMjU9d68JvxToUpmUA,pKk7jCFIm96qDdk0laVT2w,"""StripSteak""",The Strip,5
2J5wxMjU9d68JvxToUpmUA,u-67zd1ImTv3EEr5kIdWrA,"""House of Blues - Music Venue""",The Strip,4
LWMQYXqOgSEPNcDsbchhzw,Cni2l-VKG_pdospJ6xliXQ,"""Burger Bar""",The Strip,5
zF23qImi81IDT7gV36yMEg,u-67zd1ImTv3EEr5kIdWrA,"""House of Blues - Music Venue""",The Strip,1
laVOpLhIakUB5Ru-Da2xHA,CCRgGKhzxSpl38w7yhqKUw,"""Noodles""",The Strip,5
icl8trgFuiUJcHIhdllpnw,Cni2l-VKG_pdospJ6xliXQ,"""Burger Bar""",The Strip,4
jAgWE4uTXxUDfBg2vk8Z_g,Cni2l-VKG_pdospJ6xliXQ,"""Burger Bar""",The Strip,2
Kc5nSAY6purAgd9GzT306Q,7fxebHYUwIF6CakxSr70iQ,"""Carnevino""",The Strip,1
7zl4sjeQAvE8GkUzgfQ2mA,pik4ebdFa0UcUhnNkivFcg,"""Carmine's Italian Restaurant - Las Vegas""",The Strip,3
A5hvsQgsDSXwgKAy8zh6dg,u-67zd1ImTv3EEr5kIdWrA,"""House of Blues - Music Venue""",The Strip,3
GvnUmEy3yl-DRXE_v8xiDA,pik4ebdFa0UcUhnNkivFcg,"""Carmine's Italian Restaurant - Las Vegas""",The Strip,2
VSRtEK_c84oJygZ0OX0Oqg,Cni2l-VKG_pdospJ6xliXQ,"""Burger Bar""",The Strip,4
YQaUZUHkgfmPE7VLvAlAcw,pik4ebdFa0UcUhnNkivFcg,"""Carmine's Italian Restaurant - Las Vegas""",The Strip,4
kTOmXwcdV-rcZH5Q4nU6wg,Cni2l-VKG_pdospJ6xliXQ,"""Burger Bar""",The Strip,4
u4oImeBssfXVdq9QSjD7Pw,pik4ebdFa0UcUhnNkivFcg,"""Carmine's Italian Restaurant - Las Vegas""",The Strip,4
pLhOSYMV-d2H8lWI74msEg,CCRgGKhzxSpl38w7yhqKUw,"""Noodles""",The Strip,5
GcgnwdfrU7oP46eJAxStXQ,Cni2l-VKG_pdospJ6xliXQ,"""Burger Bar""",The Strip,5
EiqqHxEJMFkyBVfEMy2HyA,pik4ebdFa0UcUhnNkivFcg,"""Carmine's Italian Restaurant - Las Vegas""",The Strip,4
mbTcIT0DO6RHN3NQOBqzfQ,pik4ebdFa0UcUhnNkivFcg,"""Carmine's Italian Restaurant - Las Vegas""",The Strip,4
I0Tu0KP7uoSDDtFCg8sDUw,CCRgGKhzxSpl38w7yhqKUw,"""Noodles""",The Strip,2
Ovzxb1n5FzpCSaGM7j0wdA,CCRgGKhzxSpl38w7yhqKUw,"""Noodles""",The Strip,2
40uz-D4oMh9j_qzqRHemmg,pik4ebdFa0UcUhnNkivFcg,"""Carmine's Italian Restaurant - Las Vegas""",The Strip,5
nUgneBH3fWjt2kMAHvNIww,Cni2l-VKG_pdospJ6xliXQ,"""Burger Bar""",The Strip,3
c0yaLO1FxneU9eKlXAxRhA,Cni2l-VKG_pdospJ6xliXQ,"""Burger Bar""",The Strip,5
P3adlfsGSEpijivP_TgiUg,7fxebHYUwIF6CakxSr70iQ,"""Carnevino""",The Strip,1
qNxgUE0_Pd2qTqyI99PlGg,7fxebHYUwIF6CakxSr70iQ,"""Carnevino""",The Strip,2
FVkLfQhvng1NNRW4V6YHGA,Cni2l-VKG_pdospJ6xliXQ,"""Burger Bar""",The Strip,5
Z4Uf55A9eH8sK1i9IaZHSA,7fxebHYUwIF6CakxSr70iQ,"""Carnevino""",The Strip,2
rB828GH_p4jVOu7y-aXdIQ,Cni2l-VKG_pdospJ6xliXQ,"""Burger Bar""",The Strip,3
oRHGt7nWnH82FI6yQX_IAA,CCRgGKhzxSpl38w7yhqKUw,"""Noodles""",The Strip,2
K1eMK0qdfqjzVpqwN8dDJA,Cni2l-VKG_pdospJ6xliXQ,"""Burger Bar""",The Strip,5
tFyMN6_SJzXPQYVxzoKI-A,7fxebHYUwIF6CakxSr70iQ,"""Carnevino""",The Strip,4
Uv23I-RXqcaNVQIUy8baZA,Cni2l-VKG_pdospJ6xliXQ,"""Burger Bar""",The Strip,4
v-5T2LpnGrZ4RWsUbBEi4A,7fxebHYUwIF6CakxSr70iQ,"""Carnevino""",The Strip,5
5WIJnQFfP0zbKJd4BYXVGQ,pik4ebdFa0UcUhnNkivFcg,"""Carmine's Italian Restaurant - Las Vegas""",The Strip,4
me4YZvCEwGGE3mSj01OSQg,Cni2l-VKG_pdospJ6xliXQ,"""Burger Bar""",The Strip,5
l617rkPsrAj9igaSqXK7pg,Cni2l-VKG_pdospJ6xliXQ,"""Burger Bar""",The Strip,5
yN2NhM_yEKffWGBecZyWyg,7fxebHYUwIF6CakxSr70iQ,"""Carnevino""",The Strip,5
PtC6fFUF8CdhX3ziYkVfyw,pik4ebdFa0UcUhnNkivFcg,"""Carmine's Italian Restaurant - Las Vegas""",The Strip,3
ujsAVLhGfFSSCnIVMwvDAQ,Cni2l-VKG_pdospJ6xliXQ,"""Burger Bar""",The Strip,5
VRrIbj3XVpI7Io0lZu8Y4g,Cni2l-VKG_pdospJ6xliXQ,"""Burger Bar""",The Strip,5
QmZNSTS3WF484zNhoUt3BQ,CCRgGKhzxSpl38w7yhqKUw,"""Noodles""",The Strip,4
RZeh4l-poj4Hj_AwWjP6eQ,u-67zd1ImTv3EEr5kIdWrA,"""House of Blues - Music Venue""",The Strip,5
jHAb-JpIMxwIdfzr9SEcyA,CCRgGKhzxSpl38w7yhqKUw,"""Noodles""",The Strip,4
euV4L9n53gkn-CPAIHLcsA,Cni2l-VKG_pdospJ6xliXQ,"""Burger Bar""",The Strip,4
RgGUS_QG4TmRA0I7EZi7EQ,Cni2l-VKG_pdospJ6xliXQ,"""Burger Bar""",The Strip,3
oNuIY49Cy70FnZldjIp1qQ,Cni2l-VKG_pdospJ6xliXQ,"""Burger Bar""",The Strip,4
O7nAPk2WN6xaU91XC4TitA,Cni2l-VKG_pdospJ6xliXQ,"""Burger Bar""",The Strip,5
YkVBp_UVxzEwSEgwDv-kEQ,Cni2l-VKG_pdospJ6xliXQ,"""Burger Bar""",The Strip,4
n_a826hPtfMFnucaVwnqIg,Cni2l-VKG_pdospJ6xliXQ,"""Burger Bar""",The Strip,3
pNIRmBILAo2peuu1Rlf7sQ,u-67zd1ImTv3EEr5kIdWrA,"""House of Blues - Music Venue""",The Strip,4
g7TmcrueujzklyALmDoTHw,Cni2l-VKG_pdospJ6xliXQ,"""Burger Bar""",The Strip,5
36Vr9BASkR2v9NKNoZtiSA,Cni2l-VKG_pdospJ6xliXQ,"""Burger Bar""",The Strip,4
sjH_ZrQkjzgmj5mmx7TAPw,pKk7jCFIm96qDdk0laVT2w,"""StripSteak""",The Strip,3
KFZISl5mOUJ6bu3qCUrO-g,pKk7jCFIm96qDdk0laVT2w,"""StripSteak""",The Strip,2
AhtrCtx93r9DW13RdE_XAw,Cni2l-VKG_pdospJ6xliXQ,"""Burger Bar""",The Strip,4
hlKVpLveslJScskLl_BPTA,Cni2l-VKG_pdospJ6xliXQ,"""Burger Bar""",The Strip,4
IJtJjXBUdhyGltnXy6sinA,pik4ebdFa0UcUhnNkivFcg,"""Carmine's Italian Restaurant - Las Vegas""",The Strip,2
LVHJA0O0Z3RKdV8NGCi8SQ,pKk7jCFIm96qDdk0laVT2w,"""StripSteak""",The Strip,1
L1O2LUMsRSqc0ska6m1Spw,u-67zd1ImTv3EEr5kIdWrA,"""House of Blues - Music Venue""",The Strip,3
psICeRVYkR2mVTjcFlN7XA,7fxebHYUwIF6CakxSr70iQ,"""Carnevino""",The Strip,5
8YUo5Jx-ZCB_hHuGTmo35g,CCRgGKhzxSpl38w7yhqKUw,"""Noodles""",The Strip,1
VTMoL4UWFlJqJo5-Cl1AgQ,CCRgGKhzxSpl38w7yhqKUw,"""Noodles""",The Strip,4
VTMoL4UWFlJqJo5-Cl1AgQ,7fxebHYUwIF6CakxSr70iQ,"""Carnevino""",The Strip,1
uqjxQw_09k47YtdWEeUQlg,Cni2l-VKG_pdospJ6xliXQ,"""Burger Bar""",The Strip,4
-2gpwOUp5doCGLfkrNUMzg,pKk7jCFIm96qDdk0laVT2w,"""StripSteak""",The Strip,5
St-BJl91Y8k1MUborKBRhA,pKk7jCFIm96qDdk0laVT2w,"""StripSteak""",The Strip,5
qHUztAEEUarC7B5S_d5Mrg,pKk7jCFIm96qDdk0laVT2w,"""StripSteak""",The Strip,2
_twH8rIs3Ng5B_4v2JDMtQ,pKk7jCFIm96qDdk0laVT2w,"""StripSteak""",The Strip,5
pp0uAt3J4posxkqZQeYWHQ,Cni2l-VKG_pdospJ6xliXQ,"""Burger Bar""",The Strip,5
1m15lN81c1yyNxV6Hi3fjQ,CCRgGKhzxSpl38w7yhqKUw,"""Noodles""",The Strip,4
mYLmGmkjE54hjUDqQtRrVw,pKk7jCFIm96qDdk0laVT2w,"""StripSteak""",The Strip,5
fT79fTNTOazeeevN7lNsMQ,7fxebHYUwIF6CakxSr70iQ,"""Carnevino""",The Strip,5
pkLDvfG6fhCizGsmvMO4wA,u-67zd1ImTv3EEr5kIdWrA,"""House of Blues - Music Venue""",The Strip,1
rWtwr-cvf8rlkX6G56JOkw,Cni2l-VKG_pdospJ6xliXQ,"""Burger Bar""",The Strip,1
XjyTxD6wAINeTsclXB6LeQ,Cni2l-VKG_pdospJ6xliXQ,"""Burger Bar""",The Strip,3
WNr3V_MB0VMzSPQjh_AR_Q,CCRgGKhzxSpl38w7yhqKUw,"""Noodles""",The Strip,3
W6qT7tDDsxgS1hqF14DBIA,Cni2l-VKG_pdospJ6xliXQ,"""Burger Bar""",The Strip,5
fSdaIMTUzX8u6noPUhZvBA,pik4ebdFa0UcUhnNkivFcg,"""Carmine's Italian Restaurant - Las Vegas""",The Strip,5
7xwy1Uh11JCzv0G8Nu5vXA,pKk7jCFIm96qDdk0laVT2w,"""StripSteak""",The Strip,2
3sxLvQ0YzAHT3HLWEXfbTQ,Cni2l-VKG_pdospJ6xliXQ,"""Burger Bar""",The Strip,4
-EYISDuTbmzIGlykQjS8Wg,7fxebHYUwIF6CakxSr70iQ,"""Carnevino""",The Strip,3
84YSebnUvLxb12e415hn9w,7fxebHYUwIF6CakxSr70iQ,"""Carnevino""",The Strip,3
y94FS7iXvZp9QISUc0F__Q,Cni2l-VKG_pdospJ6xliXQ,"""Burger Bar""",The Strip,4
avXvMybPionb-Kt_MX5Grg,Cni2l-VKG_pdospJ6xliXQ,"""Burger Bar""",The Strip,4
PtQ3fvSz4gRC7pfMkrIi9Q,Cni2l-VKG_pdospJ6xliXQ,"""Burger Bar""",The Strip,5
Hpw85I3f7qdCQ-itvBc9-A,pik4ebdFa0UcUhnNkivFcg,"""Carmine's Italian Restaurant - Las Vegas""",The Strip,5
A5A34ixb-yy6nwL42iZsnw,Cni2l-VKG_pdospJ6xliXQ,"""Burger Bar""",The Strip,4
clnbp6Twcr_snmRCUBkhvQ,Cni2l-VKG_pdospJ6xliXQ,"""Burger Bar""",The Strip,4
Fk77Cl2Oc5fBh_NdXv1o1w,7fxebHYUwIF6CakxSr70iQ,"""Carnevino""",The Strip,5
hRzmJCPmV1_ggM5jSxq2bA,u-67zd1ImTv3EEr5kIdWrA,"""House of Blues - Music Venue""",The Strip,4
3yUtI1_GSFAtpm74sLQOjg,pik4ebdFa0UcUhnNkivFcg,"""Carmine's Italian Restaurant - Las Vegas""",The Strip,5
ytVf6Ar_QwqFiL08plIfOQ,7fxebHYUwIF6CakxSr70iQ,"""Carnevino""",The Strip,4
NzIBKVnHptr5BBxXa0B3_g,CCRgGKhzxSpl38w7yhqKUw,"""Noodles""",The Strip,3
zDScN3qCY44cjmiCaVmFmg,CCRgGKhzxSpl38w7yhqKUw,"""Noodles""",The Strip,2
jipgimnSNp3qdK2dKUQvBg,pKk7jCFIm96qDdk0laVT2w,"""StripSteak""",The Strip,3
g_4zySOI_HisK5rG_2dw6Q,u-67zd1ImTv3EEr5kIdWrA,"""House of Blues - Music Venue""",The Strip,5
wZZVvGVOn3GcBhKbAUAnkQ,Cni2l-VKG_pdospJ6xliXQ,"""Burger Bar""",The Strip,5
dOFyIGbyfB69VB4pnoKqQA,u-67zd1ImTv3EEr5kIdWrA,"""House of Blues - Music Venue""",The Strip,3
oxTjawE5b_E8pumy5IxkHA,CCRgGKhzxSpl38w7yhqKUw,"""Noodles""",The Strip,2
H1xg5I1F8qIzVGr2Yu0qQA,pik4ebdFa0UcUhnNkivFcg,"""Carmine's Italian Restaurant - Las Vegas""",The Strip,2
1aQbY9bWcV5DvRqGnnk0Dw,Cni2l-VKG_pdospJ6xliXQ,"""Burger Bar""",The Strip,3
vwzC3HhUB2lsssoIY8acTg,7fxebHYUwIF6CakxSr70iQ,"""Carnevino""",The Strip,5
D3RdHxFnKt71MOtupM7eWg,CCRgGKhzxSpl38w7yhqKUw,"""Noodles""",The Strip,1
tU7OJ0GIoWtS25tcy84LxQ,Cni2l-VKG_pdospJ6xliXQ,"""Burger Bar""",The Strip,3
4Gv94E0y7Fs-UZ_cP9LXpg,Cni2l-VKG_pdospJ6xliXQ,"""Burger Bar""",The Strip,5
k5brrlI9JJqbbclaUl8hQA,Cni2l-VKG_pdospJ6xliXQ,"""Burger Bar""",The Strip,4
Agg7GINOU_i2-ak1X0K04w,7fxebHYUwIF6CakxSr70iQ,"""Carnevino""",The Strip,1
RxhhGRyinyMbuBXAQrmf_g,Cni2l-VKG_pdospJ6xliXQ,"""Burger Bar""",The Strip,4
-VOylYXNq7sG6As966yTxA,Cni2l-VKG_pdospJ6xliXQ,"""Burger Bar""",The Strip,4
u-KqJs1MDCT5eqbmgnEvRQ,CCRgGKhzxSpl38w7yhqKUw,"""Noodles""",The Strip,1
LYqweFmnkZ155q4sZBIzkw,CCRgGKhzxSpl38w7yhqKUw,"""Noodles""",The Strip,4
9c2aZ7RtqUE6vrXbbpYFtg,Cni2l-VKG_pdospJ6xliXQ,"""Burger Bar""",The Strip,4
1hJVutieYDBwGx8INWv3IA,u-67zd1ImTv3EEr5kIdWrA,"""House of Blues - Music Venue""",The Strip,4
pShHuNIX-5OCwbvq1Tiyzg,Cni2l-VKG_pdospJ6xliXQ,"""Burger Bar""",The Strip,3
3ajYEDNvhbmk8AHVObIDhA,Cni2l-VKG_pdospJ6xliXQ,"""Burger Bar""",The Strip,1
PXCMOkJIWIP_seF55l3FPg,CCRgGKhzxSpl38w7yhqKUw,"""Noodles""",The Strip,1
-bbww33Qi0590UxOwTmBMg,Cni2l-VKG_pdospJ6xliXQ,"""Burger Bar""",The Strip,5
QFjcBJ59jVsnjkMn7VSQdQ,7fxebHYUwIF6CakxSr70iQ,"""Carnevino""",The Strip,2
t7b1lU39lHosuU9_U4jeuQ,Cni2l-VKG_pdospJ6xliXQ,"""Burger Bar""",The Strip,5
RRsbPGYyKJ3zqMMkzcHZaQ,7fxebHYUwIF6CakxSr70iQ,"""Carnevino""",The Strip,3
UQm8Cib9mvQpxHE07sAhFA,7fxebHYUwIF6CakxSr70iQ,"""Carnevino""",The Strip,5
UQm8Cib9mvQpxHE07sAhFA,pKk7jCFIm96qDdk0laVT2w,"""StripSteak""",The Strip,5
tVZ4TWEs8N9kNeD81V1_PQ,u-67zd1ImTv3EEr5kIdWrA,"""House of Blues - Music Venue""",The Strip,3
huRyf3_wY1Yb52LZZi4g_Q,7fxebHYUwIF6CakxSr70iQ,"""Carnevino""",The Strip,5
PkwMEIxCoAmi_Qq9onr9Qw,Cni2l-VKG_pdospJ6xliXQ,"""Burger Bar""",The Strip,4
3K5uHNYNn01wBJ4IXcPVpw,Cni2l-VKG_pdospJ6xliXQ,"""Burger Bar""",The Strip,3
tcRgbLZkOL3gClNynlbPUA,u-67zd1ImTv3EEr5kIdWrA,"""House of Blues - Music Venue""",The Strip,3
NjNJ1JLnMlOfnDI6Oz6Qew,pik4ebdFa0UcUhnNkivFcg,"""Carmine's Italian Restaurant - Las Vegas""",The Strip,4
bJQgJdeqvE7njsTZomhaoQ,Cni2l-VKG_pdospJ6xliXQ,"""Burger Bar""",The Strip,4
zjdNmQTjA6IXQaJZUYYwHg,Cni2l-VKG_pdospJ6xliXQ,"""Burger Bar""",The Strip,4
Qa8C4r5nRaqcDH4LPAKZMw,pKk7jCFIm96qDdk0laVT2w,"""StripSteak""",The Strip,3
PY-Y5GV83cmAgAVAhWvOWg,Cni2l-VKG_pdospJ6xliXQ,"""Burger Bar""",The Strip,5
DJCqSNso48BK_LuUPcLjYQ,pik4ebdFa0UcUhnNkivFcg,"""Carmine's Italian Restaurant - Las Vegas""",The Strip,5
Yv8rlv6F_1a_IZ6wp7vA_Q,Cni2l-VKG_pdospJ6xliXQ,"""Burger Bar""",The Strip,4
r2PsG-EqKTE2s0Zl0TS2KQ,7fxebHYUwIF6CakxSr70iQ,"""Carnevino""",The Strip,4
VMCYQFBhNCaJX44LK1jHUg,pik4ebdFa0UcUhnNkivFcg,"""Carmine's Italian Restaurant - Las Vegas""",The Strip,5
NV7Iqq3yQEN1_WWt5qDsCQ,CCRgGKhzxSpl38w7yhqKUw,"""Noodles""",The Strip,2
z66b8mc8oErx2TCM8EQXsQ,7fxebHYUwIF6CakxSr70iQ,"""Carnevino""",The Strip,3
4PTzHYi0vakNehZkSE0rSQ,7fxebHYUwIF6CakxSr70iQ,"""Carnevino""",The Strip,5
yi_4YTVS6XL7s5atKPbmpA,pKk7jCFIm96qDdk0laVT2w,"""StripSteak""",The Strip,1
TAefRtTU7GFSepIVTUoUlA,pik4ebdFa0UcUhnNkivFcg,"""Carmine's Italian Restaurant - Las Vegas""",The Strip,5
a0AxvficFOemDMiaV2oYRg,u-67zd1ImTv3EEr5kIdWrA,"""House of Blues - Music Venue""",The Strip,3
lR5Y3-hYraEMVCVjrpU5Og,pKk7jCFIm96qDdk0laVT2w,"""StripSteak""",The Strip,5
eqGElbnmcjxAFOaCCmq4tw,u-67zd1ImTv3EEr5kIdWrA,"""House of Blues - Music Venue""",The Strip,4
GbHckhaFyxErPGKAP0PJQw,pKk7jCFIm96qDdk0laVT2w,"""StripSteak""",The Strip,4
c9SNM-pcpGKkLuhxGmL9pg,pKk7jCFIm96qDdk0laVT2w,"""StripSteak""",The Strip,3
bLJIo69bG7osEyXxCPSewA,Cni2l-VKG_pdospJ6xliXQ,"""Burger Bar""",The Strip,5
KFZISl5mOUJ6bu3qCUrO-g,Cni2l-VKG_pdospJ6xliXQ,"""Burger Bar""",The Strip,4
WEn-a3_Pl3GV2ZOReirizg,7fxebHYUwIF6CakxSr70iQ,"""Carnevino""",The Strip,5
YvAOzprdaK573mU5fqHMTg,pKk7jCFIm96qDdk0laVT2w,"""StripSteak""",The Strip,4
o0TZ2hroc7DK6CM73ll-1g,pKk7jCFIm96qDdk0laVT2w,"""StripSteak""",The Strip,5
o0TZ2hroc7DK6CM73ll-1g,Cni2l-VKG_pdospJ6xliXQ,"""Burger Bar""",The Strip,1
FGf3uGb2me5P75o204OjvA,u-67zd1ImTv3EEr5kIdWrA,"""House of Blues - Music Venue""",The Strip,4
s3M9vUXbmzCGmSbW-HlzIQ,u-67zd1ImTv3EEr5kIdWrA,"""House of Blues - Music Venue""",The Strip,5
rNOZTLPQG5FRSgph3SBYfw,Cni2l-VKG_pdospJ6xliXQ,"""Burger Bar""",The Strip,2
pmLN-OB3RXZ1eGmp90yqVw,u-67zd1ImTv3EEr5kIdWrA,"""House of Blues - Music Venue""",The Strip,3
wPIem9h8B9AaegDH17iICQ,7fxebHYUwIF6CakxSr70iQ,"""Carnevino""",The Strip,4
NjNJ1JLnMlOfnDI6Oz6Qew,Cni2l-VKG_pdospJ6xliXQ,"""Burger Bar""",The Strip,2
7CZCFggH15IxPzQ8OhxNEg,CCRgGKhzxSpl38w7yhqKUw,"""Noodles""",The Strip,3
-X8saOIinN36j-Z5_s767Q,Cni2l-VKG_pdospJ6xliXQ,"""Burger Bar""",The Strip,2
6SbF2gdIHPsChqYIfd-IVw,Cni2l-VKG_pdospJ6xliXQ,"""Burger Bar""",The Strip,3
UEYhPOknSoRLgX3EcOWX7w,Cni2l-VKG_pdospJ6xliXQ,"""Burger Bar""",The Strip,3
sEpOSEvfLgatlavQKYE7GA,pKk7jCFIm96qDdk0laVT2w,"""StripSteak""",The Strip,5
GKSIqig0-hsGNm7G4SJYAA,Cni2l-VKG_pdospJ6xliXQ,"""Burger Bar""",The Strip,2
pcqg5qFIqu5aKs2Mnj-WOA,Cni2l-VKG_pdospJ6xliXQ,"""Burger Bar""",The Strip,4
HVK7tJP0XDwxALp1lI7Uxg,Cni2l-VKG_pdospJ6xliXQ,"""Burger Bar""",The Strip,5
jhIBvqAtCiKubPIyHvTHXw,CCRgGKhzxSpl38w7yhqKUw,"""Noodles""",The Strip,1
hPCanQMW8QvhRN6gOowxDQ,u-67zd1ImTv3EEr5kIdWrA,"""House of Blues - Music Venue""",The Strip,2
hoPpnb4WDsh_CI5L2O-elw,pik4ebdFa0UcUhnNkivFcg,"""Carmine's Italian Restaurant - Las Vegas""",The Strip,5
lq5U2dsppfXh4PQLAxDyIA,CCRgGKhzxSpl38w7yhqKUw,"""Noodles""",The Strip,4
42fKdiHSAtOjOrgOoKZPjA,7fxebHYUwIF6CakxSr70iQ,"""Carnevino""",The Strip,4
ow3-uJqR76NmZFwCFSK-IA,pKk7jCFIm96qDdk0laVT2w,"""StripSteak""",The Strip,5
ks-1ijnq79J6RXzBM91coA,pik4ebdFa0UcUhnNkivFcg,"""Carmine's Italian Restaurant - Las Vegas""",The Strip,5
0dvOY67WjLH804_sGCYUaw,pik4ebdFa0UcUhnNkivFcg,"""Carmine's Italian Restaurant - Las Vegas""",The Strip,2
A4GXu4tNHwcHb1vrd9nW0g,Cni2l-VKG_pdospJ6xliXQ,"""Burger Bar""",The Strip,4
XUcYHVRXxPVNXDkwZAsXqQ,pik4ebdFa0UcUhnNkivFcg,"""Carmine's Italian Restaurant - Las Vegas""",The Strip,2
HCwp1_7F9Mq8wJWQaZEouA,Cni2l-VKG_pdospJ6xliXQ,"""Burger Bar""",The Strip,4
Rfdo6o1qnmtJnsUgB5qxHA,CCRgGKhzxSpl38w7yhqKUw,"""Noodles""",The Strip,4
7tpZVkiYuMbDP4-NufK2Iw,Cni2l-VKG_pdospJ6xliXQ,"""Burger Bar""",The Strip,5
eYGamhONULMN-YWKQgz_dg,Cni2l-VKG_pdospJ6xliXQ,"""Burger Bar""",The Strip,2
E2WgdYUY6XYtcbd5_h_6LQ,7fxebHYUwIF6CakxSr70iQ,"""Carnevino""",The Strip,5
ZGT9H35Edi4y8rHYSqSKfg,pKk7jCFIm96qDdk0laVT2w,"""StripSteak""",The Strip,4
p_ZZQJoqNPTGPMop82uKBw,CCRgGKhzxSpl38w7yhqKUw,"""Noodles""",The Strip,4
CN9gycFrtln8Kp8QWDKSqQ,CCRgGKhzxSpl38w7yhqKUw,"""Noodles""",The Strip,2
qY5KnX4UlqvjCvlUoz_Arg,Cni2l-VKG_pdospJ6xliXQ,"""Burger Bar""",The Strip,4
hxXy147XYpa8lnjHNF_AGA,pik4ebdFa0UcUhnNkivFcg,"""Carmine's Italian Restaurant - Las Vegas""",The Strip,4
R3oWTstO477XKyttbno1Vg,CCRgGKhzxSpl38w7yhqKUw,"""Noodles""",The Strip,5
iYefY4IwXjVUT5yWeX1sIA,Cni2l-VKG_pdospJ6xliXQ,"""Burger Bar""",The Strip,1
ZHvSvEU7l-MZbdetbvDmfQ,pKk7jCFIm96qDdk0laVT2w,"""StripSteak""",The Strip,3
GKjc3V-tqUKxN0UTyChLIQ,7fxebHYUwIF6CakxSr70iQ,"""Carnevino""",The Strip,2
dwQLuhy6Njuqn99w-xhnAg,Cni2l-VKG_pdospJ6xliXQ,"""Burger Bar""",The Strip,3
G9oZsOundyx2qsS_eto6Bw,7fxebHYUwIF6CakxSr70iQ,"""Carnevino""",The Strip,5
NL5oAG0ZJ_XgJI0LTRAzew,pKk7jCFIm96qDdk0laVT2w,"""StripSteak""",The Strip,4
cqjDIblHJ9TjmBW9BfRtTg,Cni2l-VKG_pdospJ6xliXQ,"""Burger Bar""",The Strip,4
4jvY7cNTj83XXwiiLcVQCQ,pik4ebdFa0UcUhnNkivFcg,"""Carmine's Italian Restaurant - Las Vegas""",The Strip,3
Z88N6qly3Dp5C06XbZ9IMQ,CCRgGKhzxSpl38w7yhqKUw,"""Noodles""",The Strip,4
I4eTqRHq93iElqq4f5istw,CCRgGKhzxSpl38w7yhqKUw,"""Noodles""",The Strip,4
I4eTqRHq93iElqq4f5istw,7fxebHYUwIF6CakxSr70iQ,"""Carnevino""",The Strip,1
X1JrerD819IiZ1tY-TEPZQ,Cni2l-VKG_pdospJ6xliXQ,"""Burger Bar""",The Strip,5
D0QpP5soQ6ZG5Zo4k2N-EA,Cni2l-VKG_pdospJ6xliXQ,"""Burger Bar""",The Strip,4
0xNIPLIIkG9YIYER30LWFw,pKk7jCFIm96qDdk0laVT2w,"""StripSteak""",The Strip,4
nktk7iwqewqCUgceqZBgkg,7fxebHYUwIF6CakxSr70iQ,"""Carnevino""",The Strip,1
YaaahmQO7F_G9r6mYM3ccQ,CCRgGKhzxSpl38w7yhqKUw,"""Noodles""",The Strip,4
rt9ALqlDaYKVcnV62aWPzg,Cni2l-VKG_pdospJ6xliXQ,"""Burger Bar""",The Strip,4
SRyezHQYEo_3xrHbYHFBEQ,Cni2l-VKG_pdospJ6xliXQ,"""Burger Bar""",The Strip,4
269xm9srXaOj400cVO2CoA,CCRgGKhzxSpl38w7yhqKUw,"""Noodles""",The Strip,1
AIfBNzCdizvgib_j9vhl8A,CCRgGKhzxSpl38w7yhqKUw,"""Noodles""",The Strip,3
JADdo9NEeO5Az9aOYbyvZA,CCRgGKhzxSpl38w7yhqKUw,"""Noodles""",The Strip,4
GYVvLuBVf1JKzaZqPyDh3Q,CCRgGKhzxSpl38w7yhqKUw,"""Noodles""",The Strip,5
IcjU-oSVh92meuTZiy8_7w,7fxebHYUwIF6CakxSr70iQ,"""Carnevino""",The Strip,2
k-Zc4BdapIwJ2yIrOID8EA,7fxebHYUwIF6CakxSr70iQ,"""Carnevino""",The Strip,5
G10fcUsnR5j1ptvYW8oqjg,Cni2l-VKG_pdospJ6xliXQ,"""Burger Bar""",The Strip,5
j7Ew20Kh33lFEaUXW1rGNw,Cni2l-VKG_pdospJ6xliXQ,"""Burger Bar""",The Strip,4
eZZyuJDouIg4p-GYB3PV_A,u-67zd1ImTv3EEr5kIdWrA,"""House of Blues - Music Venue""",The Strip,4
eZZyuJDouIg4p-GYB3PV_A,Cni2l-VKG_pdospJ6xliXQ,"""Burger Bar""",The Strip,5
KZ3QWIlxsXPwdtmmfBvSkQ,CCRgGKhzxSpl38w7yhqKUw,"""Noodles""",The Strip,4
KZ3QWIlxsXPwdtmmfBvSkQ,Cni2l-VKG_pdospJ6xliXQ,"""Burger Bar""",The Strip,4
KZ3QWIlxsXPwdtmmfBvSkQ,u-67zd1ImTv3EEr5kIdWrA,"""House of Blues - Music Venue""",The Strip,2
GR4suJBNGvmbAQq4OWXiNQ,Cni2l-VKG_pdospJ6xliXQ,"""Burger Bar""",The Strip,4
CEoMgtYwcskmU6VOeDAwVw,7fxebHYUwIF6CakxSr70iQ,"""Carnevino""",The Strip,5
nRBBOPtoAH74joaAdZaHCA,Cni2l-VKG_pdospJ6xliXQ,"""Burger Bar""",The Strip,5
txWU0_djd5BHVlcYrMAekw,pKk7jCFIm96qDdk0laVT2w,"""StripSteak""",The Strip,5
nsZquYOxe6b_6x8MOKC-lA,pKk7jCFIm96qDdk0laVT2w,"""StripSteak""",The Strip,3
LUYQ2dFJTFr6kuIpd3Ho9A,Cni2l-VKG_pdospJ6xliXQ,"""Burger Bar""",The Strip,2
7UIIjRannWelCUSaEQWNPw,pKk7jCFIm96qDdk0laVT2w,"""StripSteak""",The Strip,4
7UIIjRannWelCUSaEQWNPw,7fxebHYUwIF6CakxSr70iQ,"""Carnevino""",The Strip,5
JADdo9NEeO5Az9aOYbyvZA,7fxebHYUwIF6CakxSr70iQ,"""Carnevino""",The Strip,5
JADdo9NEeO5Az9aOYbyvZA,pKk7jCFIm96qDdk0laVT2w,"""StripSteak""",The Strip,5
j30EgFmz_aia6lY2iKI-gg,Cni2l-VKG_pdospJ6xliXQ,"""Burger Bar""",The Strip,5
01efc3Kas-N_pRDXnNogcQ,Cni2l-VKG_pdospJ6xliXQ,"""Burger Bar""",The Strip,5
d_TBs6J3twMy9GChqUEXkg,Cni2l-VKG_pdospJ6xliXQ,"""Burger Bar""",The Strip,3
yy3JBjwbbh3KMvaN3DL7Bw,Cni2l-VKG_pdospJ6xliXQ,"""Burger Bar""",The Strip,5
zT-5xnkEwhyCmWi2lUorrg,Cni2l-VKG_pdospJ6xliXQ,"""Burger Bar""",The Strip,4
t4jtuBI2inWRB8el4StuGQ,pKk7jCFIm96qDdk0laVT2w,"""StripSteak""",The Strip,1
3uquYjON4DtSp6iAEtFhvQ,7fxebHYUwIF6CakxSr70iQ,"""Carnevino""",The Strip,2
_5cskuF6D4V9ipUFO6PQKQ,pik4ebdFa0UcUhnNkivFcg,"""Carmine's Italian Restaurant - Las Vegas""",The Strip,4
088SkMN7Hjn2vK2MEUfc3Q,Cni2l-VKG_pdospJ6xliXQ,"""Burger Bar""",The Strip,3
FWmqs6tgPuzKdrrweKBIrA,pKk7jCFIm96qDdk0laVT2w,"""StripSteak""",The Strip,4
dIWD89dHoC_rmnjNw5m3eQ,CCRgGKhzxSpl38w7yhqKUw,"""Noodles""",The Strip,5
7SFUWbb33dOR8lmO51h3dg,pKk7jCFIm96qDdk0laVT2w,"""StripSteak""",The Strip,5
u_yLAhdSEFJG3mPcd9MsLQ,Cni2l-VKG_pdospJ6xliXQ,"""Burger Bar""",The Strip,5
-IrubD2dfyl0CoQ_Y334yA,CCRgGKhzxSpl38w7yhqKUw,"""Noodles""",The Strip,5
0uYGSEQDyD_EUwWMOlNWmw,7fxebHYUwIF6CakxSr70iQ,"""Carnevino""",The Strip,1
9U30DANobkrn3Zlu6T9p6Q,pKk7jCFIm96qDdk0laVT2w,"""StripSteak""",The Strip,4
e9UPHIeBJ54Z4kaaGSW7yQ,u-67zd1ImTv3EEr5kIdWrA,"""House of Blues - Music Venue""",The Strip,5
e9UPHIeBJ54Z4kaaGSW7yQ,Cni2l-VKG_pdospJ6xliXQ,"""Burger Bar""",The Strip,5
RTv1pYLIOjfautTEvvxdlQ,Cni2l-VKG_pdospJ6xliXQ,"""Burger Bar""",The Strip,4
EbJarLW_Lu7GkpQHvTp8qQ,pKk7jCFIm96qDdk0laVT2w,"""StripSteak""",The Strip,5
zl_-zhvO1SrTywpQ0pDphg,CCRgGKhzxSpl38w7yhqKUw,"""Noodles""",The Strip,3
cBIkLz-J_qyKAtFCZy9dUw,Cni2l-VKG_pdospJ6xliXQ,"""Burger Bar""",The Strip,5
sfopdViM5iWt3UHeJENCrQ,7fxebHYUwIF6CakxSr70iQ,"""Carnevino""",The Strip,4
ABIU44l-g4Ipa8lzMGp7JQ,pik4ebdFa0UcUhnNkivFcg,"""Carmine's Italian Restaurant - Las Vegas""",The Strip,4
3nDUQBjKyVor5wV0reJChg,Cni2l-VKG_pdospJ6xliXQ,"""Burger Bar""",The Strip,4
2E2LAo_ZAvo7FE18VDAJCQ,Cni2l-VKG_pdospJ6xliXQ,"""Burger Bar""",The Strip,1
_seDuTbNHvRq9P4cFRmf-A,u-67zd1ImTv3EEr5kIdWrA,"""House of Blues - Music Venue""",The Strip,1
iRuVZPnyeBpPeLBNZNFtjg,pik4ebdFa0UcUhnNkivFcg,"""Carmine's Italian Restaurant - Las Vegas""",The Strip,1
wWa6PPXxPa2l0-SZPFB0mw,7fxebHYUwIF6CakxSr70iQ,"""Carnevino""",The Strip,3
WVxn61AvjNS7aK6BkEGCSA,7fxebHYUwIF6CakxSr70iQ,"""Carnevino""",The Strip,5
5pLk-E25J6ttZkTJdBR0GQ,7fxebHYUwIF6CakxSr70iQ,"""Carnevino""",The Strip,5
YxigBcjxBt34tdkiCeqMaw,u-67zd1ImTv3EEr5kIdWrA,"""House of Blues - Music Venue""",The Strip,3
a6edJQpI-MEg-OUTKDp3HA,u-67zd1ImTv3EEr5kIdWrA,"""House of Blues - Music Venue""",The Strip,3
UgMW8bLE0QMJDCkQ1Ax5Mg,u-67zd1ImTv3EEr5kIdWrA,"""House of Blues - Music Venue""",The Strip,4
fLosRJwrWkrb4MS0ynbalQ,7fxebHYUwIF6CakxSr70iQ,"""Carnevino""",The Strip,3
-Wd_SCRLmBeRH8c-TmJ55A,Cni2l-VKG_pdospJ6xliXQ,"""Burger Bar""",The Strip,3
vWlyWJBeUwsf1oSEeLVDVw,CCRgGKhzxSpl38w7yhqKUw,"""Noodles""",The Strip,5
uGiDcVtcrUX4s3zLJWBENw,pik4ebdFa0UcUhnNkivFcg,"""Carmine's Italian Restaurant - Las Vegas""",The Strip,5
wWKRAe4HmwxH_sG8s5SpOg,u-67zd1ImTv3EEr5kIdWrA,"""House of Blues - Music Venue""",The Strip,5
AQ6AUAyi2WrBtP5gUb1HcA,Cni2l-VKG_pdospJ6xliXQ,"""Burger Bar""",The Strip,5
H0a3yMhPsw19meAFmDNuRA,pik4ebdFa0UcUhnNkivFcg,"""Carmine's Italian Restaurant - Las Vegas""",The Strip,5
nW8ujzozMdCPeEhD-_QRcA,CCRgGKhzxSpl38w7yhqKUw,"""Noodles""",The Strip,3
PYxHpeTz2ZxZNJEBIAJgvg,Cni2l-VKG_pdospJ6xliXQ,"""Burger Bar""",The Strip,3
REtj8oh7W3D5Icdo8WRKWw,Cni2l-VKG_pdospJ6xliXQ,"""Burger Bar""",The Strip,4
Q-1-DCNsF6k-31_xrYzO4w,CCRgGKhzxSpl38w7yhqKUw,"""Noodles""",The Strip,4
s5tu89p6tsTcjNP4HVbN7w,u-67zd1ImTv3EEr5kIdWrA,"""House of Blues - Music Venue""",The Strip,5
7b0IlkHoUqYh0D_LcYXaxw,7fxebHYUwIF6CakxSr70iQ,"""Carnevino""",The Strip,4
_BzYlXWInGT3ouIvIWqYfQ,u-67zd1ImTv3EEr5kIdWrA,"""House of Blues - Music Venue""",The Strip,5
3qRovLbdNAPbrRwL4I7MNA,7fxebHYUwIF6CakxSr70iQ,"""Carnevino""",The Strip,2
3qRovLbdNAPbrRwL4I7MNA,pKk7jCFIm96qDdk0laVT2w,"""StripSteak""",The Strip,5
832YyHP2Vjcteb9009Uw6w,CCRgGKhzxSpl38w7yhqKUw,"""Noodles""",The Strip,2
Gqaz4bnPl3My6TCRpXX_vA,CCRgGKhzxSpl38w7yhqKUw,"""Noodles""",The Strip,2
nvh-pi4yesuDc4WgpYnceA,CCRgGKhzxSpl38w7yhqKUw,"""Noodles""",The Strip,4
uJH9awT4sLxxR_djDIw3JQ,Cni2l-VKG_pdospJ6xliXQ,"""Burger Bar""",The Strip,1
kWFYy8MLbGhuSMMwnHBZGQ,7fxebHYUwIF6CakxSr70iQ,"""Carnevino""",The Strip,5
wiGJeJxE36eBj7S05jfnEA,CCRgGKhzxSpl38w7yhqKUw,"""Noodles""",The Strip,4
pP_QPgiivP9NCeHZ-IbOQg,CCRgGKhzxSpl38w7yhqKUw,"""Noodles""",The Strip,4
h30qj2pHseSUAt083tEkCQ,CCRgGKhzxSpl38w7yhqKUw,"""Noodles""",The Strip,5
3dHI18iBzX1iIZ2lxhz44w,Cni2l-VKG_pdospJ6xliXQ,"""Burger Bar""",The Strip,4
AmwIIooGA9lbcXafML5xzQ,u-67zd1ImTv3EEr5kIdWrA,"""House of Blues - Music Venue""",The Strip,3
DK57YibC5ShBmqQl97CKog,Cni2l-VKG_pdospJ6xliXQ,"""Burger Bar""",The Strip,4
ymLlD_Kqy6nrpdD-geAt0w,u-67zd1ImTv3EEr5kIdWrA,"""House of Blues - Music Venue""",The Strip,4
sZFfVhs4fhatRrFsX2kARQ,7fxebHYUwIF6CakxSr70iQ,"""Carnevino""",The Strip,2
cxMuH9w4kY_Td8wYWVtsOw,pik4ebdFa0UcUhnNkivFcg,"""Carmine's Italian Restaurant - Las Vegas""",The Strip,5
_1SKSmLqpHBqWh09DxQMfw,Cni2l-VKG_pdospJ6xliXQ,"""Burger Bar""",The Strip,3
Sd357RRT7uLQ3v52aQaLqw,u-67zd1ImTv3EEr5kIdWrA,"""House of Blues - Music Venue""",The Strip,3
0nQaU_MDy9MqMQp5rPaZdg,u-67zd1ImTv3EEr5kIdWrA,"""House of Blues - Music Venue""",The Strip,2
AzmSmD_Wlht0IlS3Uu7O1A,Cni2l-VKG_pdospJ6xliXQ,"""Burger Bar""",The Strip,5
2UlQ4xF8c9OKRH_wyTLiIA,Cni2l-VKG_pdospJ6xliXQ,"""Burger Bar""",The Strip,3
greJy-QLDo9J1Yppv4mfOg,Cni2l-VKG_pdospJ6xliXQ,"""Burger Bar""",The Strip,5
ubHAbJKcbfdPeR2fXaA_5Q,pik4ebdFa0UcUhnNkivFcg,"""Carmine's Italian Restaurant - Las Vegas""",The Strip,1
8asuqYO_uPhj7E73ZQTZ2w,CCRgGKhzxSpl38w7yhqKUw,"""Noodles""",The Strip,5
bsGdvFTKVylGoZjX1u_pCg,Cni2l-VKG_pdospJ6xliXQ,"""Burger Bar""",The Strip,2
YslR3U1iwphOFYqvwSZ4cQ,Cni2l-VKG_pdospJ6xliXQ,"""Burger Bar""",The Strip,5
13DAJ4mwCC1riUPkTij38Q,pKk7jCFIm96qDdk0laVT2w,"""StripSteak""",The Strip,3
tj5PexVAfowjvoBW4u5y0Q,7fxebHYUwIF6CakxSr70iQ,"""Carnevino""",The Strip,4
yTzl1LxpRTWasyQwDtl9Dw,CCRgGKhzxSpl38w7yhqKUw,"""Noodles""",The Strip,2
WYNpIiQCsXjrgN88a6hp7g,7fxebHYUwIF6CakxSr70iQ,"""Carnevino""",The Strip,2
Xxq2LwzwFgZMKMS10bX9ug,7fxebHYUwIF6CakxSr70iQ,"""Carnevino""",The Strip,2
-h3OxE2YbWzFXVkBhYtJTw,Cni2l-VKG_pdospJ6xliXQ,"""Burger Bar""",The Strip,5
ObOQ10zpOJwfPv8MVFYWzg,Cni2l-VKG_pdospJ6xliXQ,"""Burger Bar""",The Strip,5
oA3T04M0zdYI1JVFFl5Cbw,Cni2l-VKG_pdospJ6xliXQ,"""Burger Bar""",The Strip,5
BI84KYNTC-Vm-AgdGnAKkw,Cni2l-VKG_pdospJ6xliXQ,"""Burger Bar""",The Strip,1
iE-99ZYbXer8UIV8eV4x7A,CCRgGKhzxSpl38w7yhqKUw,"""Noodles""",The Strip,4
Czl35ZANxfMSNxV3r4J5qA,Cni2l-VKG_pdospJ6xliXQ,"""Burger Bar""",The Strip,3
pcJ_n0A9TqJBIsF06uz_DA,7fxebHYUwIF6CakxSr70iQ,"""Carnevino""",The Strip,2
g9_rPpsI26zsFvJbmPWh5A,pKk7jCFIm96qDdk0laVT2w,"""StripSteak""",The Strip,3
l4nn2E2IolI-DkshMH1Vtw,7fxebHYUwIF6CakxSr70iQ,"""Carnevino""",The Strip,4
dN4gTNvPnk6BK68LYHfdAg,7fxebHYUwIF6CakxSr70iQ,"""Carnevino""",The Strip,2
ryXrd_2_Mc2NQwNwB6GBBA,CCRgGKhzxSpl38w7yhqKUw,"""Noodles""",The Strip,4
PXM1nf9vEkbw1IeEhDWXrA,Cni2l-VKG_pdospJ6xliXQ,"""Burger Bar""",The Strip,5
YcaZNr4HQ5f3ihajDQQLJw,pKk7jCFIm96qDdk0laVT2w,"""StripSteak""",The Strip,5
bCAS2nDzXA2PdZPBk9AuFA,Cni2l-VKG_pdospJ6xliXQ,"""Burger Bar""",The Strip,5
8qf2j0AZLw0T4KgdGIKZBQ,pik4ebdFa0UcUhnNkivFcg,"""Carmine's Italian Restaurant - Las Vegas""",The Strip,4
toPxlDaZEtL9I2YGSncBuw,Cni2l-VKG_pdospJ6xliXQ,"""Burger Bar""",The Strip,3
ku1-LvIjs565hGdgsJsvEA,Cni2l-VKG_pdospJ6xliXQ,"""Burger Bar""",The Strip,4
fSY6ts7Z5fTIvzhVgfW0kg,Cni2l-VKG_pdospJ6xliXQ,"""Burger Bar""",The Strip,5
DRsIaqllF8rYpAHVpHv4Kw,7fxebHYUwIF6CakxSr70iQ,"""Carnevino""",The Strip,3
1yv6GXttiII_-od7HaUcfA,Cni2l-VKG_pdospJ6xliXQ,"""Burger Bar""",The Strip,5
_IH09g_BagcUKsd1E3EQhw,pik4ebdFa0UcUhnNkivFcg,"""Carmine's Italian Restaurant - Las Vegas""",The Strip,5
2Bf9o1-UX5b5jTR2tj3Nzg,pKk7jCFIm96qDdk0laVT2w,"""StripSteak""",The Strip,5
OdbIVdpXvlaU69eDR5AUaQ,Cni2l-VKG_pdospJ6xliXQ,"""Burger Bar""",The Strip,3
QmAOHQ1D04HUNEnMNmn0uw,pKk7jCFIm96qDdk0laVT2w,"""StripSteak""",The Strip,2
MrqDrsWq_7Mc2pCTPMS69w,pKk7jCFIm96qDdk0laVT2w,"""StripSteak""",The Strip,4
B9ulsDIjoVRPoKYcwinE6w,u-67zd1ImTv3EEr5kIdWrA,"""House of Blues - Music Venue""",The Strip,4
BE-GULNj8SAZmrK79da48Q,u-67zd1ImTv3EEr5kIdWrA,"""House of Blues - Music Venue""",The Strip,4
BI4jBJVto2tEQ0NiaR0rNQ,u-67zd1ImTv3EEr5kIdWrA,"""House of Blues - Music Venue""",The Strip,4
jCc8G2-5-vXaskiY3YayIQ,CCRgGKhzxSpl38w7yhqKUw,"""Noodles""",The Strip,1
-fSCbC2Dt9dVEq2x8LNkfA,Cni2l-VKG_pdospJ6xliXQ,"""Burger Bar""",The Strip,4
cISamqDvCPLALqZPDCg3XA,pKk7jCFIm96qDdk0laVT2w,"""StripSteak""",The Strip,2
stDatz4crlUvKKbzvpX6Jw,Cni2l-VKG_pdospJ6xliXQ,"""Burger Bar""",The Strip,4
bXblSmsAmfm5q8FmM58cWg,Cni2l-VKG_pdospJ6xliXQ,"""Burger Bar""",The Strip,3
E8YAT4OcpD86_WH84ldpFg,Cni2l-VKG_pdospJ6xliXQ,"""Burger Bar""",The Strip,2
ipeEoKAGKF8Uw92rFOfjIg,Cni2l-VKG_pdospJ6xliXQ,"""Burger Bar""",The Strip,4
OPSeWrqVz0GYc5Fi-ApBhQ,Cni2l-VKG_pdospJ6xliXQ,"""Burger Bar""",The Strip,1
5B-sbni4Sn-j1AS3NMyGNA,7fxebHYUwIF6CakxSr70iQ,"""Carnevino""",The Strip,4
FD2-TVqA-Tnuj59iknbd_A,CCRgGKhzxSpl38w7yhqKUw,"""Noodles""",The Strip,1
eSCjk_Afrs36HP9y_LeVZQ,u-67zd1ImTv3EEr5kIdWrA,"""House of Blues - Music Venue""",The Strip,3
ZFZB-acrqGQol0PXCgd3pg,CCRgGKhzxSpl38w7yhqKUw,"""Noodles""",The Strip,3
CvZAVI5PNZoagaF-glrNzw,pKk7jCFIm96qDdk0laVT2w,"""StripSteak""",The Strip,5
TukOc1HWQo_6gCSs69fnyg,CCRgGKhzxSpl38w7yhqKUw,"""Noodles""",The Strip,3
NOG_yNwOMpDLpzbOF5uIdg,CCRgGKhzxSpl38w7yhqKUw,"""Noodles""",The Strip,3
NOG_yNwOMpDLpzbOF5uIdg,pKk7jCFIm96qDdk0laVT2w,"""StripSteak""",The Strip,2
4lv6WipZhTWaAvttGsAyGQ,Cni2l-VKG_pdospJ6xliXQ,"""Burger Bar""",The Strip,3
HrPTYBTeRTgQPN46GVnPBA,CCRgGKhzxSpl38w7yhqKUw,"""Noodles""",The Strip,4
vzY3xepP6Lon6dVlifRpjw,Cni2l-VKG_pdospJ6xliXQ,"""Burger Bar""",The Strip,4
dEgO4_n8thLMbG1dKfFMHg,Cni2l-VKG_pdospJ6xliXQ,"""Burger Bar""",The Strip,5
7Qk88ijeivHpumbh4f8xig,pKk7jCFIm96qDdk0laVT2w,"""StripSteak""",The Strip,3
2sVdJp360sdA7rPBEgnPqw,7fxebHYUwIF6CakxSr70iQ,"""Carnevino""",The Strip,2
6pwVH0a1iKN3nxRDRrEvKg,Cni2l-VKG_pdospJ6xliXQ,"""Burger Bar""",The Strip,2
n6ixJ2koOevTJU6EdGWkMA,u-67zd1ImTv3EEr5kIdWrA,"""House of Blues - Music Venue""",The Strip,4
eInJ_M1WHphFWro9gQB6fA,7fxebHYUwIF6CakxSr70iQ,"""Carnevino""",The Strip,4
aTvtDvisSGpNiJfNkp0KPQ,Cni2l-VKG_pdospJ6xliXQ,"""Burger Bar""",The Strip,4
90sTc0TQ7F1Uj5NGiIE30Q,pKk7jCFIm96qDdk0laVT2w,"""StripSteak""",The Strip,5
qIYBu6b8ugACisBs5spi5g,Cni2l-VKG_pdospJ6xliXQ,"""Burger Bar""",The Strip,4
M83yWwcobr9iNQuFOZmK0w,pKk7jCFIm96qDdk0laVT2w,"""StripSteak""",The Strip,4
HsriuIZ8p7kB7reETf7S7A,7fxebHYUwIF6CakxSr70iQ,"""Carnevino""",The Strip,5
zeZ8C5iRBJ64prJn5GqcGA,Cni2l-VKG_pdospJ6xliXQ,"""Burger Bar""",The Strip,4
lgVLBf_kloHe2mphcWx79Q,Cni2l-VKG_pdospJ6xliXQ,"""Burger Bar""",The Strip,3
HDoOmV7573I-mkMEJwNx7g,u-67zd1ImTv3EEr5kIdWrA,"""House of Blues - Music Venue""",The Strip,4
3jS6yAP6nu9uayQoipaMhw,u-67zd1ImTv3EEr5kIdWrA,"""House of Blues - Music Venue""",The Strip,2
WTS_IzE4R7koqjEXNmZPjA,CCRgGKhzxSpl38w7yhqKUw,"""Noodles""",The Strip,3
l-BEmd-EoQbotGllqnPSYQ,Cni2l-VKG_pdospJ6xliXQ,"""Burger Bar""",The Strip,4
8-MuwNEIYWl8pbUmDGB3Wg,7fxebHYUwIF6CakxSr70iQ,"""Carnevino""",The Strip,4
ENtSjbekFHjltp2TFkstHg,Cni2l-VKG_pdospJ6xliXQ,"""Burger Bar""",The Strip,4
h__MyyiZWOQgtyvUsezXkg,u-67zd1ImTv3EEr5kIdWrA,"""House of Blues - Music Venue""",The Strip,2
hyV3CW1s34Pt4p61ffxtow,7fxebHYUwIF6CakxSr70iQ,"""Carnevino""",The Strip,1
jDfBawcr-ImcswlC870Fug,Cni2l-VKG_pdospJ6xliXQ,"""Burger Bar""",The Strip,2
6ILdYZ-xrHyAid9MYNETfQ,Cni2l-VKG_pdospJ6xliXQ,"""Burger Bar""",The Strip,4
QHI2N-Ss8H0mRjSdS2qsBw,Cni2l-VKG_pdospJ6xliXQ,"""Burger Bar""",The Strip,5
OEIIgrgvjaXN9ov08kHeUA,u-67zd1ImTv3EEr5kIdWrA,"""House of Blues - Music Venue""",The Strip,4
XAHW6O7Ti-03vBIP0dUW_g,pKk7jCFIm96qDdk0laVT2w,"""StripSteak""",The Strip,4
SI9dvotpNbzIK2Xs8lL43Q,Cni2l-VKG_pdospJ6xliXQ,"""Burger Bar""",The Strip,1
WVCzUy__LUxN-ureFi8fOw,Cni2l-VKG_pdospJ6xliXQ,"""Burger Bar""",The Strip,5
ZorXyEo8TBZpPVs4ICKlaQ,pKk7jCFIm96qDdk0laVT2w,"""StripSteak""",The Strip,5
E7n83fHcW2PJTPxbeQn8hw,7fxebHYUwIF6CakxSr70iQ,"""Carnevino""",The Strip,3
9ypzsqmwpMjG5wP6h15QgQ,u-67zd1ImTv3EEr5kIdWrA,"""House of Blues - Music Venue""",The Strip,4
tuiR8GCh5eX-Z8twljeueg,u-67zd1ImTv3EEr5kIdWrA,"""House of Blues - Music Venue""",The Strip,4
6f6GelJyxVnrrB2IAaDIZg,Cni2l-VKG_pdospJ6xliXQ,"""Burger Bar""",The Strip,5
VeEE0eTZAc7enjvGjZMHFA,7fxebHYUwIF6CakxSr70iQ,"""Carnevino""",The Strip,5
L9xHDAevaRYWo_KPhfQJlQ,pik4ebdFa0UcUhnNkivFcg,"""Carmine's Italian Restaurant - Las Vegas""",The Strip,4
uEQ3nCdOBNOeJ0ow4Ds1vA,CCRgGKhzxSpl38w7yhqKUw,"""Noodles""",The Strip,2
EuZw2V4TdxRmupvLg1Gwuw,Cni2l-VKG_pdospJ6xliXQ,"""Burger Bar""",The Strip,4
OQWXk-942uBRjQPYqU4RBg,CCRgGKhzxSpl38w7yhqKUw,"""Noodles""",The Strip,4
oBLd733zi1XzJX2n4Rvh8g,u-67zd1ImTv3EEr5kIdWrA,"""House of Blues - Music Venue""",The Strip,2
2bAmqdXlcjqrNcwqhJnYWA,7fxebHYUwIF6CakxSr70iQ,"""Carnevino""",The Strip,5
RFTVBFlgM0cqvl1daywfjQ,pik4ebdFa0UcUhnNkivFcg,"""Carmine's Italian Restaurant - Las Vegas""",The Strip,4
R1gOtGn3ntfubeL_sAWsKg,7fxebHYUwIF6CakxSr70iQ,"""Carnevino""",The Strip,4
vSYePKxxT-1natH7H_5eYA,CCRgGKhzxSpl38w7yhqKUw,"""Noodles""",The Strip,3
olGu2s7mGuSDPKcDbJpoaQ,CCRgGKhzxSpl38w7yhqKUw,"""Noodles""",The Strip,3
Cb1sCHBl4u4sPkx3o0NdUg,CCRgGKhzxSpl38w7yhqKUw,"""Noodles""",The Strip,3
V8zmwUhNWn1T2K08iLA7JA,pik4ebdFa0UcUhnNkivFcg,"""Carmine's Italian Restaurant - Las Vegas""",The Strip,5
tQPk4JiBPsx7NSIDbW49Vg,pik4ebdFa0UcUhnNkivFcg,"""Carmine's Italian Restaurant - Las Vegas""",The Strip,4
fcaikKJAYxlwO_RAiZm5Qg,Cni2l-VKG_pdospJ6xliXQ,"""Burger Bar""",The Strip,2
C7P5QMt2xrxb53r4aBk-kA,Cni2l-VKG_pdospJ6xliXQ,"""Burger Bar""",The Strip,2
qWZf-l-L1J9oRpaBwE4m9w,pKk7jCFIm96qDdk0laVT2w,"""StripSteak""",The Strip,3
piDbszB6Juf8lu0GPWtKvg,Cni2l-VKG_pdospJ6xliXQ,"""Burger Bar""",The Strip,2
1Iwv__c8_gBzefWBwmkCnA,Cni2l-VKG_pdospJ6xliXQ,"""Burger Bar""",The Strip,2
YCZEmrUG--EsRRy4o3a2lA,pik4ebdFa0UcUhnNkivFcg,"""Carmine's Italian Restaurant - Las Vegas""",The Strip,5
bULBMkGqXU2xjFuPL-3JgQ,7fxebHYUwIF6CakxSr70iQ,"""Carnevino""",The Strip,4
zvf4U6LJdNGOEogmmCOsLA,pKk7jCFIm96qDdk0laVT2w,"""StripSteak""",The Strip,4
zfMj61GvNbctbFA73q10gQ,CCRgGKhzxSpl38w7yhqKUw,"""Noodles""",The Strip,3
YaD_eELY14NS_6cLZ5xulw,u-67zd1ImTv3EEr5kIdWrA,"""House of Blues - Music Venue""",The Strip,3
0FMte0z-repSVWSJ_BaQTg,u-67zd1ImTv3EEr5kIdWrA,"""House of Blues - Music Venue""",The Strip,2
lyhkG5ieJEJuuny6UmwLcg,CCRgGKhzxSpl38w7yhqKUw,"""Noodles""",The Strip,3
R35PoSbUv42ngepQKNE4NQ,Cni2l-VKG_pdospJ6xliXQ,"""Burger Bar""",The Strip,1
COlbOpnn9hgF0xs8qYq3Gg,Cni2l-VKG_pdospJ6xliXQ,"""Burger Bar""",The Strip,5
y-9KfdejGK95n0zPFRqaPQ,7fxebHYUwIF6CakxSr70iQ,"""Carnevino""",The Strip,4
Rjd9Td7yYOqu0A1e2KDAyA,Cni2l-VKG_pdospJ6xliXQ,"""Burger Bar""",The Strip,4
W4SVZz55F8_9vWoau1iWDQ,7fxebHYUwIF6CakxSr70iQ,"""Carnevino""",The Strip,3
XjBWldYnsS3O94OPAsgFpQ,pik4ebdFa0UcUhnNkivFcg,"""Carmine's Italian Restaurant - Las Vegas""",The Strip,3
a2FlEYE9foTE4oWBiFsPpA,Cni2l-VKG_pdospJ6xliXQ,"""Burger Bar""",The Strip,3
BLsoMNMoiCaMNHJQkKEQLw,CCRgGKhzxSpl38w7yhqKUw,"""Noodles""",The Strip,4
9VYLF4cWoicSaX8VnK3nmw,pik4ebdFa0UcUhnNkivFcg,"""Carmine's Italian Restaurant - Las Vegas""",The Strip,3
mvv2Bq_BWkwh4NKa7tYENw,u-67zd1ImTv3EEr5kIdWrA,"""House of Blues - Music Venue""",The Strip,5
AnBFjjopXxHjWp-1ifKQsw,CCRgGKhzxSpl38w7yhqKUw,"""Noodles""",The Strip,2
zc6cucEAy6Qxkxr9ZUkqbw,u-67zd1ImTv3EEr5kIdWrA,"""House of Blues - Music Venue""",The Strip,4
WylywSEkQqmNGYRQayihgA,Cni2l-VKG_pdospJ6xliXQ,"""Burger Bar""",The Strip,5
PvBmRN4suldo06Kcz2-vcw,Cni2l-VKG_pdospJ6xliXQ,"""Burger Bar""",The Strip,5
awvcDRWEu1ZfVqYLoJ3HeQ,Cni2l-VKG_pdospJ6xliXQ,"""Burger Bar""",The Strip,5
_ABftW6CZdx4iMdHaCkiZA,pik4ebdFa0UcUhnNkivFcg,"""Carmine's Italian Restaurant - Las Vegas""",The Strip,5
rKkpHJkJ27xOwnhy_bMkvA,u-67zd1ImTv3EEr5kIdWrA,"""House of Blues - Music Venue""",The Strip,2
P9juBjTdlzDlrxb6uMqSug,Cni2l-VKG_pdospJ6xliXQ,"""Burger Bar""",The Strip,3
EvXwnFVVYVWPMIT-7AyKZg,Cni2l-VKG_pdospJ6xliXQ,"""Burger Bar""",The Strip,4
6XMrUOQQ-iyvV3DqerZQzg,7fxebHYUwIF6CakxSr70iQ,"""Carnevino""",The Strip,1
wFfkTvSadtqyxhdx0oiGcw,Cni2l-VKG_pdospJ6xliXQ,"""Burger Bar""",The Strip,3
v7YmYmdh_hQ5RFQghYFkYw,pik4ebdFa0UcUhnNkivFcg,"""Carmine's Italian Restaurant - Las Vegas""",The Strip,5
fShvCx6nCPIthDjNtJ2oEQ,CCRgGKhzxSpl38w7yhqKUw,"""Noodles""",The Strip,4
NbRA23rDgK1mMrBATMpU7Q,7fxebHYUwIF6CakxSr70iQ,"""Carnevino""",The Strip,5
TOj5yZZEwS3J3fLgo3V3yQ,u-67zd1ImTv3EEr5kIdWrA,"""House of Blues - Music Venue""",The Strip,3
c0k5B0ykYWqryQTz1P8Ceg,7fxebHYUwIF6CakxSr70iQ,"""Carnevino""",The Strip,2
rfmaYGh99KpYD56qwRDC7g,Cni2l-VKG_pdospJ6xliXQ,"""Burger Bar""",The Strip,3
LDxGB8GDYZ71AY1qHQt_Rg,Cni2l-VKG_pdospJ6xliXQ,"""Burger Bar""",The Strip,4
gmYU_SLgpWgafgSejWdzTg,7fxebHYUwIF6CakxSr70iQ,"""Carnevino""",The Strip,5
bcT4xK_54QJXYhPoq4lTIA,pKk7jCFIm96qDdk0laVT2w,"""StripSteak""",The Strip,5
XAHW6O7Ti-03vBIP0dUW_g,Cni2l-VKG_pdospJ6xliXQ,"""Burger Bar""",The Strip,4
w15NByGsVedQLmpydJ7gPg,pik4ebdFa0UcUhnNkivFcg,"""Carmine's Italian Restaurant - Las Vegas""",The Strip,4
MRt0ldJoe5dHlNWrqzDUdA,pKk7jCFIm96qDdk0laVT2w,"""StripSteak""",The Strip,5
QQ2Dc5JVhesp9WMHR9TV7w,u-67zd1ImTv3EEr5kIdWrA,"""House of Blues - Music Venue""",The Strip,4
2RWBI28tmcXJ03oU33cvmw,pKk7jCFIm96qDdk0laVT2w,"""StripSteak""",The Strip,2
tdQCAz_nCfsF7s6aqxE2Kg,Cni2l-VKG_pdospJ6xliXQ,"""Burger Bar""",The Strip,5
Hq8DmQhWSzY1zOivyItohw,Cni2l-VKG_pdospJ6xliXQ,"""Burger Bar""",The Strip,4
ak60wKHLdPYq8j7ImjvMjw,Cni2l-VKG_pdospJ6xliXQ,"""Burger Bar""",The Strip,5
i5kMC4PiZrvWefuBkNWGbg,CCRgGKhzxSpl38w7yhqKUw,"""Noodles""",The Strip,3
ko06Ptkr1YtZWR6FIDqubA,u-67zd1ImTv3EEr5kIdWrA,"""House of Blues - Music Venue""",The Strip,4
ko06Ptkr1YtZWR6FIDqubA,Cni2l-VKG_pdospJ6xliXQ,"""Burger Bar""",The Strip,3
mjydAfCoqZ5q9A91wgzdFA,Cni2l-VKG_pdospJ6xliXQ,"""Burger Bar""",The Strip,2
zLQWp7d8o4LCmC96Ix5GRQ,u-67zd1ImTv3EEr5kIdWrA,"""House of Blues - Music Venue""",The Strip,3
7AKWPQLa4QxKOVE_FBRtUA,Cni2l-VKG_pdospJ6xliXQ,"""Burger Bar""",The Strip,3
29PE0SAW30CVFNEIs3WwTg,pik4ebdFa0UcUhnNkivFcg,"""Carmine's Italian Restaurant - Las Vegas""",The Strip,2
QtnJ1-0fOfzonI2FHUZxxg,u-67zd1ImTv3EEr5kIdWrA,"""House of Blues - Music Venue""",The Strip,5
2LXLu60lHefAMmLrns3BdA,pik4ebdFa0UcUhnNkivFcg,"""Carmine's Italian Restaurant - Las Vegas""",The Strip,5
m-BZLIIh5PCAKnzH0qj_0Q,pKk7jCFIm96qDdk0laVT2w,"""StripSteak""",The Strip,5
m-BZLIIh5PCAKnzH0qj_0Q,u-67zd1ImTv3EEr5kIdWrA,"""House of Blues - Music Venue""",The Strip,4
sySDassDzVizA8E8Qu1HlQ,7fxebHYUwIF6CakxSr70iQ,"""Carnevino""",The Strip,5
rpp3Rusj_a-E4Cm_-qR4sg,7fxebHYUwIF6CakxSr70iQ,"""Carnevino""",The Strip,3
b4Xsw9tREYr5mwqdnjuWxg,pKk7jCFIm96qDdk0laVT2w,"""StripSteak""",The Strip,1
xBQg1kk7jPF_xSrUcdBBfQ,pik4ebdFa0UcUhnNkivFcg,"""Carmine's Italian Restaurant - Las Vegas""",The Strip,5
86RJ2VAQoUypqdf7ZEpEXg,pKk7jCFIm96qDdk0laVT2w,"""StripSteak""",The Strip,5
wDBFAhfcGi5tcuIeo4F10A,7fxebHYUwIF6CakxSr70iQ,"""Carnevino""",The Strip,4
zz3JXPfh28GotMJYXuhsnw,Cni2l-VKG_pdospJ6xliXQ,"""Burger Bar""",The Strip,4
69_cG-rpL3Pb9H4KAm_Z0g,Cni2l-VKG_pdospJ6xliXQ,"""Burger Bar""",The Strip,5
DgR2eNt3XU1q5NzzrcVtqQ,pKk7jCFIm96qDdk0laVT2w,"""StripSteak""",The Strip,4
Dd-TkEszFMkSF-vRih51fQ,CCRgGKhzxSpl38w7yhqKUw,"""Noodles""",The Strip,4
rzcE4u18deHXXMjXfDZInw,pik4ebdFa0UcUhnNkivFcg,"""Carmine's Italian Restaurant - Las Vegas""",The Strip,5
C2C0GPKvzWWnP57Os9eQ0w,7fxebHYUwIF6CakxSr70iQ,"""Carnevino""",The Strip,4
5juDL7GbdA618GragKCvsA,u-67zd1ImTv3EEr5kIdWrA,"""House of Blues - Music Venue""",The Strip,4
ZWD8UH1T7QXQr0Eq-mcWYg,pik4ebdFa0UcUhnNkivFcg,"""Carmine's Italian Restaurant - Las Vegas""",The Strip,5
s1y47ba-fe24dp0YPHiYTw,Cni2l-VKG_pdospJ6xliXQ,"""Burger Bar""",The Strip,4
hoG5J39z7ddIviGCnwi0tQ,CCRgGKhzxSpl38w7yhqKUw,"""Noodles""",The Strip,4
PgCC929lJmEvWgnxiErvdQ,Cni2l-VKG_pdospJ6xliXQ,"""Burger Bar""",The Strip,5
yhZZPzv9PdDLZ49yTugt9w,CCRgGKhzxSpl38w7yhqKUw,"""Noodles""",The Strip,3
Z3g81Sj7kKt26KS2vtpUkg,Cni2l-VKG_pdospJ6xliXQ,"""Burger Bar""",The Strip,4
DgZ-_dpdjpJBjCwVdxmLFA,CCRgGKhzxSpl38w7yhqKUw,"""Noodles""",The Strip,4
4nLHwGu02U_LTA-fuV90SA,CCRgGKhzxSpl38w7yhqKUw,"""Noodles""",The Strip,4
C5fR7la_F1Yk0BL_P_mxRg,pKk7jCFIm96qDdk0laVT2w,"""StripSteak""",The Strip,2
nZ8AEUEl7F52p7tuKyk-5g,CCRgGKhzxSpl38w7yhqKUw,"""Noodles""",The Strip,5
NS3B17yHv2lBJfGuwSmVNw,pik4ebdFa0UcUhnNkivFcg,"""Carmine's Italian Restaurant - Las Vegas""",The Strip,4
bW6VMyB5r05Yze44Ora0pA,Cni2l-VKG_pdospJ6xliXQ,"""Burger Bar""",The Strip,4
6Q6K4v6U5i0UC1IzXmGTpw,pKk7jCFIm96qDdk0laVT2w,"""StripSteak""",The Strip,5
ZzNoHnvycz9fAWPBrWK8cQ,Cni2l-VKG_pdospJ6xliXQ,"""Burger Bar""",The Strip,3
1i5C7rT_j0TzBmgVZ56K6A,u-67zd1ImTv3EEr5kIdWrA,"""House of Blues - Music Venue""",The Strip,4
1CCG0WYSoR8ejdgD5-Gaqg,CCRgGKhzxSpl38w7yhqKUw,"""Noodles""",The Strip,4
MJOd6wcJaV1DQOspTv-BGw,Cni2l-VKG_pdospJ6xliXQ,"""Burger Bar""",The Strip,5
gKejTh2-73nHMEz4z8oihw,u-67zd1ImTv3EEr5kIdWrA,"""House of Blues - Music Venue""",The Strip,1
U4FezCRkXrizH7k8V3GVZg,pKk7jCFIm96qDdk0laVT2w,"""StripSteak""",The Strip,1
3o5RxAwstVARRW-SW66T6g,pKk7jCFIm96qDdk0laVT2w,"""StripSteak""",The Strip,4
I-0HxqiohzZFaCBm3SK0Gg,CCRgGKhzxSpl38w7yhqKUw,"""Noodles""",The Strip,1
BQND7EJSgcjijiTrL9McEg,Cni2l-VKG_pdospJ6xliXQ,"""Burger Bar""",The Strip,4
L-kqU1VNAKqt0vXdn0AjHQ,pik4ebdFa0UcUhnNkivFcg,"""Carmine's Italian Restaurant - Las Vegas""",The Strip,1
emRuPFpOj-U298v-kOflGw,pKk7jCFIm96qDdk0laVT2w,"""StripSteak""",The Strip,5
dV6UkIPdl_FeUlef4Mcs1g,7fxebHYUwIF6CakxSr70iQ,"""Carnevino""",The Strip,3
jkF6hPwRA0TxgUuPYuQBYg,pKk7jCFIm96qDdk0laVT2w,"""StripSteak""",The Strip,5
9Y4sBU8fSf5IgzCBD252yQ,CCRgGKhzxSpl38w7yhqKUw,"""Noodles""",The Strip,5
9BKbUS9UKjIAAA8NjuhtTg,CCRgGKhzxSpl38w7yhqKUw,"""Noodles""",The Strip,3
NSn04JmGXG_qktDncNvgJQ,CCRgGKhzxSpl38w7yhqKUw,"""Noodles""",The Strip,1
NSn04JmGXG_qktDncNvgJQ,u-67zd1ImTv3EEr5kIdWrA,"""House of Blues - Music Venue""",The Strip,2
4PYfRKB2_shulKeN0RFUZg,u-67zd1ImTv3EEr5kIdWrA,"""House of Blues - Music Venue""",The Strip,5
da-gafv65zUAK1EyQMldCg,CCRgGKhzxSpl38w7yhqKUw,"""Noodles""",The Strip,1
x33z4WmRbPlOctz6Hmv2Bg,Cni2l-VKG_pdospJ6xliXQ,"""Burger Bar""",The Strip,3
G90gVp4VF0pk-S1MlBMxig,u-67zd1ImTv3EEr5kIdWrA,"""House of Blues - Music Venue""",The Strip,3
BRBmjq605Zyq78ykHTuJvw,CCRgGKhzxSpl38w7yhqKUw,"""Noodles""",The Strip,3
uJLJ1zvzv1GVTBunji-low,Cni2l-VKG_pdospJ6xliXQ,"""Burger Bar""",The Strip,4
PrRyIThfjOl6vRTBIn8Jaw,Cni2l-VKG_pdospJ6xliXQ,"""Burger Bar""",The Strip,4
AsySmoZlZJN7ra5Pa_KlmQ,u-67zd1ImTv3EEr5kIdWrA,"""House of Blues - Music Venue""",The Strip,3
VTzmVZgwuZ3G71ha_Pvd9Q,pKk7jCFIm96qDdk0laVT2w,"""StripSteak""",The Strip,5
3kPOK-VhFmLWHhKlXromjg,CCRgGKhzxSpl38w7yhqKUw,"""Noodles""",The Strip,3
02-wKa6WD_tx1NxXXB_H8A,7fxebHYUwIF6CakxSr70iQ,"""Carnevino""",The Strip,2
PGBHyO7GUrU8seAX1nJ5Fw,pik4ebdFa0UcUhnNkivFcg,"""Carmine's Italian Restaurant - Las Vegas""",The Strip,4
lvGlIBv4xkHiQBnNOuRYZQ,Cni2l-VKG_pdospJ6xliXQ,"""Burger Bar""",The Strip,3
w5QWRIefRRNL_iODbJQnww,Cni2l-VKG_pdospJ6xliXQ,"""Burger Bar""",The Strip,4
_xFrjg55612CA61OQ4PrdQ,pKk7jCFIm96qDdk0laVT2w,"""StripSteak""",The Strip,5
OJKef4CQtUNDJ03M9ohSYg,pKk7jCFIm96qDdk0laVT2w,"""StripSteak""",The Strip,5
OJKef4CQtUNDJ03M9ohSYg,Cni2l-VKG_pdospJ6xliXQ,"""Burger Bar""",The Strip,5
ji4ggL4otvYIeo-kr4o_Sg,CCRgGKhzxSpl38w7yhqKUw,"""Noodles""",The Strip,5
lGDjjsbrsmugAylKplIkrw,7fxebHYUwIF6CakxSr70iQ,"""Carnevino""",The Strip,1
smA5W0ys0lTbMCj_UO8Eqw,u-67zd1ImTv3EEr5kIdWrA,"""House of Blues - Music Venue""",The Strip,4
vBupuWIzbl_QiQT5y7t0iA,7fxebHYUwIF6CakxSr70iQ,"""Carnevino""",The Strip,5
YAr8phelEl4Uu4taTwoc_g,Cni2l-VKG_pdospJ6xliXQ,"""Burger Bar""",The Strip,4
CDjb-10z2uYPWyEEiWMrBA,7fxebHYUwIF6CakxSr70iQ,"""Carnevino""",The Strip,1
weEu_0Pu7G1NRkjXO33oFQ,Cni2l-VKG_pdospJ6xliXQ,"""Burger Bar""",The Strip,4
5nx6NaAdV9-w5AEfzFAFbA,Cni2l-VKG_pdospJ6xliXQ,"""Burger Bar""",The Strip,4
-AaBjWJYiQxXkCMDlXfPGw,Cni2l-VKG_pdospJ6xliXQ,"""Burger Bar""",The Strip,3
pp9h7nlAVV8tJQQpKaYXGg,pKk7jCFIm96qDdk0laVT2w,"""StripSteak""",The Strip,5
5DimS-zGp6ECobm1PBIaDA,Cni2l-VKG_pdospJ6xliXQ,"""Burger Bar""",The Strip,5
9fzk5S-WUaXOi3jXT5RHDA,u-67zd1ImTv3EEr5kIdWrA,"""House of Blues - Music Venue""",The Strip,4
C2C0GPKvzWWnP57Os9eQ0w,pKk7jCFIm96qDdk0laVT2w,"""StripSteak""",The Strip,4
C2C0GPKvzWWnP57Os9eQ0w,Cni2l-VKG_pdospJ6xliXQ,"""Burger Bar""",The Strip,4
icD3GlvhdkPeoVw3g4MRSA,Cni2l-VKG_pdospJ6xliXQ,"""Burger Bar""",The Strip,4
zndGpE-vqmLW095DmC9CgQ,pik4ebdFa0UcUhnNkivFcg,"""Carmine's Italian Restaurant - Las Vegas""",The Strip,2
qSMFYZ00vskIW3LDsHh0xw,pKk7jCFIm96qDdk0laVT2w,"""StripSteak""",The Strip,4
6WmA4mGQDpfysmcicu4ZWw,u-67zd1ImTv3EEr5kIdWrA,"""House of Blues - Music Venue""",The Strip,1
lg5f5JPxo6AjHz-EvW1hVQ,7fxebHYUwIF6CakxSr70iQ,"""Carnevino""",The Strip,5
lg5f5JPxo6AjHz-EvW1hVQ,u-67zd1ImTv3EEr5kIdWrA,"""House of Blues - Music Venue""",The Strip,5
lg5f5JPxo6AjHz-EvW1hVQ,Cni2l-VKG_pdospJ6xliXQ,"""Burger Bar""",The Strip,5
o4tYl3Hz0oDfpNn4k02DCw,pik4ebdFa0UcUhnNkivFcg,"""Carmine's Italian Restaurant - Las Vegas""",The Strip,5
EDcd_-t8bhyyey27z47Wxw,7fxebHYUwIF6CakxSr70iQ,"""Carnevino""",The Strip,5
mswloq-IjRr9yXLhBqBPAw,pKk7jCFIm96qDdk0laVT2w,"""StripSteak""",The Strip,4
mswloq-IjRr9yXLhBqBPAw,Cni2l-VKG_pdospJ6xliXQ,"""Burger Bar""",The Strip,5
MxlmE5o8ZwEB90GlVFdUkg,pKk7jCFIm96qDdk0laVT2w,"""StripSteak""",The Strip,4
o2Ukw7SVF8Iw8wuc_IL6pQ,pik4ebdFa0UcUhnNkivFcg,"""Carmine's Italian Restaurant - Las Vegas""",The Strip,5
cMAiTrM0Fxm8vKLQag53jg,Cni2l-VKG_pdospJ6xliXQ,"""Burger Bar""",The Strip,5
43unbqCPH45X-60Gn0W0YA,Cni2l-VKG_pdospJ6xliXQ,"""Burger Bar""",The Strip,2
vNqJm3mlYnqxFrLBi_NViQ,7fxebHYUwIF6CakxSr70iQ,"""Carnevino""",The Strip,3
vNqJm3mlYnqxFrLBi_NViQ,pKk7jCFIm96qDdk0laVT2w,"""StripSteak""",The Strip,3
c-sQIV79djZL6IWq-tWxAA,7fxebHYUwIF6CakxSr70iQ,"""Carnevino""",The Strip,5
r203tYdrq3r7Rl-mazvtlw,Cni2l-VKG_pdospJ6xliXQ,"""Burger Bar""",The Strip,4
Nn-hLgYTKNkJQ-G7LSXG3g,CCRgGKhzxSpl38w7yhqKUw,"""Noodles""",The Strip,3
NZntP2FVVeDCc4z40kM7Rg,CCRgGKhzxSpl38w7yhqKUw,"""Noodles""",The Strip,1
xsZ4s7a4MaBIh48MdMkkPw,7fxebHYUwIF6CakxSr70iQ,"""Carnevino""",The Strip,5
xsZ4s7a4MaBIh48MdMkkPw,Cni2l-VKG_pdospJ6xliXQ,"""Burger Bar""",The Strip,4
KF5TkZRP2lWigBVigLEQAA,7fxebHYUwIF6CakxSr70iQ,"""Carnevino""",The Strip,3
4jfZjMs9AUqJS-1kF24o5w,7fxebHYUwIF6CakxSr70iQ,"""Carnevino""",The Strip,5
qcmg-jf6ZtaA6HpHhp0A_g,pKk7jCFIm96qDdk0laVT2w,"""StripSteak""",The Strip,5
qcmg-jf6ZtaA6HpHhp0A_g,Cni2l-VKG_pdospJ6xliXQ,"""Burger Bar""",The Strip,3
wZ42x4LAJ6okqtG_3XS4tg,CCRgGKhzxSpl38w7yhqKUw,"""Noodles""",The Strip,1
8HyODWHxD1Vmq5O7HeJe-A,CCRgGKhzxSpl38w7yhqKUw,"""Noodles""",The Strip,3
-H9hVJDZM60kVvyXYtSwYQ,7fxebHYUwIF6CakxSr70iQ,"""Carnevino""",The Strip,2
pkP3z8r_3mmkHZ7EuiVahg,Cni2l-VKG_pdospJ6xliXQ,"""Burger Bar""",The Strip,2
sdGFkXh0OMi01VJPLIPSDQ,pKk7jCFIm96qDdk0laVT2w,"""StripSteak""",The Strip,2
kIwOhIcspxOwfDYGSuKFvw,7fxebHYUwIF6CakxSr70iQ,"""Carnevino""",The Strip,1
igyUdhLgvlv-_Wrn2CHUnw,Cni2l-VKG_pdospJ6xliXQ,"""Burger Bar""",The Strip,4
be_wx2Tl18Qicsy4kfA6ZQ,Cni2l-VKG_pdospJ6xliXQ,"""Burger Bar""",The Strip,5
1gDPRprhLJRWAC7yxOjFiw,7fxebHYUwIF6CakxSr70iQ,"""Carnevino""",The Strip,3
xNBPHIMzif6Z8ZzMmJfYnw,CCRgGKhzxSpl38w7yhqKUw,"""Noodles""",The Strip,3
I75WqXtbA3FmZKoieo7YSw,Cni2l-VKG_pdospJ6xliXQ,"""Burger Bar""",The Strip,4
ZKi_PldVb4l7O8PcArczPA,pKk7jCFIm96qDdk0laVT2w,"""StripSteak""",The Strip,2
6N8BRNDyOWOi1mn1YtxfMA,pKk7jCFIm96qDdk0laVT2w,"""StripSteak""",The Strip,5
M7h3ZRLfL-SZkTA5tR0Exw,CCRgGKhzxSpl38w7yhqKUw,"""Noodles""",The Strip,4
je7jNOQaoOeauvgIQWQrvw,pik4ebdFa0UcUhnNkivFcg,"""Carmine's Italian Restaurant - Las Vegas""",The Strip,5
GKmrSVCU4m8-6rdjjtRNWg,CCRgGKhzxSpl38w7yhqKUw,"""Noodles""",The Strip,4
O5wlSc2GODv_YG826f67Ug,Cni2l-VKG_pdospJ6xliXQ,"""Burger Bar""",The Strip,5
rtNeSfIpF3U20n8kaDFM_Q,Cni2l-VKG_pdospJ6xliXQ,"""Burger Bar""",The Strip,3
rj10hcbfLHAF7SB9CXEkRA,CCRgGKhzxSpl38w7yhqKUw,"""Noodles""",The Strip,5
77EXUQHkXCqcBJjt9n8dzQ,pik4ebdFa0UcUhnNkivFcg,"""Carmine's Italian Restaurant - Las Vegas""",The Strip,1
SEr9A6QF3V_2wj8bg367LA,pKk7jCFIm96qDdk0laVT2w,"""StripSteak""",The Strip,4
3hWJxx8-gMutgaKY2T7IKQ,u-67zd1ImTv3EEr5kIdWrA,"""House of Blues - Music Venue""",The Strip,1
xlynctesxBjMACgpoYqEmg,Cni2l-VKG_pdospJ6xliXQ,"""Burger Bar""",The Strip,5
eRMLf3WsWHC7GaLBWRA5Gw,u-67zd1ImTv3EEr5kIdWrA,"""House of Blues - Music Venue""",The Strip,5
PTD6ocdGBUa-dcXS3Vr7Xg,Cni2l-VKG_pdospJ6xliXQ,"""Burger Bar""",The Strip,2
ShpEmWgg_O6WWpHseZkHEQ,Cni2l-VKG_pdospJ6xliXQ,"""Burger Bar""",The Strip,2
_W9N0kF0qERB3deAcDISLg,Cni2l-VKG_pdospJ6xliXQ,"""Burger Bar""",The Strip,4
0_flT2OUiuHe7OAdRVVrdQ,Cni2l-VKG_pdospJ6xliXQ,"""Burger Bar""",The Strip,5
d0yPidFLXxYInBxZ9adZ2g,Cni2l-VKG_pdospJ6xliXQ,"""Burger Bar""",The Strip,3
A8hDu7xzn0pefcIY29rXHA,Cni2l-VKG_pdospJ6xliXQ,"""Burger Bar""",The Strip,5
jylt6aurOs--IviJliM70w,pik4ebdFa0UcUhnNkivFcg,"""Carmine's Italian Restaurant - Las Vegas""",The Strip,3
BFukGtNa_8ziL5hFEjenxg,CCRgGKhzxSpl38w7yhqKUw,"""Noodles""",The Strip,2
7H6irGkVtOYKIH2oXSz7hA,Cni2l-VKG_pdospJ6xliXQ,"""Burger Bar""",The Strip,1
oayKHLKhQamcJwmwcX3GJw,pKk7jCFIm96qDdk0laVT2w,"""StripSteak""",The Strip,1
tltD70Hvgyqi5OqF08Fpzg,CCRgGKhzxSpl38w7yhqKUw,"""Noodles""",The Strip,3
rVxwIq-GU98GC2xMulsSqw,pik4ebdFa0UcUhnNkivFcg,"""Carmine's Italian Restaurant - Las Vegas""",The Strip,5
B2vjl2sipVIMbQzpeKhXsQ,CCRgGKhzxSpl38w7yhqKUw,"""Noodles""",The Strip,4
pFaort8vMC8yQFKBZss8cQ,7fxebHYUwIF6CakxSr70iQ,"""Carnevino""",The Strip,1
8pWvLtW4ZzdNRoXez9IZ7Q,Cni2l-VKG_pdospJ6xliXQ,"""Burger Bar""",The Strip,3
YzCRr11c7KVCK4nF9sIeog,CCRgGKhzxSpl38w7yhqKUw,"""Noodles""",The Strip,3
SSo_DqQkaLLuQccRapbRRQ,Cni2l-VKG_pdospJ6xliXQ,"""Burger Bar""",The Strip,4
O9qq7z1dgyTi1bxdEIoVJA,pKk7jCFIm96qDdk0laVT2w,"""StripSteak""",The Strip,4
m1LxrYSDPUlmYtG_Zm80Dg,7fxebHYUwIF6CakxSr70iQ,"""Carnevino""",The Strip,5
DHwJQxaGypPs08SDX_Mq2w,Cni2l-VKG_pdospJ6xliXQ,"""Burger Bar""",The Strip,4
oVomceBgCbXiEFx1z94DRw,Cni2l-VKG_pdospJ6xliXQ,"""Burger Bar""",The Strip,4
RtGqdDBvvBCjcu5dUqwfzA,u-67zd1ImTv3EEr5kIdWrA,"""House of Blues - Music Venue""",The Strip,5
LhQVP8v4waUhOssPISCPug,Cni2l-VKG_pdospJ6xliXQ,"""Burger Bar""",The Strip,4
Thcf5O4wgCSthWAFLOYqZQ,pik4ebdFa0UcUhnNkivFcg,"""Carmine's Italian Restaurant - Las Vegas""",The Strip,5
3AjyH5fb3bEIzDkkGsP9BQ,Cni2l-VKG_pdospJ6xliXQ,"""Burger Bar""",The Strip,3
Qt2ZNrrfYL0eG0MqMEiqVg,Cni2l-VKG_pdospJ6xliXQ,"""Burger Bar""",The Strip,5
HN4EaQcnZIImNo-oWrHGQA,7fxebHYUwIF6CakxSr70iQ,"""Carnevino""",The Strip,5
sS2i9Hj0fA8KIEfcGIVo3g,CCRgGKhzxSpl38w7yhqKUw,"""Noodles""",The Strip,1
yZS81ytT4TnAzaQ9Qs73oA,u-67zd1ImTv3EEr5kIdWrA,"""House of Blues - Music Venue""",The Strip,3
DwdR9SqApPmKiTWCpAv4oA,Cni2l-VKG_pdospJ6xliXQ,"""Burger Bar""",The Strip,4
9CFYeILuSLts8qkpQrBJ1g,7fxebHYUwIF6CakxSr70iQ,"""Carnevino""",The Strip,5
nUNYf00FmaAwVByzTzolaA,pKk7jCFIm96qDdk0laVT2w,"""StripSteak""",The Strip,3
COjPTDD-tFr73Gly2xL3gw,u-67zd1ImTv3EEr5kIdWrA,"""House of Blues - Music Venue""",The Strip,4
-HtG8w8zls5GjWEMzgEo0w,pKk7jCFIm96qDdk0laVT2w,"""StripSteak""",The Strip,4
4BVX0j1QEGkn7I4I0tNaRA,CCRgGKhzxSpl38w7yhqKUw,"""Noodles""",The Strip,3
4BVX0j1QEGkn7I4I0tNaRA,pKk7jCFIm96qDdk0laVT2w,"""StripSteak""",The Strip,5
mgytZAasaiBf-END4aZD9w,CCRgGKhzxSpl38w7yhqKUw,"""Noodles""",The Strip,3
O8Qmh9I5RsPrDuv1WkkHeA,Cni2l-VKG_pdospJ6xliXQ,"""Burger Bar""",The Strip,2
nwFjlyd1jt_jhiXVmEFJ0g,u-67zd1ImTv3EEr5kIdWrA,"""House of Blues - Music Venue""",The Strip,3
79lEDNVM6Q16ck2UC2MXXw,7fxebHYUwIF6CakxSr70iQ,"""Carnevino""",The Strip,3
ZM4BnVMsHypYRlqKzjqtJA,CCRgGKhzxSpl38w7yhqKUw,"""Noodles""",The Strip,1
NQO9nuQsSLjbQ-2DDhWxvg,7fxebHYUwIF6CakxSr70iQ,"""Carnevino""",The Strip,4
QPgXLWsDRplZilp2OciAiw,7fxebHYUwIF6CakxSr70iQ,"""Carnevino""",The Strip,4
QZWcrL6xb5dR4h75UJm3OA,u-67zd1ImTv3EEr5kIdWrA,"""House of Blues - Music Venue""",The Strip,5
FGDGQNzD8cAQJIw0creIGg,Cni2l-VKG_pdospJ6xliXQ,"""Burger Bar""",The Strip,4
4mCLDtsw6GWF2-D93F7jbg,Cni2l-VKG_pdospJ6xliXQ,"""Burger Bar""",The Strip,4
RIRJEAvQ4vhnx9gb8yLR5g,Cni2l-VKG_pdospJ6xliXQ,"""Burger Bar""",The Strip,5
-jtgElkxZn4Nr6J_p67o_Q,Cni2l-VKG_pdospJ6xliXQ,"""Burger Bar""",The Strip,3
87s-5FK0IZLthHsbl7a6pA,Cni2l-VKG_pdospJ6xliXQ,"""Burger Bar""",The Strip,1
i2evm9AQM3FULDNC61D2cw,CCRgGKhzxSpl38w7yhqKUw,"""Noodles""",The Strip,3
eAMYCRs0zQf9T3H3ZrUxFQ,pik4ebdFa0UcUhnNkivFcg,"""Carmine's Italian Restaurant - Las Vegas""",The Strip,4
OHYJt7w8Ts0Xh0Y1GS2nZQ,Cni2l-VKG_pdospJ6xliXQ,"""Burger Bar""",The Strip,5
nC8f-VdwgK1htJb9Ke6Tlg,7fxebHYUwIF6CakxSr70iQ,"""Carnevino""",The Strip,4
O4YG18YPjlVB6NFhvSkk3Q,CCRgGKhzxSpl38w7yhqKUw,"""Noodles""",The Strip,5
lrRNcX75rgCj9HB2qmno0w,CCRgGKhzxSpl38w7yhqKUw,"""Noodles""",The Strip,2
dkm35fnXeo7mNgKd57-u-w,CCRgGKhzxSpl38w7yhqKUw,"""Noodles""",The Strip,2
KCCnDekcWnBLHAk-_jZwCQ,Cni2l-VKG_pdospJ6xliXQ,"""Burger Bar""",The Strip,1
pLLM-_d5JFt7XeaG9Or7tQ,pKk7jCFIm96qDdk0laVT2w,"""StripSteak""",The Strip,3
pLLM-_d5JFt7XeaG9Or7tQ,Cni2l-VKG_pdospJ6xliXQ,"""Burger Bar""",The Strip,4
BJS2H9yOCYxk1BdsaA8HVg,Cni2l-VKG_pdospJ6xliXQ,"""Burger Bar""",The Strip,4
lnNbXpgbyvORdiWkA38HsA,7fxebHYUwIF6CakxSr70iQ,"""Carnevino""",The Strip,3
Z7RtJrkw_9eLFjwRNYCbsA,Cni2l-VKG_pdospJ6xliXQ,"""Burger Bar""",The Strip,3
s_nn-TkAlHOC7Gjds0g2zg,pik4ebdFa0UcUhnNkivFcg,"""Carmine's Italian Restaurant - Las Vegas""",The Strip,5
EBFvrG-MH8W2uS2qZY8dmg,7fxebHYUwIF6CakxSr70iQ,"""Carnevino""",The Strip,5
WbpQQnvvs2d4XuA11WyPhQ,CCRgGKhzxSpl38w7yhqKUw,"""Noodles""",The Strip,4
T5bnyN3Wadw8VZW2Y3AQgg,CCRgGKhzxSpl38w7yhqKUw,"""Noodles""",The Strip,1
HifA_PzAJO3M45Wq_0lOUw,pik4ebdFa0UcUhnNkivFcg,"""Carmine's Italian Restaurant - Las Vegas""",The Strip,5
E6PFZbgFmx9LPQw66cB0cQ,pik4ebdFa0UcUhnNkivFcg,"""Carmine's Italian Restaurant - Las Vegas""",The Strip,2
hIdSTuzyQ8pexdSQqf0SQA,7fxebHYUwIF6CakxSr70iQ,"""Carnevino""",The Strip,4
0TXspSEwadYixqTg5tN9Fw,Cni2l-VKG_pdospJ6xliXQ,"""Burger Bar""",The Strip,5
O4f6QU5MYDChXawl8GMVoA,Cni2l-VKG_pdospJ6xliXQ,"""Burger Bar""",The Strip,4
rJCmD81MpwxNs8NiTbXI4g,7fxebHYUwIF6CakxSr70iQ,"""Carnevino""",The Strip,5
sY9QhDbQlDK6BPMqYefCeQ,7fxebHYUwIF6CakxSr70iQ,"""Carnevino""",The Strip,3
OdShhJF-WWJdgvRInU6N4A,Cni2l-VKG_pdospJ6xliXQ,"""Burger Bar""",The Strip,5
ygVsR4KK70FJM0DXlPUBBg,Cni2l-VKG_pdospJ6xliXQ,"""Burger Bar""",The Strip,1
mbp_UmBlhCeJXAqxoK6foA,CCRgGKhzxSpl38w7yhqKUw,"""Noodles""",The Strip,4
6ri4ImpKkGbg1hRb7qPoCg,pik4ebdFa0UcUhnNkivFcg,"""Carmine's Italian Restaurant - Las Vegas""",The Strip,5
ChJrwZnJCYT00AxlLVdXUA,Cni2l-VKG_pdospJ6xliXQ,"""Burger Bar""",The Strip,5
gijqnKe5syCZj7al4kgxFQ,pik4ebdFa0UcUhnNkivFcg,"""Carmine's Italian Restaurant - Las Vegas""",The Strip,4
FLxDjt3eOstUh109ja7JOw,Cni2l-VKG_pdospJ6xliXQ,"""Burger Bar""",The Strip,5
TMMmUU_psX4HRNeucFOALg,pKk7jCFIm96qDdk0laVT2w,"""StripSteak""",The Strip,3
-02zLt-pl9q1zVISiEJ0tA,pik4ebdFa0UcUhnNkivFcg,"""Carmine's Italian Restaurant - Las Vegas""",The Strip,5
4-ut9noMzEf0is9W-8CPnQ,Cni2l-VKG_pdospJ6xliXQ,"""Burger Bar""",The Strip,5
Df_Z8astXqQ1Hpt-UBDlIQ,CCRgGKhzxSpl38w7yhqKUw,"""Noodles""",The Strip,2
zZSXs90-sXaYa6Axing0Iw,7fxebHYUwIF6CakxSr70iQ,"""Carnevino""",The Strip,1
vxKTtij9eIGgzDK5kDNegA,7fxebHYUwIF6CakxSr70iQ,"""Carnevino""",The Strip,4
N8fi_KW1MNAqGqXc5Ekamg,7fxebHYUwIF6CakxSr70iQ,"""Carnevino""",The Strip,1
-E_gdMuBKaGrUu7N_Vfu-g,pKk7jCFIm96qDdk0laVT2w,"""StripSteak""",The Strip,4
0d7gFJUi4cV3I7j1dHn9fQ,u-67zd1ImTv3EEr5kIdWrA,"""House of Blues - Music Venue""",The Strip,5
WcW_Qj96HkhJn5hTitHbqQ,pik4ebdFa0UcUhnNkivFcg,"""Carmine's Italian Restaurant - Las Vegas""",The Strip,5
uOiZXx7B-5wUcH1_sjIPHg,u-67zd1ImTv3EEr5kIdWrA,"""House of Blues - Music Venue""",The Strip,5
vrYY6ByqCS-2We-raSqjXQ,Cni2l-VKG_pdospJ6xliXQ,"""Burger Bar""",The Strip,2
HogxhAY117QIDD6vQ7-4oA,Cni2l-VKG_pdospJ6xliXQ,"""Burger Bar""",The Strip,3
3UgGboSPyfThvsHNt9O0kg,7fxebHYUwIF6CakxSr70iQ,"""Carnevino""",The Strip,4
DgrjGkWvMsjg4zh6OkJj8w,7fxebHYUwIF6CakxSr70iQ,"""Carnevino""",The Strip,5
qF1V8GyuLL5Fpv40Cyturw,u-67zd1ImTv3EEr5kIdWrA,"""House of Blues - Music Venue""",The Strip,3
pKDRpXm4QMyiL0uzltcbJw,CCRgGKhzxSpl38w7yhqKUw,"""Noodles""",The Strip,3
WnIOHI8hZlN0kUfBVcjLXQ,7fxebHYUwIF6CakxSr70iQ,"""Carnevino""",The Strip,2
F_QjqauO7SMR1zg3r-8b2A,7fxebHYUwIF6CakxSr70iQ,"""Carnevino""",The Strip,4
F_QjqauO7SMR1zg3r-8b2A,pKk7jCFIm96qDdk0laVT2w,"""StripSteak""",The Strip,3
QJI9OSEn6ujRCtrX06vs1w,pKk7jCFIm96qDdk0laVT2w,"""StripSteak""",The Strip,5
1PtcpOAOq020vabZqSy2Hg,pik4ebdFa0UcUhnNkivFcg,"""Carmine's Italian Restaurant - Las Vegas""",The Strip,5
lDlBsJHb0g7lQf07gctZfg,7fxebHYUwIF6CakxSr70iQ,"""Carnevino""",The Strip,1
ImnJ5KKaWWNjj1E9kEArmQ,Cni2l-VKG_pdospJ6xliXQ,"""Burger Bar""",The Strip,4
dgubDyACZaLh-_KhjXl4Lg,pik4ebdFa0UcUhnNkivFcg,"""Carmine's Italian Restaurant - Las Vegas""",The Strip,4
tp77HGAm4JVX3BL50v7Ajg,pik4ebdFa0UcUhnNkivFcg,"""Carmine's Italian Restaurant - Las Vegas""",The Strip,4
gVGksCEK0I2osiGf4emWHA,7fxebHYUwIF6CakxSr70iQ,"""Carnevino""",The Strip,5
-wF9X1C5NxqOPCU57ZQOuw,u-67zd1ImTv3EEr5kIdWrA,"""House of Blues - Music Venue""",The Strip,3
-wF9X1C5NxqOPCU57ZQOuw,pKk7jCFIm96qDdk0laVT2w,"""StripSteak""",The Strip,5
MO8hS_-E83YhgkF_fl2ahw,CCRgGKhzxSpl38w7yhqKUw,"""Noodles""",The Strip,2
MWVsEJs8NYn3pHgDByJidA,u-67zd1ImTv3EEr5kIdWrA,"""House of Blues - Music Venue""",The Strip,5
zBwFqmw7OA4xm2PHUlFUDg,Cni2l-VKG_pdospJ6xliXQ,"""Burger Bar""",The Strip,3
6DLbgqTCRDRhizvzJ0TWvg,pik4ebdFa0UcUhnNkivFcg,"""Carmine's Italian Restaurant - Las Vegas""",The Strip,5
6DLbgqTCRDRhizvzJ0TWvg,Cni2l-VKG_pdospJ6xliXQ,"""Burger Bar""",The Strip,3
L11L03C5Z14zXvmv_gu3HQ,u-67zd1ImTv3EEr5kIdWrA,"""House of Blues - Music Venue""",The Strip,2
o2XiSzzcei1nx9vev6waPA,CCRgGKhzxSpl38w7yhqKUw,"""Noodles""",The Strip,3
UFH1DHBLw2ifnrqI5zJLRw,CCRgGKhzxSpl38w7yhqKUw,"""Noodles""",The Strip,4
acoVn9Vbp0fnuc3n-1M2EA,Cni2l-VKG_pdospJ6xliXQ,"""Burger Bar""",The Strip,2
Te18TxvzfLomGE56N7s3Dw,CCRgGKhzxSpl38w7yhqKUw,"""Noodles""",The Strip,3
1GvVA0POzfoQpvq4ziTfDA,pik4ebdFa0UcUhnNkivFcg,"""Carmine's Italian Restaurant - Las Vegas""",The Strip,2
0Mi72krc2byb-iVpx5gGWQ,7fxebHYUwIF6CakxSr70iQ,"""Carnevino""",The Strip,2
ATzsE7pLZuW5KagMw4hePA,Cni2l-VKG_pdospJ6xliXQ,"""Burger Bar""",The Strip,4
jCoAa22ba9WL2f9tbOFC8Q,pik4ebdFa0UcUhnNkivFcg,"""Carmine's Italian Restaurant - Las Vegas""",The Strip,5
PAzgMhSXGokkOw2CMZUI1w,Cni2l-VKG_pdospJ6xliXQ,"""Burger Bar""",The Strip,3
8s8KEVUdTFJWdOwUY6i5Xg,Cni2l-VKG_pdospJ6xliXQ,"""Burger Bar""",The Strip,1
YKDTBnMN6nW6mg4Kho6OYg,pik4ebdFa0UcUhnNkivFcg,"""Carmine's Italian Restaurant - Las Vegas""",The Strip,5
EsGXuan8LFE_bSM4p5KNJw,pKk7jCFIm96qDdk0laVT2w,"""StripSteak""",The Strip,1
27i0XhFRiq7X3m88HE7zDw,CCRgGKhzxSpl38w7yhqKUw,"""Noodles""",The Strip,5
Maj7Gl89JLK9Sp21ckrvew,pKk7jCFIm96qDdk0laVT2w,"""StripSteak""",The Strip,5
Hzt4UPkvv7VXHXVBAlfIqw,pKk7jCFIm96qDdk0laVT2w,"""StripSteak""",The Strip,1
Hzt4UPkvv7VXHXVBAlfIqw,Cni2l-VKG_pdospJ6xliXQ,"""Burger Bar""",The Strip,3
sW5b9NR-vV1ypVS1Gd_1TQ,u-67zd1ImTv3EEr5kIdWrA,"""House of Blues - Music Venue""",The Strip,4
oIXYObVqeyc-ECd4lJAZWQ,7fxebHYUwIF6CakxSr70iQ,"""Carnevino""",The Strip,2
bI93RM0c14qXTcKyeGAJpw,Cni2l-VKG_pdospJ6xliXQ,"""Burger Bar""",The Strip,5
istBYwe8y5QcUQhxX-6AWw,pKk7jCFIm96qDdk0laVT2w,"""StripSteak""",The Strip,5
z54XkLYBGoouFwdXZz3puQ,7fxebHYUwIF6CakxSr70iQ,"""Carnevino""",The Strip,5
VbPb2-zOI4poJY8nahkFcw,7fxebHYUwIF6CakxSr70iQ,"""Carnevino""",The Strip,2
lxZtTYv-q06dZvkY2nWovw,CCRgGKhzxSpl38w7yhqKUw,"""Noodles""",The Strip,4
BXhtFqgWw2DU76bzjQ9DDA,pik4ebdFa0UcUhnNkivFcg,"""Carmine's Italian Restaurant - Las Vegas""",The Strip,4
P8-toyD00q90Vo5U7wHw1A,pKk7jCFIm96qDdk0laVT2w,"""StripSteak""",The Strip,5
-ou42X2Ny3erNTjUmYn60A,Cni2l-VKG_pdospJ6xliXQ,"""Burger Bar""",The Strip,1
R5s2FhhfjYfTriMGslCb6Q,pik4ebdFa0UcUhnNkivFcg,"""Carmine's Italian Restaurant - Las Vegas""",The Strip,5
g9RqTJwFKGK7PT-PNKjxXQ,7fxebHYUwIF6CakxSr70iQ,"""Carnevino""",The Strip,4
WvbQIl6ZzFAdcfAHbpQI5g,CCRgGKhzxSpl38w7yhqKUw,"""Noodles""",The Strip,4
cpxO4mjbYYq4YYPLSTO4Wg,pik4ebdFa0UcUhnNkivFcg,"""Carmine's Italian Restaurant - Las Vegas""",The Strip,5
bnw9Oe3oMMOPRzkH71p-nA,Cni2l-VKG_pdospJ6xliXQ,"""Burger Bar""",The Strip,5
HRyFtrmf19GTKEM_kOa2pg,pKk7jCFIm96qDdk0laVT2w,"""StripSteak""",The Strip,3
HRyFtrmf19GTKEM_kOa2pg,Cni2l-VKG_pdospJ6xliXQ,"""Burger Bar""",The Strip,4
7bROBhJwvSOPvpqS0lVp-Q,Cni2l-VKG_pdospJ6xliXQ,"""Burger Bar""",The Strip,5
1mede_tNNAs6yUfDglDCRg,7fxebHYUwIF6CakxSr70iQ,"""Carnevino""",The Strip,5
g2kwgZAPdj1n-E__UKYbeA,Cni2l-VKG_pdospJ6xliXQ,"""Burger Bar""",The Strip,4
T0tSO-bmPWGoVpfW3oK6Ig,7fxebHYUwIF6CakxSr70iQ,"""Carnevino""",The Strip,5
bH25w24mq7C0F9tlXivNdw,CCRgGKhzxSpl38w7yhqKUw,"""Noodles""",The Strip,5
IY2_wSs2i3G3rbuhUtsDsw,CCRgGKhzxSpl38w7yhqKUw,"""Noodles""",The Strip,2
_8IVQIPsF5te1_JNFmGtSQ,CCRgGKhzxSpl38w7yhqKUw,"""Noodles""",The Strip,4
oOUk8ZYfDa0_MQ2X-p0QQg,pKk7jCFIm96qDdk0laVT2w,"""StripSteak""",The Strip,5
h9RUaaHa5kcQKqtJ-sgS0Q,Cni2l-VKG_pdospJ6xliXQ,"""Burger Bar""",The Strip,2
h9RUaaHa5kcQKqtJ-sgS0Q,pKk7jCFIm96qDdk0laVT2w,"""StripSteak""",The Strip,4
K3hMHY8QXe2KB08ZQM-pNQ,Cni2l-VKG_pdospJ6xliXQ,"""Burger Bar""",The Strip,2
TPKUUkAOlklihNGSOLSYGw,CCRgGKhzxSpl38w7yhqKUw,"""Noodles""",The Strip,4
ZllX1jBjyvG82i2PjqCe9A,pik4ebdFa0UcUhnNkivFcg,"""Carmine's Italian Restaurant - Las Vegas""",The Strip,5
UHCfh0B0pHj-28_g0v44Hw,Cni2l-VKG_pdospJ6xliXQ,"""Burger Bar""",The Strip,5
OGl7oPJ1vRyz8ZKvzz16vA,CCRgGKhzxSpl38w7yhqKUw,"""Noodles""",The Strip,3
EVaW-GGDEbYrYhgGUmO0DQ,Cni2l-VKG_pdospJ6xliXQ,"""Burger Bar""",The Strip,5
7aujCZcCS1EoLDZDfpO7jg,Cni2l-VKG_pdospJ6xliXQ,"""Burger Bar""",The Strip,4
XTPrrAO1hkBr2SeSzZuI8w,pKk7jCFIm96qDdk0laVT2w,"""StripSteak""",The Strip,5
F6J-sSbJ85YEkrp-btxmrg,Cni2l-VKG_pdospJ6xliXQ,"""Burger Bar""",The Strip,4
-mzS8ZrsN5vIhAM22gcS3Q,Cni2l-VKG_pdospJ6xliXQ,"""Burger Bar""",The Strip,2
_91FxFZYTaUGVIEnQhB5cw,pik4ebdFa0UcUhnNkivFcg,"""Carmine's Italian Restaurant - Las Vegas""",The Strip,2
Hv_q_ZnSIoZwdcoH0CyV2Q,u-67zd1ImTv3EEr5kIdWrA,"""House of Blues - Music Venue""",The Strip,1
61ldGK5wlYxZQaNt0eK1Mg,u-67zd1ImTv3EEr5kIdWrA,"""House of Blues - Music Venue""",The Strip,3
oqTZC9WriodTCby6jl0LfQ,Cni2l-VKG_pdospJ6xliXQ,"""Burger Bar""",The Strip,3
ajx1YQYaSiF_tBFaaP7XKA,u-67zd1ImTv3EEr5kIdWrA,"""House of Blues - Music Venue""",The Strip,2
xowUHz_hRW69Z743ddtEQg,pKk7jCFIm96qDdk0laVT2w,"""StripSteak""",The Strip,2
FLwyCK_hWIGEr01S_htdgg,CCRgGKhzxSpl38w7yhqKUw,"""Noodles""",The Strip,2
QJI9OSEn6ujRCtrX06vs1w,Cni2l-VKG_pdospJ6xliXQ,"""Burger Bar""",The Strip,4
pDHPpt3rBfIDf5wZjh1BzA,CCRgGKhzxSpl38w7yhqKUw,"""Noodles""",The Strip,3
qE9-rlD5c5wOg7B7ogwflQ,7fxebHYUwIF6CakxSr70iQ,"""Carnevino""",The Strip,4
DKEpflB9R7T5jcFtjncWnw,7fxebHYUwIF6CakxSr70iQ,"""Carnevino""",The Strip,2
xJEpQXgkeeZsBFivohgJKg,Cni2l-VKG_pdospJ6xliXQ,"""Burger Bar""",The Strip,4
f5U9dfk3NPIgVzqGMFNKLA,pKk7jCFIm96qDdk0laVT2w,"""StripSteak""",The Strip,2
PNWBrddca2TomDWw8n-UJw,pKk7jCFIm96qDdk0laVT2w,"""StripSteak""",The Strip,3
1ldXhP-krxnZfVtnAd3WOQ,pKk7jCFIm96qDdk0laVT2w,"""StripSteak""",The Strip,1
LbtFyFzsdt-d2XDlIGVsaQ,Cni2l-VKG_pdospJ6xliXQ,"""Burger Bar""",The Strip,4
sy-8V6vTW-ZPxuvjJKktkg,Cni2l-VKG_pdospJ6xliXQ,"""Burger Bar""",The Strip,4
DDMn5rVLwBDyISUHWb3FZw,pKk7jCFIm96qDdk0laVT2w,"""StripSteak""",The Strip,5
71nDbahxUVvKTv97Quxswg,Cni2l-VKG_pdospJ6xliXQ,"""Burger Bar""",The Strip,3
epkRB3J_oBEiyiwahvdmGg,pik4ebdFa0UcUhnNkivFcg,"""Carmine's Italian Restaurant - Las Vegas""",The Strip,4
qdssYyyQfBJPjIUMEGTykQ,u-67zd1ImTv3EEr5kIdWrA,"""House of Blues - Music Venue""",The Strip,3
PCH2ikkpLtkutFHIXv0p7A,CCRgGKhzxSpl38w7yhqKUw,"""Noodles""",The Strip,4
8Bs4yedxATLd5aIiUmvIgA,u-67zd1ImTv3EEr5kIdWrA,"""House of Blues - Music Venue""",The Strip,5
7nf0b6RTjQJy6fj44LwMMg,u-67zd1ImTv3EEr5kIdWrA,"""House of Blues - Music Venue""",The Strip,2
YUWFek3LCHCjCU51MESVsw,7fxebHYUwIF6CakxSr70iQ,"""Carnevino""",The Strip,3
hE34xpG35WugHznWf79HfQ,Cni2l-VKG_pdospJ6xliXQ,"""Burger Bar""",The Strip,4
ldSocJvfHDBX5491WNcjVg,Cni2l-VKG_pdospJ6xliXQ,"""Burger Bar""",The Strip,3
rA-M7DS4zrwH-PKqA7eMpQ,Cni2l-VKG_pdospJ6xliXQ,"""Burger Bar""",The Strip,4
epkRB3J_oBEiyiwahvdmGg,Cni2l-VKG_pdospJ6xliXQ,"""Burger Bar""",The Strip,3
jOU73K85NeMzBsqwJtfu0A,7fxebHYUwIF6CakxSr70iQ,"""Carnevino""",The Strip,4
jOU73K85NeMzBsqwJtfu0A,u-67zd1ImTv3EEr5kIdWrA,"""House of Blues - Music Venue""",The Strip,4
L4_b7mZYmNELjoaaRmgtug,Cni2l-VKG_pdospJ6xliXQ,"""Burger Bar""",The Strip,4
5ikIAzvMO9fWF_tt3O1osw,7fxebHYUwIF6CakxSr70iQ,"""Carnevino""",The Strip,4
7fmAcPFBDbHWp8nxWVv2gg,pik4ebdFa0UcUhnNkivFcg,"""Carmine's Italian Restaurant - Las Vegas""",The Strip,4
_lfGQ8HJgiWwvoORWb3bJQ,pik4ebdFa0UcUhnNkivFcg,"""Carmine's Italian Restaurant - Las Vegas""",The Strip,1
cQKCRTjHgEX72TluSmkdPw,pKk7jCFIm96qDdk0laVT2w,"""StripSteak""",The Strip,5
gLxOJ50gJ9dJplaew3h5Qw,Cni2l-VKG_pdospJ6xliXQ,"""Burger Bar""",The Strip,4
mz9CJ6jViU44JosIi8GJfw,u-67zd1ImTv3EEr5kIdWrA,"""House of Blues - Music Venue""",The Strip,4
m8RmqueMRsz8KlptAT3pmA,7fxebHYUwIF6CakxSr70iQ,"""Carnevino""",The Strip,4
GVTAaT3hjOHNn0C8y9R68w,pKk7jCFIm96qDdk0laVT2w,"""StripSteak""",The Strip,5
WjmWNxvDNcnjTT0t_uDofA,Cni2l-VKG_pdospJ6xliXQ,"""Burger Bar""",The Strip,5
65qbB9h_uLvS5JTiC-g-0A,CCRgGKhzxSpl38w7yhqKUw,"""Noodles""",The Strip,4
vlKVmCHhTY5J-I8e2hB7qg,7fxebHYUwIF6CakxSr70iQ,"""Carnevino""",The Strip,3
ltYNRRH0u7OwoH06YprPGQ,pik4ebdFa0UcUhnNkivFcg,"""Carmine's Italian Restaurant - Las Vegas""",The Strip,4
KpFgzr2xkFfzBTSaLZ0kOQ,Cni2l-VKG_pdospJ6xliXQ,"""Burger Bar""",The Strip,4
ERA4e6rMOLbKP58OM2NuFQ,u-67zd1ImTv3EEr5kIdWrA,"""House of Blues - Music Venue""",The Strip,5
ERA4e6rMOLbKP58OM2NuFQ,Cni2l-VKG_pdospJ6xliXQ,"""Burger Bar""",The Strip,5
XIuQ-L_Y1-t8QDNju6QBvw,Cni2l-VKG_pdospJ6xliXQ,"""Burger Bar""",The Strip,2
x9_Hh1Y6DvoibgUBIvjO4g,7fxebHYUwIF6CakxSr70iQ,"""Carnevino""",The Strip,5
kV4k-CJnHcPfw_cXydXAkg,Cni2l-VKG_pdospJ6xliXQ,"""Burger Bar""",The Strip,3
hpw7UrWf51aaWKbaGGJ2hA,7fxebHYUwIF6CakxSr70iQ,"""Carnevino""",The Strip,3
WG5WicLcCPsOlGwlxu8pBg,Cni2l-VKG_pdospJ6xliXQ,"""Burger Bar""",The Strip,5
wIqehbvcb5FDTZ7n26TMxg,Cni2l-VKG_pdospJ6xliXQ,"""Burger Bar""",The Strip,4
ewtoMdU18BDfoEnRsQ8QiA,pKk7jCFIm96qDdk0laVT2w,"""StripSteak""",The Strip,2
ewtoMdU18BDfoEnRsQ8QiA,Cni2l-VKG_pdospJ6xliXQ,"""Burger Bar""",The Strip,3
3e-BITbm264Cq4pS_kF8rw,7fxebHYUwIF6CakxSr70iQ,"""Carnevino""",The Strip,3
-8hnmBOU3e3HfK2QIzsTCA,u-67zd1ImTv3EEr5kIdWrA,"""House of Blues - Music Venue""",The Strip,3
-8hnmBOU3e3HfK2QIzsTCA,Cni2l-VKG_pdospJ6xliXQ,"""Burger Bar""",The Strip,5
uU-Rk1sj478gPh6Kug1wSw,Cni2l-VKG_pdospJ6xliXQ,"""Burger Bar""",The Strip,4
NI2glfU_qscu4YcxtI8F9Q,7fxebHYUwIF6CakxSr70iQ,"""Carnevino""",The Strip,1
NI2glfU_qscu4YcxtI8F9Q,Cni2l-VKG_pdospJ6xliXQ,"""Burger Bar""",The Strip,4
fS9vRXSmi6IW8ULnUMgrFw,CCRgGKhzxSpl38w7yhqKUw,"""Noodles""",The Strip,2
L27OShvycGmVOkAxD1h86A,Cni2l-VKG_pdospJ6xliXQ,"""Burger Bar""",The Strip,5
ovBYVzdfHv8J9fqbMcJY4g,pik4ebdFa0UcUhnNkivFcg,"""Carmine's Italian Restaurant - Las Vegas""",The Strip,4
PzJnSfDNewOQWfiIolNCNQ,Cni2l-VKG_pdospJ6xliXQ,"""Burger Bar""",The Strip,5
9lJORKueWLIwytrqrHaLoQ,Cni2l-VKG_pdospJ6xliXQ,"""Burger Bar""",The Strip,4
iKEKrXRq4O72-duFbh_w-Q,pik4ebdFa0UcUhnNkivFcg,"""Carmine's Italian Restaurant - Las Vegas""",The Strip,5
r0KvePHM3_VIgb7bPwx-pw,pKk7jCFIm96qDdk0laVT2w,"""StripSteak""",The Strip,2
9QBfx9Vz1nWDW2QCz69Imw,Cni2l-VKG_pdospJ6xliXQ,"""Burger Bar""",The Strip,4
gsxPx7ly-0hxeQHAoBxQ2w,7fxebHYUwIF6CakxSr70iQ,"""Carnevino""",The Strip,2
_rmDtnoop1rhGO9eUe40pA,Cni2l-VKG_pdospJ6xliXQ,"""Burger Bar""",The Strip,4
u-s03Dd-N5SbSIRhKSSkSA,pKk7jCFIm96qDdk0laVT2w,"""StripSteak""",The Strip,5
_qlU5gV7JArR_4SEa1UB_A,CCRgGKhzxSpl38w7yhqKUw,"""Noodles""",The Strip,3
bpL0xLBKbGZ6ffTQ6tfM6Q,Cni2l-VKG_pdospJ6xliXQ,"""Burger Bar""",The Strip,5
-lyere-h5mne-cWm3s6fjA,7fxebHYUwIF6CakxSr70iQ,"""Carnevino""",The Strip,4
c1wsB-8UD2P_5f6oBqCRYw,Cni2l-VKG_pdospJ6xliXQ,"""Burger Bar""",The Strip,2
wt57fkTOcSCYNb2fNAOlyg,7fxebHYUwIF6CakxSr70iQ,"""Carnevino""",The Strip,4
mcmerZ4cPNSVom9XKaoXTw,CCRgGKhzxSpl38w7yhqKUw,"""Noodles""",The Strip,1
OX21hHM8NkPIRkmT41sm3A,Cni2l-VKG_pdospJ6xliXQ,"""Burger Bar""",The Strip,5
tjpn8MBh2JV7JmN1NvNMVg,7fxebHYUwIF6CakxSr70iQ,"""Carnevino""",The Strip,3
XDC7L_ovKLYGRbRz90Pg8Q,Cni2l-VKG_pdospJ6xliXQ,"""Burger Bar""",The Strip,1
EmrysOQ46-XjBzUAK7rgKw,Cni2l-VKG_pdospJ6xliXQ,"""Burger Bar""",The Strip,3
E0GS9ObbAti0q4lv5Dy8yg,CCRgGKhzxSpl38w7yhqKUw,"""Noodles""",The Strip,3
VxUuMNnCqgA8zK4F0TYHMg,Cni2l-VKG_pdospJ6xliXQ,"""Burger Bar""",The Strip,2
MByYNutOWC938H_-MjyjoA,7fxebHYUwIF6CakxSr70iQ,"""Carnevino""",The Strip,4
PBmotLhDczArA10xRJ-_5w,Cni2l-VKG_pdospJ6xliXQ,"""Burger Bar""",The Strip,5
tupoY17A29ZfHh8L9HynMg,7fxebHYUwIF6CakxSr70iQ,"""Carnevino""",The Strip,4
20eY1PQ--P5GZKG1u_JIQQ,7fxebHYUwIF6CakxSr70iQ,"""Carnevino""",The Strip,5
pdw672O9PX_xd_3o5qlJoA,7fxebHYUwIF6CakxSr70iQ,"""Carnevino""",The Strip,4
Qo-eoz8T9K0FqmEcEOndrA,CCRgGKhzxSpl38w7yhqKUw,"""Noodles""",The Strip,3
MSQJq_kGEob9tqkLfA9PEA,pKk7jCFIm96qDdk0laVT2w,"""StripSteak""",The Strip,4
jXgUCBt33dsIjYVhjxbIog,Cni2l-VKG_pdospJ6xliXQ,"""Burger Bar""",The Strip,2
8P8dgzKDQg7OSlEiAUUqlQ,Cni2l-VKG_pdospJ6xliXQ,"""Burger Bar""",The Strip,3
xJxtHt9Rvdy75EMvVtcN9g,pKk7jCFIm96qDdk0laVT2w,"""StripSteak""",The Strip,4
nvYfjNcY012i-UTxOl5riA,CCRgGKhzxSpl38w7yhqKUw,"""Noodles""",The Strip,4
C2LrqqSUDPKZW1AlRcqnuQ,u-67zd1ImTv3EEr5kIdWrA,"""House of Blues - Music Venue""",The Strip,4
VizhcyMWWPz3UDXEBeix4w,Cni2l-VKG_pdospJ6xliXQ,"""Burger Bar""",The Strip,4
J-x6D8KLJdHmF12WrVrx7w,u-67zd1ImTv3EEr5kIdWrA,"""House of Blues - Music Venue""",The Strip,4
Vd_iw-TuRc3WsdYy5r6lAg,7fxebHYUwIF6CakxSr70iQ,"""Carnevino""",The Strip,2
sYq8XqBfBcGfgXn9XKeyuA,u-67zd1ImTv3EEr5kIdWrA,"""House of Blues - Music Venue""",The Strip,1
VflLFJyDNx7pNBHNyTJFWA,Cni2l-VKG_pdospJ6xliXQ,"""Burger Bar""",The Strip,5
WkBSBfRRloP6QFH7O8I5dg,CCRgGKhzxSpl38w7yhqKUw,"""Noodles""",The Strip,4
Z6X-Ou4cmgk7l_pPmEEolg,pKk7jCFIm96qDdk0laVT2w,"""StripSteak""",The Strip,5
xFTXrAJrMFtsnr0GzHkcXg,Cni2l-VKG_pdospJ6xliXQ,"""Burger Bar""",The Strip,4
g7Nw2TMJWhcZX-N05qIX7g,pik4ebdFa0UcUhnNkivFcg,"""Carmine's Italian Restaurant - Las Vegas""",The Strip,4
jmp_fELs1lJRptAsiJ-LkQ,7fxebHYUwIF6CakxSr70iQ,"""Carnevino""",The Strip,4
rf8brDMse8LF8i_J9GBejw,Cni2l-VKG_pdospJ6xliXQ,"""Burger Bar""",The Strip,5
u-atI52gs2pO-DvfdMA-xw,u-67zd1ImTv3EEr5kIdWrA,"""House of Blues - Music Venue""",The Strip,4
j_ci1mNDGlIYLHI1-T6aUw,u-67zd1ImTv3EEr5kIdWrA,"""House of Blues - Music Venue""",The Strip,5
j2tgdzkbOIiRQvOwVTL4Vg,Cni2l-VKG_pdospJ6xliXQ,"""Burger Bar""",The Strip,3
eHrtrd8JHtWhVlVQC4u6Rw,7fxebHYUwIF6CakxSr70iQ,"""Carnevino""",The Strip,5
KkrGq0KtW-wyzFKv5aamlA,7fxebHYUwIF6CakxSr70iQ,"""Carnevino""",The Strip,5
JHnmk0YsdIH0kvS45HRs9w,Cni2l-VKG_pdospJ6xliXQ,"""Burger Bar""",The Strip,5
gUbmROdfSM_4OYmXCzRUOQ,CCRgGKhzxSpl38w7yhqKUw,"""Noodles""",The Strip,4
_n54aJ5YwcvE8NUzdtHmyg,Cni2l-VKG_pdospJ6xliXQ,"""Burger Bar""",The Strip,4
_CdfakHKfbH_BfMDqJ0T-Q,CCRgGKhzxSpl38w7yhqKUw,"""Noodles""",The Strip,4
XOzuDlByzpoyhA4fV4GMIw,pKk7jCFIm96qDdk0laVT2w,"""StripSteak""",The Strip,4
Jy7BwojX8fRcq14_Lmigcg,pKk7jCFIm96qDdk0laVT2w,"""StripSteak""",The Strip,4
BjfFklJflzvpZpJC30ecRA,CCRgGKhzxSpl38w7yhqKUw,"""Noodles""",The Strip,4
BjfFklJflzvpZpJC30ecRA,7fxebHYUwIF6CakxSr70iQ,"""Carnevino""",The Strip,5
6JehEvdoCvZPJ_XIxnzIIw,u-67zd1ImTv3EEr5kIdWrA,"""House of Blues - Music Venue""",The Strip,2
SxgLNxZZJuwf-JMDnHcvxA,Cni2l-VKG_pdospJ6xliXQ,"""Burger Bar""",The Strip,2
UDQNWEfaxtrX_wCHh-wwvw,pik4ebdFa0UcUhnNkivFcg,"""Carmine's Italian Restaurant - Las Vegas""",The Strip,5
seR0RklSV0nbfXv31LtSxg,u-67zd1ImTv3EEr5kIdWrA,"""House of Blues - Music Venue""",The Strip,2
KcJ-IYxoM4oteQkOGRxnzg,Cni2l-VKG_pdospJ6xliXQ,"""Burger Bar""",The Strip,5
M63YR6ut8e9zcC1rAmysFg,u-67zd1ImTv3EEr5kIdWrA,"""House of Blues - Music Venue""",The Strip,5
GzGl423lZYQwF1dJJOugzA,Cni2l-VKG_pdospJ6xliXQ,"""Burger Bar""",The Strip,3
9Ez0VRTa3LBxuduAgdqVIw,Cni2l-VKG_pdospJ6xliXQ,"""Burger Bar""",The Strip,5
BvW3MBulUF0mZn1pTkv3jg,pKk7jCFIm96qDdk0laVT2w,"""StripSteak""",The Strip,4
uByRQgWAtaEfJQt85Dz-Lg,u-67zd1ImTv3EEr5kIdWrA,"""House of Blues - Music Venue""",The Strip,2
KLqrnYu6y03sa_Zid4xT7g,u-67zd1ImTv3EEr5kIdWrA,"""House of Blues - Music Venue""",The Strip,3
Tp8Lz7M6AYfYJt1b5Z00QQ,CCRgGKhzxSpl38w7yhqKUw,"""Noodles""",The Strip,2
j4oNRX1_cgV1rI2aG6xKtg,Cni2l-VKG_pdospJ6xliXQ,"""Burger Bar""",The Strip,5
wq6McmcCGFIYmaCT-r3VRA,Cni2l-VKG_pdospJ6xliXQ,"""Burger Bar""",The Strip,3
U3yUqN9bwqolWapCFkB5eQ,7fxebHYUwIF6CakxSr70iQ,"""Carnevino""",The Strip,5
-LUmRqjZdJGLB45pDaqdWA,u-67zd1ImTv3EEr5kIdWrA,"""House of Blues - Music Venue""",The Strip,3
uxNFWgeE8vHuHcv9ksak2g,u-67zd1ImTv3EEr5kIdWrA,"""House of Blues - Music Venue""",The Strip,1
I-KCduI3V7ODyNiUWgqygg,CCRgGKhzxSpl38w7yhqKUw,"""Noodles""",The Strip,3
UL5K2rnSYIPD1LcqPgbmDQ,pik4ebdFa0UcUhnNkivFcg,"""Carmine's Italian Restaurant - Las Vegas""",The Strip,1
-XqT2gb0a54UwQAuSxv9ag,Cni2l-VKG_pdospJ6xliXQ,"""Burger Bar""",The Strip,5
9Sephbl1URmDycU7AT1D_w,pKk7jCFIm96qDdk0laVT2w,"""StripSteak""",The Strip,4
LEGudhGQU2sBvpyltEov1g,Cni2l-VKG_pdospJ6xliXQ,"""Burger Bar""",The Strip,3
XN7GVORBtwkcq4zfhIALqg,pKk7jCFIm96qDdk0laVT2w,"""StripSteak""",The Strip,3
xSPQfnP2il7WOcwKJDeFbQ,u-67zd1ImTv3EEr5kIdWrA,"""House of Blues - Music Venue""",The Strip,5
ZsFF2j_Bkruztr801LWarw,Cni2l-VKG_pdospJ6xliXQ,"""Burger Bar""",The Strip,3
Z6htHbjdHuHh-9wWeAvZqg,Cni2l-VKG_pdospJ6xliXQ,"""Burger Bar""",The Strip,4
bwTeAl593lY6Fzo67Y874w,7fxebHYUwIF6CakxSr70iQ,"""Carnevino""",The Strip,5
CZgmLuzTh0orVeDXhOxaIA,7fxebHYUwIF6CakxSr70iQ,"""Carnevino""",The Strip,4
FM7GMCp3Tv1ohzM_ibH79Q,Cni2l-VKG_pdospJ6xliXQ,"""Burger Bar""",The Strip,1
BgswmzMbYy-7DK9UZYlXEg,7fxebHYUwIF6CakxSr70iQ,"""Carnevino""",The Strip,2
-jt1ACMiZljnBFvS6RRvnA,pKk7jCFIm96qDdk0laVT2w,"""StripSteak""",The Strip,4
Zr35L4XoRimzGA7w1LX7aQ,7fxebHYUwIF6CakxSr70iQ,"""Carnevino""",The Strip,3
a0PH_2zKVQExMP5w-OJQKw,Cni2l-VKG_pdospJ6xliXQ,"""Burger Bar""",The Strip,4
3Dpy_5NNh0LNTlc4Y06dpg,Cni2l-VKG_pdospJ6xliXQ,"""Burger Bar""",The Strip,4
664nu-FPiyyK5fS7KEMjww,pKk7jCFIm96qDdk0laVT2w,"""StripSteak""",The Strip,4
nisyPjTvbCHSQxnFVyL9OA,Cni2l-VKG_pdospJ6xliXQ,"""Burger Bar""",The Strip,2
XnrxX_jKmoHxm9pC4wm26g,7fxebHYUwIF6CakxSr70iQ,"""Carnevino""",The Strip,5
vqNqAUEy-oEOEI6EE1FfUw,Cni2l-VKG_pdospJ6xliXQ,"""Burger Bar""",The Strip,5
8dE1V3U9Fc6M3cTdg_VSPg,CCRgGKhzxSpl38w7yhqKUw,"""Noodles""",The Strip,2
TTO1s5_lTR0nQpJB5n-bvw,Cni2l-VKG_pdospJ6xliXQ,"""Burger Bar""",The Strip,5
TaZU9xjsaCpKYirpriUYzg,Cni2l-VKG_pdospJ6xliXQ,"""Burger Bar""",The Strip,4
bXnXfHZPnhnVk8iK3H8H6A,u-67zd1ImTv3EEr5kIdWrA,"""House of Blues - Music Venue""",The Strip,5
Nlr2s9hhwYAD_Hk20eixfg,pik4ebdFa0UcUhnNkivFcg,"""Carmine's Italian Restaurant - Las Vegas""",The Strip,3
0YyF7OrD2VEUVUiYmKZ8MA,7fxebHYUwIF6CakxSr70iQ,"""Carnevino""",The Strip,1
gZ8AbgFg9wmpE0Q-7v24WA,CCRgGKhzxSpl38w7yhqKUw,"""Noodles""",The Strip,5
-__Mk4KYnfGnyYEi9NKfPg,u-67zd1ImTv3EEr5kIdWrA,"""House of Blues - Music Venue""",The Strip,3
-__Mk4KYnfGnyYEi9NKfPg,pKk7jCFIm96qDdk0laVT2w,"""StripSteak""",The Strip,5
421vzM8Vk8F7mrETCsH_9g,Cni2l-VKG_pdospJ6xliXQ,"""Burger Bar""",The Strip,4
MH4J5y9-XVGdhq6vRVMFrw,Cni2l-VKG_pdospJ6xliXQ,"""Burger Bar""",The Strip,4
ylmb5VWVQ5pdHXdm_79TGw,Cni2l-VKG_pdospJ6xliXQ,"""Burger Bar""",The Strip,3
XcO_zeOaAFjrdee3mC9aJQ,Cni2l-VKG_pdospJ6xliXQ,"""Burger Bar""",The Strip,3
0nFQgBQlel94VZpIfUAEMw,Cni2l-VKG_pdospJ6xliXQ,"""Burger Bar""",The Strip,2
KCPbwBz6YiNDP4rSjsDZdA,u-67zd1ImTv3EEr5kIdWrA,"""House of Blues - Music Venue""",The Strip,1
iQWPdBdZ0YH0EzZ89pFsdw,Cni2l-VKG_pdospJ6xliXQ,"""Burger Bar""",The Strip,5
I4YsVkP_8-EYwwLrsvcO4A,Cni2l-VKG_pdospJ6xliXQ,"""Burger Bar""",The Strip,5
2AO9SNRqzJTpSen8i-eIuA,pik4ebdFa0UcUhnNkivFcg,"""Carmine's Italian Restaurant - Las Vegas""",The Strip,1
DIoiI9I0ZhscCubEnbSJtg,7fxebHYUwIF6CakxSr70iQ,"""Carnevino""",The Strip,5
J7mpjpYHOzjPSQVu1twJRw,pik4ebdFa0UcUhnNkivFcg,"""Carmine's Italian Restaurant - Las Vegas""",The Strip,2
D8pT36KEB0nIKBTMujdkrg,Cni2l-VKG_pdospJ6xliXQ,"""Burger Bar""",The Strip,4
0VrLq4a_CzhtbFaGoCRkAQ,pik4ebdFa0UcUhnNkivFcg,"""Carmine's Italian Restaurant - Las Vegas""",The Strip,2
P7Qt34VblZupUifRJ_5hbA,u-67zd1ImTv3EEr5kIdWrA,"""House of Blues - Music Venue""",The Strip,4
rlPehQiRaORm8NnrJeetrQ,7fxebHYUwIF6CakxSr70iQ,"""Carnevino""",The Strip,3
qd6310nfKBqM3VMnHdr9qA,Cni2l-VKG_pdospJ6xliXQ,"""Burger Bar""",The Strip,5
17Wjm9XB6LzOMncFooJn0w,Cni2l-VKG_pdospJ6xliXQ,"""Burger Bar""",The Strip,3
17Wjm9XB6LzOMncFooJn0w,pKk7jCFIm96qDdk0laVT2w,"""StripSteak""",The Strip,2
X5fruAcZ4MqYU5AoB-WWWQ,7fxebHYUwIF6CakxSr70iQ,"""Carnevino""",The Strip,4
VYd409xPNzlzPf6nTWuAdw,Cni2l-VKG_pdospJ6xliXQ,"""Burger Bar""",The Strip,5
rfL8lz9kpTMsi72KGAlUZg,u-67zd1ImTv3EEr5kIdWrA,"""House of Blues - Music Venue""",The Strip,4
4tVcD5mDy63PfbKrnOOJrA,Cni2l-VKG_pdospJ6xliXQ,"""Burger Bar""",The Strip,4
DhZy8rxKc3f0N96jvRzS-g,u-67zd1ImTv3EEr5kIdWrA,"""House of Blues - Music Venue""",The Strip,4
qErQm83aIhBHowoYKljlqg,7fxebHYUwIF6CakxSr70iQ,"""Carnevino""",The Strip,4
WpOcwazZ76dNJ7QiL-hQGg,7fxebHYUwIF6CakxSr70iQ,"""Carnevino""",The Strip,1
bEt1eRcgk6B_v_W0FO8YHg,Cni2l-VKG_pdospJ6xliXQ,"""Burger Bar""",The Strip,3
dsMxD3jkICS_m7o2FoJgOA,Cni2l-VKG_pdospJ6xliXQ,"""Burger Bar""",The Strip,5
ycY6H7FoIkvTs4DWfTnR2w,CCRgGKhzxSpl38w7yhqKUw,"""Noodles""",The Strip,5
DJ-Op9KBAZyvPpkIbOTiOg,CCRgGKhzxSpl38w7yhqKUw,"""Noodles""",The Strip,4
EHpvulJrxIE-SwAVg60WNA,u-67zd1ImTv3EEr5kIdWrA,"""House of Blues - Music Venue""",The Strip,4
UW2D2lUIdcs92k-1HB5ubQ,Cni2l-VKG_pdospJ6xliXQ,"""Burger Bar""",The Strip,5
2I9cRYtvXnHMjEZXvSS1yg,Cni2l-VKG_pdospJ6xliXQ,"""Burger Bar""",The Strip,4
GoAQCvu0E9vQjJjoMb91eg,pKk7jCFIm96qDdk0laVT2w,"""StripSteak""",The Strip,5
JkuKSbDKOtuBAal5mW_kOA,7fxebHYUwIF6CakxSr70iQ,"""Carnevino""",The Strip,5
o4doq_xtRGNRALX_L0JS8g,pKk7jCFIm96qDdk0laVT2w,"""StripSteak""",The Strip,1
zm29Txeqgkz0u0oNOqT_nA,pik4ebdFa0UcUhnNkivFcg,"""Carmine's Italian Restaurant - Las Vegas""",The Strip,5
_5fJ-gDatI7UiAXzYltuqQ,pKk7jCFIm96qDdk0laVT2w,"""StripSteak""",The Strip,4
SCOsNp7tZ2IktSS5KvECVw,Cni2l-VKG_pdospJ6xliXQ,"""Burger Bar""",The Strip,3
2NrgUbl5Qm8e_6Se866TEg,CCRgGKhzxSpl38w7yhqKUw,"""Noodles""",The Strip,3
ygvKRplkVipS1N4ksXu-Cw,pik4ebdFa0UcUhnNkivFcg,"""Carmine's Italian Restaurant - Las Vegas""",The Strip,5
EsOu51dW3UTDJTApBxwz2g,CCRgGKhzxSpl38w7yhqKUw,"""Noodles""",The Strip,3
_usPWYgkQTeHt4rtNbdMsw,pik4ebdFa0UcUhnNkivFcg,"""Carmine's Italian Restaurant - Las Vegas""",The Strip,3
NlugZGq4Ure9lmw-FvnyAg,u-67zd1ImTv3EEr5kIdWrA,"""House of Blues - Music Venue""",The Strip,5
LOi1qbpl2hTP0cwSDDuyBQ,u-67zd1ImTv3EEr5kIdWrA,"""House of Blues - Music Venue""",The Strip,4
jKXRzGgBeyyE4Snepg9jhQ,u-67zd1ImTv3EEr5kIdWrA,"""House of Blues - Music Venue""",The Strip,1
dS_Chr83zk_KrQ_TLuLnDw,CCRgGKhzxSpl38w7yhqKUw,"""Noodles""",The Strip,3
aOTre8z3pokSfRqvyq7CKA,Cni2l-VKG_pdospJ6xliXQ,"""Burger Bar""",The Strip,4
wenFKNoaIxopNCYfmWODzQ,pKk7jCFIm96qDdk0laVT2w,"""StripSteak""",The Strip,4
wenFKNoaIxopNCYfmWODzQ,Cni2l-VKG_pdospJ6xliXQ,"""Burger Bar""",The Strip,4
53N5dtXp5yB0R0OHLY5u5g,pKk7jCFIm96qDdk0laVT2w,"""StripSteak""",The Strip,4
SKoTUoRSGqgTBDgHNZalBA,Cni2l-VKG_pdospJ6xliXQ,"""Burger Bar""",The Strip,5
gq8dZgJConBUANpSFzKKjg,u-67zd1ImTv3EEr5kIdWrA,"""House of Blues - Music Venue""",The Strip,5
d3ypnBp6yDHWShML-9k5Ng,CCRgGKhzxSpl38w7yhqKUw,"""Noodles""",The Strip,4
mCd7pk8FqvlUD4Tkh8wiKw,7fxebHYUwIF6CakxSr70iQ,"""Carnevino""",The Strip,3
vASaF47nWvCHEEDA8nfCVw,pKk7jCFIm96qDdk0laVT2w,"""StripSteak""",The Strip,5
0VR0ntKsmI20j6mPvxquNw,pKk7jCFIm96qDdk0laVT2w,"""StripSteak""",The Strip,4
cwwbFErxMphmxv_mp4Q8ow,7fxebHYUwIF6CakxSr70iQ,"""Carnevino""",The Strip,1
Cx5V6BvXk7Gm1_B5lD7fbA,pKk7jCFIm96qDdk0laVT2w,"""StripSteak""",The Strip,5
XUJ0eV8aVaQr89ZHucoCDQ,pik4ebdFa0UcUhnNkivFcg,"""Carmine's Italian Restaurant - Las Vegas""",The Strip,2
UNK-LPxvfFMB25LqhaDd_w,pik4ebdFa0UcUhnNkivFcg,"""Carmine's Italian Restaurant - Las Vegas""",The Strip,5
VZRxANvyTm2ixS6jYDGgEw,pKk7jCFIm96qDdk0laVT2w,"""StripSteak""",The Strip,3
GyfQPmcTJlj_6fz0a3s6lg,pik4ebdFa0UcUhnNkivFcg,"""Carmine's Italian Restaurant - Las Vegas""",The Strip,5
WnHWBWkaVbJwbztMXYs0KQ,7fxebHYUwIF6CakxSr70iQ,"""Carnevino""",The Strip,1
jNPsHvEjRwrJwW511273tA,pik4ebdFa0UcUhnNkivFcg,"""Carmine's Italian Restaurant - Las Vegas""",The Strip,4
cJh4F1zFNJb2wXCNT1uNWQ,Cni2l-VKG_pdospJ6xliXQ,"""Burger Bar""",The Strip,5
Y1Ah7P9vdU67yq_cd19tIQ,7fxebHYUwIF6CakxSr70iQ,"""Carnevino""",The Strip,5
uDCXh4P5c9vZcoUZU3jcLA,pik4ebdFa0UcUhnNkivFcg,"""Carmine's Italian Restaurant - Las Vegas""",The Strip,5
uDCXh4P5c9vZcoUZU3jcLA,u-67zd1ImTv3EEr5kIdWrA,"""House of Blues - Music Venue""",The Strip,4
UQFE3BT1rsIYrcDvu_XVow,pKk7jCFIm96qDdk0laVT2w,"""StripSteak""",The Strip,5
_vN1zUgCxvfVFabQJw5JvA,Cni2l-VKG_pdospJ6xliXQ,"""Burger Bar""",The Strip,5
oBhQMjrT0zdSLdlybWRA_w,pik4ebdFa0UcUhnNkivFcg,"""Carmine's Italian Restaurant - Las Vegas""",The Strip,2
G46BG1p9dhFZvJWUfxJBTg,Cni2l-VKG_pdospJ6xliXQ,"""Burger Bar""",The Strip,5
TKmqeIUd7b9XoYwoXGVKww,7fxebHYUwIF6CakxSr70iQ,"""Carnevino""",The Strip,2
5EX96wDORX-Tays2aEMK4w,pik4ebdFa0UcUhnNkivFcg,"""Carmine's Italian Restaurant - Las Vegas""",The Strip,1
q-BgrGHk2f3fSDTin2w8Jw,Cni2l-VKG_pdospJ6xliXQ,"""Burger Bar""",The Strip,1
-Cy7Ms9xV8d8fYezyUusCg,7fxebHYUwIF6CakxSr70iQ,"""Carnevino""",The Strip,4
KL3BdqIlJD34CFBnEpPhXA,Cni2l-VKG_pdospJ6xliXQ,"""Burger Bar""",The Strip,4
7Y3nKpLR-SzjinKUxtkj2Q,Cni2l-VKG_pdospJ6xliXQ,"""Burger Bar""",The Strip,4
qvlYlQx5gYwIwiKHpl5aEA,pKk7jCFIm96qDdk0laVT2w,"""StripSteak""",The Strip,5
kcAjBrN9Mk8cBXAW84iNrA,pik4ebdFa0UcUhnNkivFcg,"""Carmine's Italian Restaurant - Las Vegas""",The Strip,1
aTFO07pamSxg5T3VMWMH5Q,pKk7jCFIm96qDdk0laVT2w,"""StripSteak""",The Strip,5
nQXYlHx3VVQh1z3ImTH9PA,Cni2l-VKG_pdospJ6xliXQ,"""Burger Bar""",The Strip,4
U6Mca-GmMJTuTPNH75czzQ,pKk7jCFIm96qDdk0laVT2w,"""StripSteak""",The Strip,5
_D0fpoWGQt3_-FGYLWuntg,Cni2l-VKG_pdospJ6xliXQ,"""Burger Bar""",The Strip,4
Inr0MMw3vFUPvDoHHV3JeA,Cni2l-VKG_pdospJ6xliXQ,"""Burger Bar""",The Strip,5
kkz3iUYNaFN4Rl53litsOA,7fxebHYUwIF6CakxSr70iQ,"""Carnevino""",The Strip,5
dSMChP0H_Deo45c8CG3emg,CCRgGKhzxSpl38w7yhqKUw,"""Noodles""",The Strip,5
iCjcGbIoXsLKs4zRWJe8zA,7fxebHYUwIF6CakxSr70iQ,"""Carnevino""",The Strip,1
oBhQMjrT0zdSLdlybWRA_w,u-67zd1ImTv3EEr5kIdWrA,"""House of Blues - Music Venue""",The Strip,4
oBhQMjrT0zdSLdlybWRA_w,Cni2l-VKG_pdospJ6xliXQ,"""Burger Bar""",The Strip,3
K1AOWtg9yg2ycjYQvMG4cw,u-67zd1ImTv3EEr5kIdWrA,"""House of Blues - Music Venue""",The Strip,2
uc5SI7_91nonDnujTB7tug,7fxebHYUwIF6CakxSr70iQ,"""Carnevino""",The Strip,4
KwPerkZLC7y3tfh9j8Sq_A,Cni2l-VKG_pdospJ6xliXQ,"""Burger Bar""",The Strip,5
e3xXqCayE5Oo_xpgQifWWQ,7fxebHYUwIF6CakxSr70iQ,"""Carnevino""",The Strip,3
ZXJ80SFdNBIIoKyTYHZ-Xg,pKk7jCFIm96qDdk0laVT2w,"""StripSteak""",The Strip,3
mX84lBw8jwS2uQqdgKu_aA,7fxebHYUwIF6CakxSr70iQ,"""Carnevino""",The Strip,5
-iY0Ujlq2k0DZiMpFFkHZQ,pKk7jCFIm96qDdk0laVT2w,"""StripSteak""",The Strip,5
ejzke1gX5spaR-NcrGMn3A,7fxebHYUwIF6CakxSr70iQ,"""Carnevino""",The Strip,5
7-1e4feWMMAjYYnx1_irAA,CCRgGKhzxSpl38w7yhqKUw,"""Noodles""",The Strip,4
35swCvsvOPxkvJfm5WlWRg,Cni2l-VKG_pdospJ6xliXQ,"""Burger Bar""",The Strip,4
ezDQr5Ak3IECb_wv1qEadA,u-67zd1ImTv3EEr5kIdWrA,"""House of Blues - Music Venue""",The Strip,3
Be9djCNolBmUIeRRqwc4rQ,Cni2l-VKG_pdospJ6xliXQ,"""Burger Bar""",The Strip,4
aRKnl3_U456hIgBK5HC-zA,u-67zd1ImTv3EEr5kIdWrA,"""House of Blues - Music Venue""",The Strip,2
WGTAVvyRRZ05V-TrRf3ZoA,u-67zd1ImTv3EEr5kIdWrA,"""House of Blues - Music Venue""",The Strip,5
y6UplUH72gl3eBtG6ACa1w,CCRgGKhzxSpl38w7yhqKUw,"""Noodles""",The Strip,3
y6UplUH72gl3eBtG6ACa1w,Cni2l-VKG_pdospJ6xliXQ,"""Burger Bar""",The Strip,4
3uRLaaNEG3-QRnA_9ve2_w,Cni2l-VKG_pdospJ6xliXQ,"""Burger Bar""",The Strip,5
rkoxxZZEehkIaVQ2arhqtg,Cni2l-VKG_pdospJ6xliXQ,"""Burger Bar""",The Strip,5
4a0c6-YlIPqKzfdOOrXD3w,CCRgGKhzxSpl38w7yhqKUw,"""Noodles""",The Strip,3
ypm9IB9iZkwY71FKkYeLkg,Cni2l-VKG_pdospJ6xliXQ,"""Burger Bar""",The Strip,4
dFM9X3C-nDp74Mjdk9VKYg,CCRgGKhzxSpl38w7yhqKUw,"""Noodles""",The Strip,1
unV05KrzxsUQoyUF50Q_TQ,pik4ebdFa0UcUhnNkivFcg,"""Carmine's Italian Restaurant - Las Vegas""",The Strip,4
btgZWY-IciTg4q61saeJ9Q,CCRgGKhzxSpl38w7yhqKUw,"""Noodles""",The Strip,3
xwIeGfv2NAhq9Kofn5qQmg,Cni2l-VKG_pdospJ6xliXQ,"""Burger Bar""",The Strip,3
rTmJdfyiHbVdG100d1dcYQ,pik4ebdFa0UcUhnNkivFcg,"""Carmine's Italian Restaurant - Las Vegas""",The Strip,3
naB7b9Wm8-ralA9oap2RjA,u-67zd1ImTv3EEr5kIdWrA,"""House of Blues - Music Venue""",The Strip,5
TKJmtaebTFMZriOngNL5nQ,Cni2l-VKG_pdospJ6xliXQ,"""Burger Bar""",The Strip,2
Gk09XuRUjimeFsjVsb_brw,Cni2l-VKG_pdospJ6xliXQ,"""Burger Bar""",The Strip,3
X7UvHxkMl-uuV9BafReIPw,pKk7jCFIm96qDdk0laVT2w,"""StripSteak""",The Strip,5
qJU8JKsfnmOvahx-EsgkNw,pKk7jCFIm96qDdk0laVT2w,"""StripSteak""",The Strip,4
caQAXDdwHuwsL8AERXa8iQ,CCRgGKhzxSpl38w7yhqKUw,"""Noodles""",The Strip,3
AWZy5IdU8HduEe9qkGvOqA,7fxebHYUwIF6CakxSr70iQ,"""Carnevino""",The Strip,5
3rWdCM2_AK7GWQlwzRO99Q,Cni2l-VKG_pdospJ6xliXQ,"""Burger Bar""",The Strip,3
dQr6bJooK0RZaEgm0r2Mcw,u-67zd1ImTv3EEr5kIdWrA,"""House of Blues - Music Venue""",The Strip,4
DPTP-JmjDsjoJ31gl9nS0w,Cni2l-VKG_pdospJ6xliXQ,"""Burger Bar""",The Strip,4
PhrM-v2O--kPpR16YUOd1A,7fxebHYUwIF6CakxSr70iQ,"""Carnevino""",The Strip,5
lIh9jH-_HVCjSbnw-1OU5Q,7fxebHYUwIF6CakxSr70iQ,"""Carnevino""",The Strip,5
__ft9xJoD1pf5SYZ7iybig,Cni2l-VKG_pdospJ6xliXQ,"""Burger Bar""",The Strip,5
y5q4Pl_VNZB4LMqpmzauDw,7fxebHYUwIF6CakxSr70iQ,"""Carnevino""",The Strip,5
5oQZbpVli6LetUh29pjYgA,7fxebHYUwIF6CakxSr70iQ,"""Carnevino""",The Strip,3
5oQZbpVli6LetUh29pjYgA,Cni2l-VKG_pdospJ6xliXQ,"""Burger Bar""",The Strip,5
5oQZbpVli6LetUh29pjYgA,pKk7jCFIm96qDdk0laVT2w,"""StripSteak""",The Strip,5
SmSqtDzLMOm1a8tQyvVU_Q,pKk7jCFIm96qDdk0laVT2w,"""StripSteak""",The Strip,3
JUWn0HC-S8IsUMtMAHOnYQ,pKk7jCFIm96qDdk0laVT2w,"""StripSteak""",The Strip,5
f7g20gEpc_lpgI9Y07wCIw,7fxebHYUwIF6CakxSr70iQ,"""Carnevino""",The Strip,4
zC8Vd3y2-GxiZOAn0Db_kA,Cni2l-VKG_pdospJ6xliXQ,"""Burger Bar""",The Strip,5
S6AsbltNu60qIb0Yl2UjCg,CCRgGKhzxSpl38w7yhqKUw,"""Noodles""",The Strip,3
S8xFbn-t1mwypG40w62iKA,CCRgGKhzxSpl38w7yhqKUw,"""Noodles""",The Strip,2
pDALhVTmWgXtY_pTDAOc0A,pKk7jCFIm96qDdk0laVT2w,"""StripSteak""",The Strip,5
CP5YQH-m8s01Ms8tZEIj6g,pKk7jCFIm96qDdk0laVT2w,"""StripSteak""",The Strip,4
_1uJIv2vWnEX8UA-jMrBGQ,CCRgGKhzxSpl38w7yhqKUw,"""Noodles""",The Strip,2
DnChOoweyZy65_sv1-3qAA,Cni2l-VKG_pdospJ6xliXQ,"""Burger Bar""",The Strip,5
R2r-X5ClWFQk8KPKow-Q1g,Cni2l-VKG_pdospJ6xliXQ,"""Burger Bar""",The Strip,3
dApjxdgI8YUdXvfLe6dllg,Cni2l-VKG_pdospJ6xliXQ,"""Burger Bar""",The Strip,5
_Gt45xqYd9_frx9lY1IHSg,7fxebHYUwIF6CakxSr70iQ,"""Carnevino""",The Strip,3
7QUeWTx-BjF3E0hwKhzZMw,CCRgGKhzxSpl38w7yhqKUw,"""Noodles""",The Strip,3
yC4LGvRF-NxHNrw3Q-kGMA,pKk7jCFIm96qDdk0laVT2w,"""StripSteak""",The Strip,4
Nrw5rzrPFjpumgrLIjgamg,u-67zd1ImTv3EEr5kIdWrA,"""House of Blues - Music Venue""",The Strip,4
ZmB_g5aBc1KB7YeOsp3HIg,7fxebHYUwIF6CakxSr70iQ,"""Carnevino""",The Strip,3
Cz18qGgmRMb2qe25xhcfNw,pKk7jCFIm96qDdk0laVT2w,"""StripSteak""",The Strip,4
R68O4c7tERvo9GvRqThAfQ,pik4ebdFa0UcUhnNkivFcg,"""Carmine's Italian Restaurant - Las Vegas""",The Strip,4
HHoEXPAGiEQWU3TXWXqzHQ,pKk7jCFIm96qDdk0laVT2w,"""StripSteak""",The Strip,4
HHoEXPAGiEQWU3TXWXqzHQ,Cni2l-VKG_pdospJ6xliXQ,"""Burger Bar""",The Strip,4
kvLb1ZcVomcN74n0Bn3BKQ,pik4ebdFa0UcUhnNkivFcg,"""Carmine's Italian Restaurant - Las Vegas""",The Strip,1
DJAiPhpkitdhn7REAyfZww,Cni2l-VKG_pdospJ6xliXQ,"""Burger Bar""",The Strip,3
QTXeJ0TmEoeb2nRUemWpZA,pKk7jCFIm96qDdk0laVT2w,"""StripSteak""",The Strip,5
tlXJJRofk9jFdo8pErGtcA,pKk7jCFIm96qDdk0laVT2w,"""StripSteak""",The Strip,4
yv9jvt_58q9ZQzl9i8xUmw,Cni2l-VKG_pdospJ6xliXQ,"""Burger Bar""",The Strip,5
7k-iiTbtTPSCfjPwtRAsiw,pKk7jCFIm96qDdk0laVT2w,"""StripSteak""",The Strip,5
XY-roCF2jH_ST8ix-1z-5A,pik4ebdFa0UcUhnNkivFcg,"""Carmine's Italian Restaurant - Las Vegas""",The Strip,5
Uj38UJ_0HRHOD87V18Izpw,pik4ebdFa0UcUhnNkivFcg,"""Carmine's Italian Restaurant - Las Vegas""",The Strip,4
V0GV8oGj4G_u5MBZEZt18Q,pik4ebdFa0UcUhnNkivFcg,"""Carmine's Italian Restaurant - Las Vegas""",The Strip,4
-PXrxfoajGpAOcQsQE6FOw,CCRgGKhzxSpl38w7yhqKUw,"""Noodles""",The Strip,3
Rv1nBWbu4akOS83qagyeJg,Cni2l-VKG_pdospJ6xliXQ,"""Burger Bar""",The Strip,3
EI5KsS9xmdGoJfVsFsrvdw,Cni2l-VKG_pdospJ6xliXQ,"""Burger Bar""",The Strip,2
EggzBADPrY34OkVKrnlcGw,pKk7jCFIm96qDdk0laVT2w,"""StripSteak""",The Strip,4
oznT6CCm8c0jr_VuKv_Wmg,7fxebHYUwIF6CakxSr70iQ,"""Carnevino""",The Strip,5
ffPY_bHX8vLebHu8LBEqfg,u-67zd1ImTv3EEr5kIdWrA,"""House of Blues - Music Venue""",The Strip,4
ffPY_bHX8vLebHu8LBEqfg,Cni2l-VKG_pdospJ6xliXQ,"""Burger Bar""",The Strip,4
Vm1PnU78QT8BP-33-gv_0w,pKk7jCFIm96qDdk0laVT2w,"""StripSteak""",The Strip,5
WPdkJN1FLiNDVDWRN5MLaw,Cni2l-VKG_pdospJ6xliXQ,"""Burger Bar""",The Strip,4
i7gzzAO4FOelMrFqfpMWIQ,pik4ebdFa0UcUhnNkivFcg,"""Carmine's Italian Restaurant - Las Vegas""",The Strip,4
T-AsXqBczQEs9EdF3FvDCw,pik4ebdFa0UcUhnNkivFcg,"""Carmine's Italian Restaurant - Las Vegas""",The Strip,5
JhRxJmSm9Y339xyaDaRuzw,pKk7jCFIm96qDdk0laVT2w,"""StripSteak""",The Strip,5
JAbbvsDqhmB8wc6c-FAsHA,CCRgGKhzxSpl38w7yhqKUw,"""Noodles""",The Strip,4
jX7n6KfNZ22kBh6AHhxRbA,pKk7jCFIm96qDdk0laVT2w,"""StripSteak""",The Strip,5
ek-DTKEOtfWewahooEiMfw,Cni2l-VKG_pdospJ6xliXQ,"""Burger Bar""",The Strip,4
ISEmeWUUh6bXiUvy58Jxng,Cni2l-VKG_pdospJ6xliXQ,"""Burger Bar""",The Strip,3
6ru0KWdyQm0-MG0a8qFGmw,Cni2l-VKG_pdospJ6xliXQ,"""Burger Bar""",The Strip,5
AZs18moR9Cnw6-gBV6lDjg,CCRgGKhzxSpl38w7yhqKUw,"""Noodles""",The Strip,3
OunsbiLcm5LIhZraYOeycA,pKk7jCFIm96qDdk0laVT2w,"""StripSteak""",The Strip,4
N2wQg1rtipyucf6Sp7hnXA,CCRgGKhzxSpl38w7yhqKUw,"""Noodles""",The Strip,3
eT44jHLy3RLwJrB4HwKj2g,7fxebHYUwIF6CakxSr70iQ,"""Carnevino""",The Strip,4
1PB1zDPsOXt7UrWcWGnl_g,pik4ebdFa0UcUhnNkivFcg,"""Carmine's Italian Restaurant - Las Vegas""",The Strip,2
U08FBOaRQCk-IAcHPAxzKA,7fxebHYUwIF6CakxSr70iQ,"""Carnevino""",The Strip,3
GedZwrg2I7vr286iG8M2Cg,Cni2l-VKG_pdospJ6xliXQ,"""Burger Bar""",The Strip,4
TLLtxMHkVQ_gF7Y01ax5Bw,Cni2l-VKG_pdospJ6xliXQ,"""Burger Bar""",The Strip,4
U-nR7ND8CDN2x8ia73CH2Q,u-67zd1ImTv3EEr5kIdWrA,"""House of Blues - Music Venue""",The Strip,4
E-bBf_qhSf7NWFdJRu9QMw,pik4ebdFa0UcUhnNkivFcg,"""Carmine's Italian Restaurant - Las Vegas""",The Strip,5
xvUi4uGX7MSxKFMxxE7mLQ,pik4ebdFa0UcUhnNkivFcg,"""Carmine's Italian Restaurant - Las Vegas""",The Strip,3
KtiQBizOiQTXbEm37K2lYQ,Cni2l-VKG_pdospJ6xliXQ,"""Burger Bar""",The Strip,4
-XvB5TvlGahyamqIsJO-fg,u-67zd1ImTv3EEr5kIdWrA,"""House of Blues - Music Venue""",The Strip,1
Arh2olBD3hJ_1l3KnNoHJA,7fxebHYUwIF6CakxSr70iQ,"""Carnevino""",The Strip,1
Qk-SR1qjwdGUwDO1FOvuYg,pKk7jCFIm96qDdk0laVT2w,"""StripSteak""",The Strip,2
YwNspTSswxIN9PBrHDpFVA,Cni2l-VKG_pdospJ6xliXQ,"""Burger Bar""",The Strip,4
fnkfeB0q9qT2SicdjQt4jw,Cni2l-VKG_pdospJ6xliXQ,"""Burger Bar""",The Strip,3
fnkfeB0q9qT2SicdjQt4jw,pKk7jCFIm96qDdk0laVT2w,"""StripSteak""",The Strip,3
oXYuRa_UDJqcfxfjOPRKxA,u-67zd1ImTv3EEr5kIdWrA,"""House of Blues - Music Venue""",The Strip,3
hrODQVed5nPdeP2-Gj2Mxw,Cni2l-VKG_pdospJ6xliXQ,"""Burger Bar""",The Strip,5
q6J0RrdafRqkxR_ffONHcQ,CCRgGKhzxSpl38w7yhqKUw,"""Noodles""",The Strip,3
GfFQIYWDPkXioBCUulw5iw,u-67zd1ImTv3EEr5kIdWrA,"""House of Blues - Music Venue""",The Strip,1
1y_b3g-rTAFH4XLdEkfT2w,CCRgGKhzxSpl38w7yhqKUw,"""Noodles""",The Strip,3
ObQl16Vuc4sHPGKtzSGNUw,u-67zd1ImTv3EEr5kIdWrA,"""House of Blues - Music Venue""",The Strip,3
K0mFbYeHkpA6MME2lllwgw,Cni2l-VKG_pdospJ6xliXQ,"""Burger Bar""",The Strip,5
ouP9WF8WCbf38qKnpzg1gw,CCRgGKhzxSpl38w7yhqKUw,"""Noodles""",The Strip,2
lPXKwqTpRQMRtpryLw9www,pKk7jCFIm96qDdk0laVT2w,"""StripSteak""",The Strip,5
sDlRFzGHzfpFHaxvJ1JtTg,u-67zd1ImTv3EEr5kIdWrA,"""House of Blues - Music Venue""",The Strip,3
nC0Gk9qShbm74qceXon66w,CCRgGKhzxSpl38w7yhqKUw,"""Noodles""",The Strip,1
jKu8IWD897HMYgKzgmrcVA,CCRgGKhzxSpl38w7yhqKUw,"""Noodles""",The Strip,3
CK6w4REQliKRmBtJ-YArOA,Cni2l-VKG_pdospJ6xliXQ,"""Burger Bar""",The Strip,4
CK6w4REQliKRmBtJ-YArOA,u-67zd1ImTv3EEr5kIdWrA,"""House of Blues - Music Venue""",The Strip,4
z5O9EFydCgkdodGeSOndfw,7fxebHYUwIF6CakxSr70iQ,"""Carnevino""",The Strip,2
9MF-l8xgyWN9dm2-r2mF9w,u-67zd1ImTv3EEr5kIdWrA,"""House of Blues - Music Venue""",The Strip,4
9YMUh0lP6ePK5jR4etHQXA,Cni2l-VKG_pdospJ6xliXQ,"""Burger Bar""",The Strip,3
a2S0jQecIOUYurcBdgUddg,Cni2l-VKG_pdospJ6xliXQ,"""Burger Bar""",The Strip,4
ZEnrb4XPLi4VhpVBg0-diw,u-67zd1ImTv3EEr5kIdWrA,"""House of Blues - Music Venue""",The Strip,4
mX8fmQSOWVmgsCDQSKRPFg,Cni2l-VKG_pdospJ6xliXQ,"""Burger Bar""",The Strip,2
JnEscNrAiNn9w9S1sfl5qw,7fxebHYUwIF6CakxSr70iQ,"""Carnevino""",The Strip,5
iXsqV3q0Rr57i82yc60oxA,7fxebHYUwIF6CakxSr70iQ,"""Carnevino""",The Strip,5
Cvi8nZTwDVaQkqmmgQwQMw,Cni2l-VKG_pdospJ6xliXQ,"""Burger Bar""",The Strip,5
AGzKshnDvXEqLr8N4SYKeg,u-67zd1ImTv3EEr5kIdWrA,"""House of Blues - Music Venue""",The Strip,2
cDGvjAG3BptN0-ubbwXh-Q,pKk7jCFIm96qDdk0laVT2w,"""StripSteak""",The Strip,4
d2u-1HD0Kc_AZOpZvD6lnA,7fxebHYUwIF6CakxSr70iQ,"""Carnevino""",The Strip,2
sfp6PhgbQnemfeZTqfuajA,Cni2l-VKG_pdospJ6xliXQ,"""Burger Bar""",The Strip,3
nKmFsQpWKsAxUwJeZFjdDw,CCRgGKhzxSpl38w7yhqKUw,"""Noodles""",The Strip,2
tw1YfWwGJffPlUNTl_w1fw,CCRgGKhzxSpl38w7yhqKUw,"""Noodles""",The Strip,4
tVasO85ojeYPaDTsVm5FwA,CCRgGKhzxSpl38w7yhqKUw,"""Noodles""",The Strip,1
tVasO85ojeYPaDTsVm5FwA,pKk7jCFIm96qDdk0laVT2w,"""StripSteak""",The Strip,4
159coK75HjlECiEkJHNDmQ,u-67zd1ImTv3EEr5kIdWrA,"""House of Blues - Music Venue""",The Strip,5
Isf8G6HPbNqEisKDjmUlbw,u-67zd1ImTv3EEr5kIdWrA,"""House of Blues - Music Venue""",The Strip,4
IotiSRv2-gBplduXdqfrcg,CCRgGKhzxSpl38w7yhqKUw,"""Noodles""",The Strip,2
Yp0XAzUWc6Q8kQMoncxKCg,Cni2l-VKG_pdospJ6xliXQ,"""Burger Bar""",The Strip,3
Sa14KSNiR_9kvd-B_058Zg,CCRgGKhzxSpl38w7yhqKUw,"""Noodles""",The Strip,4
hTllhFLL_M6QwLbg2aD03w,7fxebHYUwIF6CakxSr70iQ,"""Carnevino""",The Strip,2
cqjRzEUUGfFVvNodtHNKRw,Cni2l-VKG_pdospJ6xliXQ,"""Burger Bar""",The Strip,4
TQEF9l-rwPDsZpLgYemimA,CCRgGKhzxSpl38w7yhqKUw,"""Noodles""",The Strip,1
JSmNM0IuS90W9AyiCEusHw,u-67zd1ImTv3EEr5kIdWrA,"""House of Blues - Music Venue""",The Strip,4
HaoPeg2ySVEbQKN3gySxHQ,pKk7jCFIm96qDdk0laVT2w,"""StripSteak""",The Strip,5
uif-fX5D7nOJqn1Y6w5N0w,pKk7jCFIm96qDdk0laVT2w,"""StripSteak""",The Strip,2
L8cvMZLWmM4qWTl9SkxJ8g,u-67zd1ImTv3EEr5kIdWrA,"""House of Blues - Music Venue""",The Strip,4
L8cvMZLWmM4qWTl9SkxJ8g,Cni2l-VKG_pdospJ6xliXQ,"""Burger Bar""",The Strip,5
LpchyAw5iLxG4jBKrq7-CQ,pik4ebdFa0UcUhnNkivFcg,"""Carmine's Italian Restaurant - Las Vegas""",The Strip,5
3uyBZNbDk2vRFBBWZOdIUA,pik4ebdFa0UcUhnNkivFcg,"""Carmine's Italian Restaurant - Las Vegas""",The Strip,4
ToHsfhCohlCcYMWnca6T1Q,pik4ebdFa0UcUhnNkivFcg,"""Carmine's Italian Restaurant - Las Vegas""",The Strip,5
dL019z9RRifiVEtzokoK2w,pik4ebdFa0UcUhnNkivFcg,"""Carmine's Italian Restaurant - Las Vegas""",The Strip,5
5cUVYZlmUCwqlOxBVP15Lw,u-67zd1ImTv3EEr5kIdWrA,"""House of Blues - Music Venue""",The Strip,4
HJmrHycriJpDerWkKBoe1w,pik4ebdFa0UcUhnNkivFcg,"""Carmine's Italian Restaurant - Las Vegas""",The Strip,3
uc5SI7_91nonDnujTB7tug,Cni2l-VKG_pdospJ6xliXQ,"""Burger Bar""",The Strip,1
qfCCxl0hHeIZk-Zzwy-JQA,7fxebHYUwIF6CakxSr70iQ,"""Carnevino""",The Strip,4
Da_6WZy964TT2xELjzHQ8A,pKk7jCFIm96qDdk0laVT2w,"""StripSteak""",The Strip,1
bw9tjVMKzAYkeGcuoyhH8w,u-67zd1ImTv3EEr5kIdWrA,"""House of Blues - Music Venue""",The Strip,1
YIt7GWGJ8eDM-TgCEHfKZw,7fxebHYUwIF6CakxSr70iQ,"""Carnevino""",The Strip,3
NydvGHnxV0dA3Fh7FdvdSQ,7fxebHYUwIF6CakxSr70iQ,"""Carnevino""",The Strip,4
qk4wCmW33NL7YfiRIaa4WQ,Cni2l-VKG_pdospJ6xliXQ,"""Burger Bar""",The Strip,4
W3JJN2TKTxLJdJdhYCGdQw,CCRgGKhzxSpl38w7yhqKUw,"""Noodles""",The Strip,3
K2zplTgI-vNzB7ndXG-y0w,Cni2l-VKG_pdospJ6xliXQ,"""Burger Bar""",The Strip,1
yrjV2EQm5XpN-qIFnqK1ow,Cni2l-VKG_pdospJ6xliXQ,"""Burger Bar""",The Strip,5
nffEoRhzQYVIL3Y6bFhcGA,7fxebHYUwIF6CakxSr70iQ,"""Carnevino""",The Strip,5
nffEoRhzQYVIL3Y6bFhcGA,pKk7jCFIm96qDdk0laVT2w,"""StripSteak""",The Strip,2
UT4Ya1vpvLPGH-_rbSXz_g,pKk7jCFIm96qDdk0laVT2w,"""StripSteak""",The Strip,4
0BoS5WdAKgdBknusKM-zqg,CCRgGKhzxSpl38w7yhqKUw,"""Noodles""",The Strip,5
4hBhtCSgoxkrFgHa4YAD-w,7fxebHYUwIF6CakxSr70iQ,"""Carnevino""",The Strip,3
uqJkD1_QcW2FomBO76ERkw,7fxebHYUwIF6CakxSr70iQ,"""Carnevino""",The Strip,3
J84j6s_469GOMsuPKPM99w,Cni2l-VKG_pdospJ6xliXQ,"""Burger Bar""",The Strip,4
wXayzhCMnZqUD31thDrvNA,Cni2l-VKG_pdospJ6xliXQ,"""Burger Bar""",The Strip,5
D-qWRWjpCpTnTEf2wWioqw,CCRgGKhzxSpl38w7yhqKUw,"""Noodles""",The Strip,5
SKC8gpRwiOfHVKheD3tCpw,CCRgGKhzxSpl38w7yhqKUw,"""Noodles""",The Strip,5
EcYPCwJtFcQ-Ih9BG6mcUA,pik4ebdFa0UcUhnNkivFcg,"""Carmine's Italian Restaurant - Las Vegas""",The Strip,5
aQ309VCE2Uct2ljoTzDJTw,Cni2l-VKG_pdospJ6xliXQ,"""Burger Bar""",The Strip,5
GNnVLFKOB6ftOmiuJWp0_w,Cni2l-VKG_pdospJ6xliXQ,"""Burger Bar""",The Strip,4
j0q_y06N8AROoaIKsaEGrg,CCRgGKhzxSpl38w7yhqKUw,"""Noodles""",The Strip,4
47BXr1fd-SR6IhSjpu53jw,7fxebHYUwIF6CakxSr70iQ,"""Carnevino""",The Strip,5
1l3g8Jo_8TJCaSL1Vd7kxg,Cni2l-VKG_pdospJ6xliXQ,"""Burger Bar""",The Strip,4
6K5PpBJMPTdqBA8If4XSKA,Cni2l-VKG_pdospJ6xliXQ,"""Burger Bar""",The Strip,5
e__4ZQBVlUuzZPEvj_22iQ,u-67zd1ImTv3EEr5kIdWrA,"""House of Blues - Music Venue""",The Strip,4
NwLYr1MqjVvHWg5UtSc6cg,CCRgGKhzxSpl38w7yhqKUw,"""Noodles""",The Strip,4
bc4uFFwtzGHC7TpjURPAeg,pKk7jCFIm96qDdk0laVT2w,"""StripSteak""",The Strip,1
J1lRNbVrX8_9r42gcnNnDQ,CCRgGKhzxSpl38w7yhqKUw,"""Noodles""",The Strip,5
ZgzRXqtwueWeHW_-nCWeXA,Cni2l-VKG_pdospJ6xliXQ,"""Burger Bar""",The Strip,5
AIjA_jJQyAhoxtYd335Ekg,CCRgGKhzxSpl38w7yhqKUw,"""Noodles""",The Strip,2
0pu_xGytmFLfpc1VcJxCng,Cni2l-VKG_pdospJ6xliXQ,"""Burger Bar""",The Strip,5
GVIb58s3emOfYpHUUnToMA,pKk7jCFIm96qDdk0laVT2w,"""StripSteak""",The Strip,3
G75mPlQaUY-0S5ye5DTZ6g,CCRgGKhzxSpl38w7yhqKUw,"""Noodles""",The Strip,4
GzyBADzoEj7DBz9TYetAsg,Cni2l-VKG_pdospJ6xliXQ,"""Burger Bar""",The Strip,3
9ScA9MGJnk8tjjt_QGcgEg,Cni2l-VKG_pdospJ6xliXQ,"""Burger Bar""",The Strip,1
rgIxBhfSKOVJPoCfwNKnwA,pik4ebdFa0UcUhnNkivFcg,"""Carmine's Italian Restaurant - Las Vegas""",The Strip,4
T6TjDj9BQuS46xDB8eeHFQ,u-67zd1ImTv3EEr5kIdWrA,"""House of Blues - Music Venue""",The Strip,2
khYx7FUZPQ061E-x5S7q3w,pKk7jCFIm96qDdk0laVT2w,"""StripSteak""",The Strip,4
Q-wZgSosVo4x4arPKHtKeQ,Cni2l-VKG_pdospJ6xliXQ,"""Burger Bar""",The Strip,4
hp0ezrR5yloXq8jTi6lqhg,CCRgGKhzxSpl38w7yhqKUw,"""Noodles""",The Strip,5
sVYh0xPk_VNuENwZwoYrDA,Cni2l-VKG_pdospJ6xliXQ,"""Burger Bar""",The Strip,4
CGArdjENnTFFgR1ISecFsQ,7fxebHYUwIF6CakxSr70iQ,"""Carnevino""",The Strip,2
enaHB1e956thdnafcHVAig,pKk7jCFIm96qDdk0laVT2w,"""StripSteak""",The Strip,5
gHx0cHvvT_Sz7NmCujGieQ,pik4ebdFa0UcUhnNkivFcg,"""Carmine's Italian Restaurant - Las Vegas""",The Strip,1
IlyVsGEeA21sXHmOoFd4NQ,pik4ebdFa0UcUhnNkivFcg,"""Carmine's Italian Restaurant - Las Vegas""",The Strip,5
2BLgaHhoHAIizZecfYiZ9g,u-67zd1ImTv3EEr5kIdWrA,"""House of Blues - Music Venue""",The Strip,4
8cYHQp4IQwE3P5Z8mGweMQ,CCRgGKhzxSpl38w7yhqKUw,"""Noodles""",The Strip,1
1f2kUrQtW834E_KoR__fiw,CCRgGKhzxSpl38w7yhqKUw,"""Noodles""",The Strip,5
eTNj0DGqgPbPagB0D9cZmA,Cni2l-VKG_pdospJ6xliXQ,"""Burger Bar""",The Strip,2
mYQLwpdhFP5MHu0SXIT-iQ,u-67zd1ImTv3EEr5kIdWrA,"""House of Blues - Music Venue""",The Strip,2
QUb15wGuOLUsgbkzMQr-8w,CCRgGKhzxSpl38w7yhqKUw,"""Noodles""",The Strip,1
1Xk_Q3f_zEi1IEym71Y6Gg,pKk7jCFIm96qDdk0laVT2w,"""StripSteak""",The Strip,3
HcddSfhO4E2RQbmbZ8u9TA,Cni2l-VKG_pdospJ6xliXQ,"""Burger Bar""",The Strip,4
IRQ-0MdPb6yJ0dLx-3oZtA,CCRgGKhzxSpl38w7yhqKUw,"""Noodles""",The Strip,1
5KzS8xgVJHOY1_L5XcraaA,pKk7jCFIm96qDdk0laVT2w,"""StripSteak""",The Strip,2
F2av57ztcbYiPADtT-YpdA,CCRgGKhzxSpl38w7yhqKUw,"""Noodles""",The Strip,1
X0ZmXuignAsCvz9nZkptlg,u-67zd1ImTv3EEr5kIdWrA,"""House of Blues - Music Venue""",The Strip,4
kW2dk1CWihmh3g7k9N2G8A,Cni2l-VKG_pdospJ6xliXQ,"""Burger Bar""",The Strip,4
AfJHoiSUSsaDJWwzS1Xf-Q,Cni2l-VKG_pdospJ6xliXQ,"""Burger Bar""",The Strip,4
tw1YfWwGJffPlUNTl_w1fw,Cni2l-VKG_pdospJ6xliXQ,"""Burger Bar""",The Strip,4
Q4ksGMVKcTzNi5CDpoAE4Q,pKk7jCFIm96qDdk0laVT2w,"""StripSteak""",The Strip,3
Nq9-f9fBBEPXzUTERfA6cA,Cni2l-VKG_pdospJ6xliXQ,"""Burger Bar""",The Strip,4
0UNLxWQlvdbOimOwx3iEVQ,Cni2l-VKG_pdospJ6xliXQ,"""Burger Bar""",The Strip,5
qBFSRn9g6To-ST5x47YiJg,Cni2l-VKG_pdospJ6xliXQ,"""Burger Bar""",The Strip,4
GzkYxzsHthMwb9E1RyH-bA,pik4ebdFa0UcUhnNkivFcg,"""Carmine's Italian Restaurant - Las Vegas""",The Strip,4
oMGrne7mTD0oJtz2w_vZFQ,Cni2l-VKG_pdospJ6xliXQ,"""Burger Bar""",The Strip,5
3RexatTOXBi0hEYXykZCIA,pKk7jCFIm96qDdk0laVT2w,"""StripSteak""",The Strip,4
TyCZDhjgP5eNSFLnKxc86w,pik4ebdFa0UcUhnNkivFcg,"""Carmine's Italian Restaurant - Las Vegas""",The Strip,3
gvYrTjB3FuMZ_qkrm5cpeA,7fxebHYUwIF6CakxSr70iQ,"""Carnevino""",The Strip,1
gvYrTjB3FuMZ_qkrm5cpeA,CCRgGKhzxSpl38w7yhqKUw,"""Noodles""",The Strip,4
gvYrTjB3FuMZ_qkrm5cpeA,pKk7jCFIm96qDdk0laVT2w,"""StripSteak""",The Strip,4
nKhQd7sfx-sZAHRsz0lllQ,u-67zd1ImTv3EEr5kIdWrA,"""House of Blues - Music Venue""",The Strip,3
t9dAQdDwdWAyZaWt51Zj6w,pKk7jCFIm96qDdk0laVT2w,"""StripSteak""",The Strip,5
JlOii8fpyqOPaVJHwdYGYg,CCRgGKhzxSpl38w7yhqKUw,"""Noodles""",The Strip,3
wSB_r5R6uXI4iBBnwlRFJg,CCRgGKhzxSpl38w7yhqKUw,"""Noodles""",The Strip,4
TwJCpgJiTvO4aam6Njhtbw,CCRgGKhzxSpl38w7yhqKUw,"""Noodles""",The Strip,3
sCvACXamVxy_q9xihQPvZg,CCRgGKhzxSpl38w7yhqKUw,"""Noodles""",The Strip,2
lPS6Wc_iTuFA5Wdvrhtrfw,7fxebHYUwIF6CakxSr70iQ,"""Carnevino""",The Strip,1
pywMiIA9lA-BxFVHTc9XVg,u-67zd1ImTv3EEr5kIdWrA,"""House of Blues - Music Venue""",The Strip,2
Jtxp7cmOwDvNuZrTBDJBfg,7fxebHYUwIF6CakxSr70iQ,"""Carnevino""",The Strip,5
fxrQSMhHlBv6eJVRdchG9Q,u-67zd1ImTv3EEr5kIdWrA,"""House of Blues - Music Venue""",The Strip,3
9SJHEn8sZ4O6TZvaMLufwA,pKk7jCFIm96qDdk0laVT2w,"""StripSteak""",The Strip,5
p30VbeNZC6mzRUTL6lg69w,Cni2l-VKG_pdospJ6xliXQ,"""Burger Bar""",The Strip,5
LNtz5l0jm-DnJ89b7KM4RA,pKk7jCFIm96qDdk0laVT2w,"""StripSteak""",The Strip,5
1Wz6tBGfgIrcG7b9qYxKew,Cni2l-VKG_pdospJ6xliXQ,"""Burger Bar""",The Strip,5
VCiAn7esOAh9LRsSM65SSg,pKk7jCFIm96qDdk0laVT2w,"""StripSteak""",The Strip,4
IqDOWyNL2O_UIXzJggB_-w,CCRgGKhzxSpl38w7yhqKUw,"""Noodles""",The Strip,2
PODRIoHyAiybFWUMWaTYyQ,CCRgGKhzxSpl38w7yhqKUw,"""Noodles""",The Strip,4
qnF-Fo5VDP5Tp2PxFsBNkQ,7fxebHYUwIF6CakxSr70iQ,"""Carnevino""",The Strip,4
ffArFIQxlyLO_5efRgHhjQ,pik4ebdFa0UcUhnNkivFcg,"""Carmine's Italian Restaurant - Las Vegas""",The Strip,1
XUuzBfVpfXCLdTa-7o5c5g,Cni2l-VKG_pdospJ6xliXQ,"""Burger Bar""",The Strip,4
sbVPOGXCoU87oT8zI5pw9Q,7fxebHYUwIF6CakxSr70iQ,"""Carnevino""",The Strip,2
-ESecfpul-ZBa_8KXuam5Q,Cni2l-VKG_pdospJ6xliXQ,"""Burger Bar""",The Strip,1
9-bfTBD41W7P5lQRaFNezg,Cni2l-VKG_pdospJ6xliXQ,"""Burger Bar""",The Strip,4
9-bfTBD41W7P5lQRaFNezg,u-67zd1ImTv3EEr5kIdWrA,"""House of Blues - Music Venue""",The Strip,5
ZgoGr28ZviYWTlwFkqblCw,u-67zd1ImTv3EEr5kIdWrA,"""House of Blues - Music Venue""",The Strip,3
GlpsCkkYmMwwV1jzgYKhpg,pKk7jCFIm96qDdk0laVT2w,"""StripSteak""",The Strip,2
Np2q37v8xL_r01XJRPfvnA,Cni2l-VKG_pdospJ6xliXQ,"""Burger Bar""",The Strip,4
FbZ0aJU5saPyHYDHI-nXKg,CCRgGKhzxSpl38w7yhqKUw,"""Noodles""",The Strip,3
XW1UhwHhm5imVxLciYZ-JQ,CCRgGKhzxSpl38w7yhqKUw,"""Noodles""",The Strip,4
YJInht2-Z0Pj9CH3ML1R3g,Cni2l-VKG_pdospJ6xliXQ,"""Burger Bar""",The Strip,3
ykV2PLJwq7OW8HX4cqSzGA,CCRgGKhzxSpl38w7yhqKUw,"""Noodles""",The Strip,4
FW1v4oXaF2asX_0nJ5hShg,pKk7jCFIm96qDdk0laVT2w,"""StripSteak""",The Strip,5
PX_0itgwtW_m2TaC_N7R6w,u-67zd1ImTv3EEr5kIdWrA,"""House of Blues - Music Venue""",The Strip,4
jJgtINPQgTmX5SM_X-i9Hw,Cni2l-VKG_pdospJ6xliXQ,"""Burger Bar""",The Strip,4
u6Rb0yrjDvYpAFOgXL8WXQ,Cni2l-VKG_pdospJ6xliXQ,"""Burger Bar""",The Strip,2
gUkqdzdD0jhqsjM-AZAWVw,7fxebHYUwIF6CakxSr70iQ,"""Carnevino""",The Strip,3
l_IXLemetaT9edO20vo0TA,CCRgGKhzxSpl38w7yhqKUw,"""Noodles""",The Strip,2
d4gFDNCnjxrALK2LpKhvDg,pKk7jCFIm96qDdk0laVT2w,"""StripSteak""",The Strip,5
HHP-auk_oodsN_0Ie7DU8A,CCRgGKhzxSpl38w7yhqKUw,"""Noodles""",The Strip,4
AtxeZQgui91oDAjokS5Kdw,Cni2l-VKG_pdospJ6xliXQ,"""Burger Bar""",The Strip,4
qPl-N02MuGtYBZsFigBRnQ,7fxebHYUwIF6CakxSr70iQ,"""Carnevino""",The Strip,5
OOqodUCjAypPqn9a69xxWA,Cni2l-VKG_pdospJ6xliXQ,"""Burger Bar""",The Strip,4
zIRmG2_ib4pALbT3NVsmOg,Cni2l-VKG_pdospJ6xliXQ,"""Burger Bar""",The Strip,5
79raxcpLQAYm94mrqrfhcw,u-67zd1ImTv3EEr5kIdWrA,"""House of Blues - Music Venue""",The Strip,2
t0JG8Vx7VifiG2LV1Ksz_w,pKk7jCFIm96qDdk0laVT2w,"""StripSteak""",The Strip,4
SlTAjMuK8NKNEWcdyQ-i4w,Cni2l-VKG_pdospJ6xliXQ,"""Burger Bar""",The Strip,4
04fU_AOOw37Fi1uB0eJ02Q,CCRgGKhzxSpl38w7yhqKUw,"""Noodles""",The Strip,4
rxdj5hrsrQRDyoF630mw8A,CCRgGKhzxSpl38w7yhqKUw,"""Noodles""",The Strip,5
VacS9fgNkuZ3gDqDHViKuw,Cni2l-VKG_pdospJ6xliXQ,"""Burger Bar""",The Strip,4
QrHAOWGkahT2nmvwcHt56w,CCRgGKhzxSpl38w7yhqKUw,"""Noodles""",The Strip,4
7OhoKWhJ-lQrriDhe-QZkw,pKk7jCFIm96qDdk0laVT2w,"""StripSteak""",The Strip,4
CQ7gbwAYDeqh5-iCEa0uEA,pKk7jCFIm96qDdk0laVT2w,"""StripSteak""",The Strip,5
OX6870WoUzX1QZZRGQUAFQ,pik4ebdFa0UcUhnNkivFcg,"""Carmine's Italian Restaurant - Las Vegas""",The Strip,5
Bgfu2QuVV62Hnhw2iZsDEQ,Cni2l-VKG_pdospJ6xliXQ,"""Burger Bar""",The Strip,4
meSxukeC8mECIZTPzVxIIA,Cni2l-VKG_pdospJ6xliXQ,"""Burger Bar""",The Strip,4
fQuLe-KuojSco4DRbcFpGw,u-67zd1ImTv3EEr5kIdWrA,"""House of Blues - Music Venue""",The Strip,4
Vug4dYQMX_GYT8A-EhlYVg,pik4ebdFa0UcUhnNkivFcg,"""Carmine's Italian Restaurant - Las Vegas""",The Strip,5
z9qVISpu7e_o6VXX1pZxyQ,Cni2l-VKG_pdospJ6xliXQ,"""Burger Bar""",The Strip,1
NAq3nH8cmJbZPSYAPAPkHQ,pik4ebdFa0UcUhnNkivFcg,"""Carmine's Italian Restaurant - Las Vegas""",The Strip,5
kKGNPXVD-bbqoFabVdYl-Q,pKk7jCFIm96qDdk0laVT2w,"""StripSteak""",The Strip,4
owR6ag12ApME7gl5BgURsg,pKk7jCFIm96qDdk0laVT2w,"""StripSteak""",The Strip,4
emLNW6tae7RWSGhenwTRsA,u-67zd1ImTv3EEr5kIdWrA,"""House of Blues - Music Venue""",The Strip,1
ajxohdcsKhRGFlEvHZDyTw,u-67zd1ImTv3EEr5kIdWrA,"""House of Blues - Music Venue""",The Strip,2
AdDRbizanPP8ZmXdE92pJg,Cni2l-VKG_pdospJ6xliXQ,"""Burger Bar""",The Strip,4
6CvJFjJQRZG64-2yPGb-_w,Cni2l-VKG_pdospJ6xliXQ,"""Burger Bar""",The Strip,5
2Ee_2yYaICa-R_FyK499sQ,Cni2l-VKG_pdospJ6xliXQ,"""Burger Bar""",The Strip,5
s28u2TLwXpUaZbRoMAMmFQ,Cni2l-VKG_pdospJ6xliXQ,"""Burger Bar""",The Strip,5
Xmz3FoKqzxGphlf6wGy3-g,pik4ebdFa0UcUhnNkivFcg,"""Carmine's Italian Restaurant - Las Vegas""",The Strip,1
5WspOj9Y6c9xvibI6d-d1g,Cni2l-VKG_pdospJ6xliXQ,"""Burger Bar""",The Strip,5
5M6xMZfmQk7y7GvrFvK3Uw,Cni2l-VKG_pdospJ6xliXQ,"""Burger Bar""",The Strip,1
QNSL8oCbpiukOFIiX4cwmQ,CCRgGKhzxSpl38w7yhqKUw,"""Noodles""",The Strip,3
2ICrjV5MJsFoV9UKVpmjHA,pKk7jCFIm96qDdk0laVT2w,"""StripSteak""",The Strip,3
kM4SjQlroQZkH0L5LzOrgQ,pKk7jCFIm96qDdk0laVT2w,"""StripSteak""",The Strip,4
TyleftyvzMsWbpluyuSZjQ,pik4ebdFa0UcUhnNkivFcg,"""Carmine's Italian Restaurant - Las Vegas""",The Strip,5
UF2-G9Jug96B5nqqiDwyyg,u-67zd1ImTv3EEr5kIdWrA,"""House of Blues - Music Venue""",The Strip,2
FWd1vv3uCcRD0Db2e09LLg,Cni2l-VKG_pdospJ6xliXQ,"""Burger Bar""",The Strip,5
GFPx32mip-47kDOGYeJzog,CCRgGKhzxSpl38w7yhqKUw,"""Noodles""",The Strip,4
BhP5BuMiY2sWGD3RfK50tw,u-67zd1ImTv3EEr5kIdWrA,"""House of Blues - Music Venue""",The Strip,4
qrOXWSK-bpf24dLWnTx29Q,pKk7jCFIm96qDdk0laVT2w,"""StripSteak""",The Strip,4
OcvECT4-LhcD-3rRw120qw,CCRgGKhzxSpl38w7yhqKUw,"""Noodles""",The Strip,4
W1RXN13QRcnnMQImd2rhKw,pKk7jCFIm96qDdk0laVT2w,"""StripSteak""",The Strip,4
qzOcMxAzFYwgWHAurolfmg,Cni2l-VKG_pdospJ6xliXQ,"""Burger Bar""",The Strip,2
8v0ET7Ija5jfloeaFegk_Q,pKk7jCFIm96qDdk0laVT2w,"""StripSteak""",The Strip,4
wgXGAyXlCylY7GXLBO_aig,Cni2l-VKG_pdospJ6xliXQ,"""Burger Bar""",The Strip,5
6-q1xOKkfMozjz3lh24Tiw,7fxebHYUwIF6CakxSr70iQ,"""Carnevino""",The Strip,4
6-q1xOKkfMozjz3lh24Tiw,pKk7jCFIm96qDdk0laVT2w,"""StripSteak""",The Strip,3
b9doUUWLkz4-lxctrnkxqw,Cni2l-VKG_pdospJ6xliXQ,"""Burger Bar""",The Strip,3
wkGSmILB6QE-4Q8IZbIK3w,CCRgGKhzxSpl38w7yhqKUw,"""Noodles""",The Strip,3
qm74NNg6necax-fwDn82TA,pKk7jCFIm96qDdk0laVT2w,"""StripSteak""",The Strip,5
4a0i4jnI4GI4dofQI5ovfQ,CCRgGKhzxSpl38w7yhqKUw,"""Noodles""",The Strip,4
qCviBQG2QR4I_M0yUHdhDQ,pKk7jCFIm96qDdk0laVT2w,"""StripSteak""",The Strip,5
eOIMO2wT_WbNqmavhnCRxw,u-67zd1ImTv3EEr5kIdWrA,"""House of Blues - Music Venue""",The Strip,3
QMCUpAjJ1dWCpZ1kK1uGWg,Cni2l-VKG_pdospJ6xliXQ,"""Burger Bar""",The Strip,5
V46WuzJWnLT6GGkkBqAxjQ,u-67zd1ImTv3EEr5kIdWrA,"""House of Blues - Music Venue""",The Strip,4
CrNcnSbfCyX0CRnu9iNSHg,7fxebHYUwIF6CakxSr70iQ,"""Carnevino""",The Strip,2
CN0ORiLQTus6Ty9hUa03Tg,Cni2l-VKG_pdospJ6xliXQ,"""Burger Bar""",The Strip,5
gmKyLPYd3YIzGHvAQ9UpNg,7fxebHYUwIF6CakxSr70iQ,"""Carnevino""",The Strip,1
kW5doklmAj0sZDZdrCjbfg,pik4ebdFa0UcUhnNkivFcg,"""Carmine's Italian Restaurant - Las Vegas""",The Strip,4
-tf6Jysd0UDB-q7uOYVyNA,Cni2l-VKG_pdospJ6xliXQ,"""Burger Bar""",The Strip,2
7lBaZfNpYonmCHPTbDC9DQ,pik4ebdFa0UcUhnNkivFcg,"""Carmine's Italian Restaurant - Las Vegas""",The Strip,4
wkHQoxEthiAyQE_B9tkAmw,CCRgGKhzxSpl38w7yhqKUw,"""Noodles""",The Strip,2
7euNin2M7JAr7mf1B3obXg,7fxebHYUwIF6CakxSr70iQ,"""Carnevino""",The Strip,2
ObrFkAwrOPfSJJ-2Ye2EgQ,pKk7jCFIm96qDdk0laVT2w,"""StripSteak""",The Strip,3
mgOgzP0SsxNzTVxvIWgjWA,CCRgGKhzxSpl38w7yhqKUw,"""Noodles""",The Strip,5
nu4NZLFnJ57TIIwSsXd33w,Cni2l-VKG_pdospJ6xliXQ,"""Burger Bar""",The Strip,2
jU7s0zbL_HkMr28oCiBuDA,7fxebHYUwIF6CakxSr70iQ,"""Carnevino""",The Strip,2
nlU41RNONBZZ49lLeelUQg,u-67zd1ImTv3EEr5kIdWrA,"""House of Blues - Music Venue""",The Strip,5
W1AFbtC37Q1RzdrKS51NmQ,Cni2l-VKG_pdospJ6xliXQ,"""Burger Bar""",The Strip,4
XX5iBN8AW3_rUqKgfVYMdQ,CCRgGKhzxSpl38w7yhqKUw,"""Noodles""",The Strip,4
kS1-hIOkQlUvfmPL2WyvTA,7fxebHYUwIF6CakxSr70iQ,"""Carnevino""",The Strip,4
6asXjaQVk0LCsBDzkvna-Q,CCRgGKhzxSpl38w7yhqKUw,"""Noodles""",The Strip,4
S_RNkwrDryJVdxKW1nD2Cw,Cni2l-VKG_pdospJ6xliXQ,"""Burger Bar""",The Strip,1
sO8A8Vltrn-7HPlIvGwXTQ,Cni2l-VKG_pdospJ6xliXQ,"""Burger Bar""",The Strip,5
M_QKUrECI10-h3qNtSbMSg,Cni2l-VKG_pdospJ6xliXQ,"""Burger Bar""",The Strip,5
O5eTCFVnSVA0BaGiiadhtQ,7fxebHYUwIF6CakxSr70iQ,"""Carnevino""",The Strip,3
ElAAc171-FfwpbEa7V682w,pKk7jCFIm96qDdk0laVT2w,"""StripSteak""",The Strip,4
IEGXLjj72cjxehzGrwt1GA,CCRgGKhzxSpl38w7yhqKUw,"""Noodles""",The Strip,3
T1uLCD6iuQbEFT23rxU1Dg,Cni2l-VKG_pdospJ6xliXQ,"""Burger Bar""",The Strip,3
Sy92W18uKaD1ibquI0ODmw,Cni2l-VKG_pdospJ6xliXQ,"""Burger Bar""",The Strip,4
aEKUC4oQg2CokbwyW_CXSg,pKk7jCFIm96qDdk0laVT2w,"""StripSteak""",The Strip,5
aEKUC4oQg2CokbwyW_CXSg,Cni2l-VKG_pdospJ6xliXQ,"""Burger Bar""",The Strip,3
mx1XeGsYDKsl9e2fB4NPrA,u-67zd1ImTv3EEr5kIdWrA,"""House of Blues - Music Venue""",The Strip,3
YlL9t4Jg1D8J5iBkbcFeXg,7fxebHYUwIF6CakxSr70iQ,"""Carnevino""",The Strip,5
YlL9t4Jg1D8J5iBkbcFeXg,Cni2l-VKG_pdospJ6xliXQ,"""Burger Bar""",The Strip,5
bS61QwzLfsyGvNfDl4-Ebw,pKk7jCFIm96qDdk0laVT2w,"""StripSteak""",The Strip,3
dS1IiGLBGdjsminL2c6qyQ,pKk7jCFIm96qDdk0laVT2w,"""StripSteak""",The Strip,2
zmOdU_artMpKrG-AWYOSPQ,pKk7jCFIm96qDdk0laVT2w,"""StripSteak""",The Strip,4
K62-GaV-I9eXi_WsDg-3UA,Cni2l-VKG_pdospJ6xliXQ,"""Burger Bar""",The Strip,3
eRJt5M9ooXhYYTrOcPxrAw,u-67zd1ImTv3EEr5kIdWrA,"""House of Blues - Music Venue""",The Strip,2
ITNVSsPgUIWOwgKMSqwZ2w,Cni2l-VKG_pdospJ6xliXQ,"""Burger Bar""",The Strip,4
zyAMcKmkVkTiSd3iOwgsuA,pKk7jCFIm96qDdk0laVT2w,"""StripSteak""",The Strip,5
H6Y7Gb0xoic7VI2_nAr9kg,Cni2l-VKG_pdospJ6xliXQ,"""Burger Bar""",The Strip,5
ir689oBNmrJXOspb4yq_Jg,Cni2l-VKG_pdospJ6xliXQ,"""Burger Bar""",The Strip,5
aEgFgTTgCmkB5KXBSnu_7A,pKk7jCFIm96qDdk0laVT2w,"""StripSteak""",The Strip,5
7gujfIdt9tzuo7bL4M-cOw,7fxebHYUwIF6CakxSr70iQ,"""Carnevino""",The Strip,5
JELC4cS5KIGTRx0kIiRedA,pik4ebdFa0UcUhnNkivFcg,"""Carmine's Italian Restaurant - Las Vegas""",The Strip,4
i6eCDND2GmPA1Tm60RvkDQ,pKk7jCFIm96qDdk0laVT2w,"""StripSteak""",The Strip,5
MGIfvuAcgbUtRnhWa_Jm2g,pKk7jCFIm96qDdk0laVT2w,"""StripSteak""",The Strip,2
m2dnqaA59Db4TVPEb6ya3w,pik4ebdFa0UcUhnNkivFcg,"""Carmine's Italian Restaurant - Las Vegas""",The Strip,1
CyW_PQkBQ6Wxz71goEICsg,pKk7jCFIm96qDdk0laVT2w,"""StripSteak""",The Strip,4
aGgNm24n_jpgD52nhbJiHw,Cni2l-VKG_pdospJ6xliXQ,"""Burger Bar""",The Strip,5
3V_PnPYtmu-mLTE0n0Bv4A,Cni2l-VKG_pdospJ6xliXQ,"""Burger Bar""",The Strip,3
xp3wnTCsIVUhnS5r1tXQzg,u-67zd1ImTv3EEr5kIdWrA,"""House of Blues - Music Venue""",The Strip,3
itLm4EacsvIax1TJbvaR0Q,pik4ebdFa0UcUhnNkivFcg,"""Carmine's Italian Restaurant - Las Vegas""",The Strip,1
aKY4eFOJeCaXnw1jGPozTw,u-67zd1ImTv3EEr5kIdWrA,"""House of Blues - Music Venue""",The Strip,4
sXJSUkLzaRv3XfiN1IAy_Q,CCRgGKhzxSpl38w7yhqKUw,"""Noodles""",The Strip,1
QNSL8oCbpiukOFIiX4cwmQ,Cni2l-VKG_pdospJ6xliXQ,"""Burger Bar""",The Strip,3
IlRmSTn19xM2Vi7xtjzAhw,Cni2l-VKG_pdospJ6xliXQ,"""Burger Bar""",The Strip,4
LRTC_Gl63vsOjnhJtPyZXQ,Cni2l-VKG_pdospJ6xliXQ,"""Burger Bar""",The Strip,4
DhZnSoyq3mVUsADMJw6JDw,u-67zd1ImTv3EEr5kIdWrA,"""House of Blues - Music Venue""",The Strip,5
QotsNecIJWCOr_ZAywE8Gw,pKk7jCFIm96qDdk0laVT2w,"""StripSteak""",The Strip,5
FNRatwnIAOcbEo6sCY8OOg,pKk7jCFIm96qDdk0laVT2w,"""StripSteak""",The Strip,2
t_jRD8drPcr1AFfco4sOxw,7fxebHYUwIF6CakxSr70iQ,"""Carnevino""",The Strip,4
93vjARDoGWZ5iWrl5M8Y6Q,CCRgGKhzxSpl38w7yhqKUw,"""Noodles""",The Strip,2
9bZb04ccmUIBAzdOo_6nLg,Cni2l-VKG_pdospJ6xliXQ,"""Burger Bar""",The Strip,4
4WcG6fiG3LMWysPhupsxMQ,CCRgGKhzxSpl38w7yhqKUw,"""Noodles""",The Strip,4
YojrehzWlyDqwOZ1tzXdeg,pik4ebdFa0UcUhnNkivFcg,"""Carmine's Italian Restaurant - Las Vegas""",The Strip,4
ro-0BuU86BLmg-9vGqrnDQ,pKk7jCFIm96qDdk0laVT2w,"""StripSteak""",The Strip,4
DQqhH87Evk47oBUO0hN-ug,7fxebHYUwIF6CakxSr70iQ,"""Carnevino""",The Strip,3
BMjpUlZKwHXDUWR4WRsXQA,Cni2l-VKG_pdospJ6xliXQ,"""Burger Bar""",The Strip,4
PR-Q5OLaIK0Q03eakDzhGQ,CCRgGKhzxSpl38w7yhqKUw,"""Noodles""",The Strip,3
MKVMAo61qdDw--vBLZUAfA,pKk7jCFIm96qDdk0laVT2w,"""StripSteak""",The Strip,5
WfmLnZXyI_h9arH9ndfIGA,7fxebHYUwIF6CakxSr70iQ,"""Carnevino""",The Strip,1
uR_7wCNmsx28d9dtGMzs9Q,Cni2l-VKG_pdospJ6xliXQ,"""Burger Bar""",The Strip,4
9eFiW-h2HQq7ogar9VWM2w,Cni2l-VKG_pdospJ6xliXQ,"""Burger Bar""",The Strip,4
5zJb65C8iLUFVfkbRHmnUQ,u-67zd1ImTv3EEr5kIdWrA,"""House of Blues - Music Venue""",The Strip,5
5zJb65C8iLUFVfkbRHmnUQ,Cni2l-VKG_pdospJ6xliXQ,"""Burger Bar""",The Strip,4
yCwJcZChcJp_s4d3cvPjNw,7fxebHYUwIF6CakxSr70iQ,"""Carnevino""",The Strip,4
lyIwECTGiPb2SNrryJFPmg,7fxebHYUwIF6CakxSr70iQ,"""Carnevino""",The Strip,5
2EfBjekjRbZ7l85Dkgh7og,CCRgGKhzxSpl38w7yhqKUw,"""Noodles""",The Strip,3
KnleCF1XLoLacj59VWXWzQ,u-67zd1ImTv3EEr5kIdWrA,"""House of Blues - Music Venue""",The Strip,1
JZQmMZYnjQor8xtedkCUXg,Cni2l-VKG_pdospJ6xliXQ,"""Burger Bar""",The Strip,2
Pcz-qJb0s037hU5g78Rrrw,7fxebHYUwIF6CakxSr70iQ,"""Carnevino""",The Strip,4
FEeGJwpVduqmEnvsFT416w,pKk7jCFIm96qDdk0laVT2w,"""StripSteak""",The Strip,4
r5GARC8nZaJQYzsmx9MVEA,Cni2l-VKG_pdospJ6xliXQ,"""Burger Bar""",The Strip,3
5sLd9tjoGiRTrVElKeGHbw,pKk7jCFIm96qDdk0laVT2w,"""StripSteak""",The Strip,1
sgbSPpsQNitp4cHXA1VbJA,Cni2l-VKG_pdospJ6xliXQ,"""Burger Bar""",The Strip,5
Y2jRTW_yFPwd1Nhu5fCCPg,Cni2l-VKG_pdospJ6xliXQ,"""Burger Bar""",The Strip,5
i1W-YxdyBm3LNdGsSAwtXg,pKk7jCFIm96qDdk0laVT2w,"""StripSteak""",The Strip,4
VvPjJBX_bU3UK0-OltaAYQ,u-67zd1ImTv3EEr5kIdWrA,"""House of Blues - Music Venue""",The Strip,2
5r3G_00qGKKx0LTCi2-Yug,pKk7jCFIm96qDdk0laVT2w,"""StripSteak""",The Strip,4
fF96J8EaHKFoIecd2MHmnA,7fxebHYUwIF6CakxSr70iQ,"""Carnevino""",The Strip,5
jnndfRBrWwjTar9yC08X2Q,pKk7jCFIm96qDdk0laVT2w,"""StripSteak""",The Strip,3
rl64kysIAlSg7zwCvGzjzw,7fxebHYUwIF6CakxSr70iQ,"""Carnevino""",The Strip,4
YdkPFgH-dNFycw4VtpJzKQ,7fxebHYUwIF6CakxSr70iQ,"""Carnevino""",The Strip,2
oLLYmkej2TMHaTbudug5eA,pKk7jCFIm96qDdk0laVT2w,"""StripSteak""",The Strip,5
n78PhLGZAiBiQIErPNMn2g,pKk7jCFIm96qDdk0laVT2w,"""StripSteak""",The Strip,4
c_1snhimaXWuvqdFJUL3jA,Cni2l-VKG_pdospJ6xliXQ,"""Burger Bar""",The Strip,4
isRBvPXdVVJg9sAV_TZfKw,Cni2l-VKG_pdospJ6xliXQ,"""Burger Bar""",The Strip,4
j-1qkha4h87wMfNfwPvfqQ,CCRgGKhzxSpl38w7yhqKUw,"""Noodles""",The Strip,3
l7V5w_vf9xv74As3abZukA,pKk7jCFIm96qDdk0laVT2w,"""StripSteak""",The Strip,5
bjrXfKe_o8uayYrdxTCCPQ,Cni2l-VKG_pdospJ6xliXQ,"""Burger Bar""",The Strip,3
DlusV0zowbPLbJuo5zKIOg,7fxebHYUwIF6CakxSr70iQ,"""Carnevino""",The Strip,5
XPt9P2Z9WqNPidu0vQ1MhQ,Cni2l-VKG_pdospJ6xliXQ,"""Burger Bar""",The Strip,5
1Rr9Fsb3GcEGJ9GvTtH0yw,CCRgGKhzxSpl38w7yhqKUw,"""Noodles""",The Strip,2
bqhEcXUlbJHdmXXaJHMB4A,pKk7jCFIm96qDdk0laVT2w,"""StripSteak""",The Strip,5
bqhEcXUlbJHdmXXaJHMB4A,Cni2l-VKG_pdospJ6xliXQ,"""Burger Bar""",The Strip,4
u0vzXVZRp3JXqs0Q1FBeiQ,7fxebHYUwIF6CakxSr70iQ,"""Carnevino""",The Strip,4
u0vzXVZRp3JXqs0Q1FBeiQ,pKk7jCFIm96qDdk0laVT2w,"""StripSteak""",The Strip,4
40m0541Z_KexYkdvvqHJIQ,u-67zd1ImTv3EEr5kIdWrA,"""House of Blues - Music Venue""",The Strip,4
zXbIFP9ryDx17x27FhIRlQ,u-67zd1ImTv3EEr5kIdWrA,"""House of Blues - Music Venue""",The Strip,5
4j0l_xYMe22cfn4nTirC9Q,pik4ebdFa0UcUhnNkivFcg,"""Carmine's Italian Restaurant - Las Vegas""",The Strip,1
UtmsHIyNNgeVZlm6CYLWjA,pKk7jCFIm96qDdk0laVT2w,"""StripSteak""",The Strip,4
-4RH83ibNRpwj8NlBwtMdQ,pik4ebdFa0UcUhnNkivFcg,"""Carmine's Italian Restaurant - Las Vegas""",The Strip,5
YvtTd9Xax8RLeV6vS7LhMA,7fxebHYUwIF6CakxSr70iQ,"""Carnevino""",The Strip,5
GFh5Sxc01d1GnYb96EZAfQ,pKk7jCFIm96qDdk0laVT2w,"""StripSteak""",The Strip,3
_kIlFHUnTg17fJ7MToNe0w,pKk7jCFIm96qDdk0laVT2w,"""StripSteak""",The Strip,5
H4HPzkK0pCJ3vQqZccPrag,CCRgGKhzxSpl38w7yhqKUw,"""Noodles""",The Strip,5
bazrnKjkQRJIV-wvenguBA,CCRgGKhzxSpl38w7yhqKUw,"""Noodles""",The Strip,1
FbZ0aJU5saPyHYDHI-nXKg,7fxebHYUwIF6CakxSr70iQ,"""Carnevino""",The Strip,3
LKkQIN8f5sMl-EyMnvl8Kw,pKk7jCFIm96qDdk0laVT2w,"""StripSteak""",The Strip,5
GVYg18F-Rkuk63hvtHoG5Q,Cni2l-VKG_pdospJ6xliXQ,"""Burger Bar""",The Strip,4
zk9hJU1RVwqSptyaWZrQug,Cni2l-VKG_pdospJ6xliXQ,"""Burger Bar""",The Strip,5
XpfS2pcAgOIz6Jlyv9nIcg,pik4ebdFa0UcUhnNkivFcg,"""Carmine's Italian Restaurant - Las Vegas""",The Strip,4
qPRY82YKvsg7O5teRGE36Q,pKk7jCFIm96qDdk0laVT2w,"""StripSteak""",The Strip,5
1agVrBvlDPj6TBsX7JH8XQ,pik4ebdFa0UcUhnNkivFcg,"""Carmine's Italian Restaurant - Las Vegas""",The Strip,3
F4qvQtMnlxyoafeBTUDUDA,CCRgGKhzxSpl38w7yhqKUw,"""Noodles""",The Strip,1
bIhhH7SURXRZzI4RVOG91g,Cni2l-VKG_pdospJ6xliXQ,"""Burger Bar""",The Strip,5
wib-CpzVmhkXS3i790HxZA,pKk7jCFIm96qDdk0laVT2w,"""StripSteak""",The Strip,5
LvLaYXjvzdrPDXC3Zv3XoA,pKk7jCFIm96qDdk0laVT2w,"""StripSteak""",The Strip,4
NdEoQxmAig_vp7ZYPMhAXw,Cni2l-VKG_pdospJ6xliXQ,"""Burger Bar""",The Strip,3
3kZ_SKMWRAOf6HC-Oz7Kag,7fxebHYUwIF6CakxSr70iQ,"""Carnevino""",The Strip,5
BsL55VKaHPR19EtUPCIj7w,Cni2l-VKG_pdospJ6xliXQ,"""Burger Bar""",The Strip,4
sY-ceBdNrbVUTQiJ6zn2Yg,u-67zd1ImTv3EEr5kIdWrA,"""House of Blues - Music Venue""",The Strip,4
sY-ceBdNrbVUTQiJ6zn2Yg,Cni2l-VKG_pdospJ6xliXQ,"""Burger Bar""",The Strip,4
eUmVXP9UnoWtz9NSBwY4jA,Cni2l-VKG_pdospJ6xliXQ,"""Burger Bar""",The Strip,5
xeJ58E2lq7Z_wvTMgqqjcA,CCRgGKhzxSpl38w7yhqKUw,"""Noodles""",The Strip,2
8bXXtlZGhQIS0hvzS9j_XA,CCRgGKhzxSpl38w7yhqKUw,"""Noodles""",The Strip,4
bGk5lcQ2npgoMHfF17IDrQ,pKk7jCFIm96qDdk0laVT2w,"""StripSteak""",The Strip,5
M4XJ8E1p2GltGaanSnK_Lw,Cni2l-VKG_pdospJ6xliXQ,"""Burger Bar""",The Strip,5
7lsk7VJ4OvaTxtdcNeSjZg,u-67zd1ImTv3EEr5kIdWrA,"""House of Blues - Music Venue""",The Strip,2
7lsk7VJ4OvaTxtdcNeSjZg,Cni2l-VKG_pdospJ6xliXQ,"""Burger Bar""",The Strip,5
5Zp1CaMYPyn8H-QpIcw_EQ,u-67zd1ImTv3EEr5kIdWrA,"""House of Blues - Music Venue""",The Strip,3
_S0218QJWDsiboHDe4UG4w,Cni2l-VKG_pdospJ6xliXQ,"""Burger Bar""",The Strip,3
MmwkOc11hWZI2RK67JG3tQ,u-67zd1ImTv3EEr5kIdWrA,"""House of Blues - Music Venue""",The Strip,4
AXL3srPmsNCdfAGk1SnqKQ,pKk7jCFIm96qDdk0laVT2w,"""StripSteak""",The Strip,5
QHor74ePSx5jZlyNqb_mow,7fxebHYUwIF6CakxSr70iQ,"""Carnevino""",The Strip,5
hC67GkxrEqFUK5zHMkxS9g,Cni2l-VKG_pdospJ6xliXQ,"""Burger Bar""",The Strip,3
5LUfQF-uhCLEeJdv1q01ig,Cni2l-VKG_pdospJ6xliXQ,"""Burger Bar""",The Strip,3
5LUfQF-uhCLEeJdv1q01ig,pKk7jCFIm96qDdk0laVT2w,"""StripSteak""",The Strip,4
EEfQak4YGFBG8aAUNM8rng,u-67zd1ImTv3EEr5kIdWrA,"""House of Blues - Music Venue""",The Strip,5
50uBCx9XiSNKYVEkCt3esA,pKk7jCFIm96qDdk0laVT2w,"""StripSteak""",The Strip,3
3XzhO2aJdvVtYhKOCJsPrg,Cni2l-VKG_pdospJ6xliXQ,"""Burger Bar""",The Strip,4
kAeqEOGvQyI6quLXv8y1hQ,CCRgGKhzxSpl38w7yhqKUw,"""Noodles""",The Strip,3
0max8tvi5g_v0d4aq97QNg,CCRgGKhzxSpl38w7yhqKUw,"""Noodles""",The Strip,3
FDHsR5pGKXbdtHK28FOlgg,Cni2l-VKG_pdospJ6xliXQ,"""Burger Bar""",The Strip,4
7Auaw9WxSAr79GItmJ96xw,Cni2l-VKG_pdospJ6xliXQ,"""Burger Bar""",The Strip,4
y_4Dq1MCwbsTOEgbaoMQXA,Cni2l-VKG_pdospJ6xliXQ,"""Burger Bar""",The Strip,2
FL7UxD3-cKX0HStcD46lJg,Cni2l-VKG_pdospJ6xliXQ,"""Burger Bar""",The Strip,5
1mOmYuIiEz_yCjsutqF1NQ,CCRgGKhzxSpl38w7yhqKUw,"""Noodles""",The Strip,1
_jjbwHWLFA5GjWFWGLj4ZQ,Cni2l-VKG_pdospJ6xliXQ,"""Burger Bar""",The Strip,2
irSf1NFg3SfSHE0oCugogw,pKk7jCFIm96qDdk0laVT2w,"""StripSteak""",The Strip,4
xrcS85i-yJ8D1_hrBmj1iw,Cni2l-VKG_pdospJ6xliXQ,"""Burger Bar""",The Strip,5
9LX0aIyVbmhfEjqJEbt4ZA,pik4ebdFa0UcUhnNkivFcg,"""Carmine's Italian Restaurant - Las Vegas""",The Strip,2
Hh-o4-VX7Qx1oVR5c47LZw,pik4ebdFa0UcUhnNkivFcg,"""Carmine's Italian Restaurant - Las Vegas""",The Strip,5
bnJ5OA-7-75l5g_HG_4bCg,pKk7jCFIm96qDdk0laVT2w,"""StripSteak""",The Strip,5
-ro7OG3jjCSKnF6OJinKjg,7fxebHYUwIF6CakxSr70iQ,"""Carnevino""",The Strip,5
-ro7OG3jjCSKnF6OJinKjg,Cni2l-VKG_pdospJ6xliXQ,"""Burger Bar""",The Strip,4
9-bSz5P5kNL7rF1tVK7gOA,pKk7jCFIm96qDdk0laVT2w,"""StripSteak""",The Strip,2
CHpGNj6ZC8AhGKDGqEPO6w,Cni2l-VKG_pdospJ6xliXQ,"""Burger Bar""",The Strip,2
UVJjcSgDGAF4MwXgJUU5Zw,Cni2l-VKG_pdospJ6xliXQ,"""Burger Bar""",The Strip,4
gFuwuhN5RIVr38Zu4_TQig,7fxebHYUwIF6CakxSr70iQ,"""Carnevino""",The Strip,1
35fHlzMke_FYiAj4RwAo8g,u-67zd1ImTv3EEr5kIdWrA,"""House of Blues - Music Venue""",The Strip,5
xC4ctuZgNnVCxjr1U1uuHw,Cni2l-VKG_pdospJ6xliXQ,"""Burger Bar""",The Strip,4
JwF4WNVp2mY_HMeroVUOEw,7fxebHYUwIF6CakxSr70iQ,"""Carnevino""",The Strip,4
zQiidSiAmw3qZzAnlOVTTw,pKk7jCFIm96qDdk0laVT2w,"""StripSteak""",The Strip,5
_SXAG_E9-SMJpIt5IIwYlQ,CCRgGKhzxSpl38w7yhqKUw,"""Noodles""",The Strip,3
S7ni_i4DEGL7LZk3Tm65yQ,pik4ebdFa0UcUhnNkivFcg,"""Carmine's Italian Restaurant - Las Vegas""",The Strip,5
Vz6dw0K_VJMmERTycQX1EQ,7fxebHYUwIF6CakxSr70iQ,"""Carnevino""",The Strip,5
Vz6dw0K_VJMmERTycQX1EQ,Cni2l-VKG_pdospJ6xliXQ,"""Burger Bar""",The Strip,4
cS4T5KHPL_GC8vSLoOCO6w,CCRgGKhzxSpl38w7yhqKUw,"""Noodles""",The Strip,4
M0gFWMq18YfExcYqNhf6kA,pik4ebdFa0UcUhnNkivFcg,"""Carmine's Italian Restaurant - Las Vegas""",The Strip,5
E7xyQSHAndoZhq_SRAKBKQ,Cni2l-VKG_pdospJ6xliXQ,"""Burger Bar""",The Strip,4
gokkWEFKps8211I68N_kzA,Cni2l-VKG_pdospJ6xliXQ,"""Burger Bar""",The Strip,5
9EYddy6875tmvVHre1Yzaw,Cni2l-VKG_pdospJ6xliXQ,"""Burger Bar""",The Strip,4
8lr-awp0CVVCRuuB1q1fGw,CCRgGKhzxSpl38w7yhqKUw,"""Noodles""",The Strip,3
E6b3qhgVHqWNFMW9Qm9Wzg,CCRgGKhzxSpl38w7yhqKUw,"""Noodles""",The Strip,5
hZcROqUcSL7AV27mHM1e0A,pik4ebdFa0UcUhnNkivFcg,"""Carmine's Italian Restaurant - Las Vegas""",The Strip,4
Z6iQgECCLrwc7cpTJgqY6Q,pKk7jCFIm96qDdk0laVT2w,"""StripSteak""",The Strip,5
xqT-mgUlN7dY7UUHijG7Lg,Cni2l-VKG_pdospJ6xliXQ,"""Burger Bar""",The Strip,5
q36T1j7w_XUKjVaV7q4rYg,Cni2l-VKG_pdospJ6xliXQ,"""Burger Bar""",The Strip,2
LvLaYXjvzdrPDXC3Zv3XoA,Cni2l-VKG_pdospJ6xliXQ,"""Burger Bar""",The Strip,3
nYr9KikI4cF4FpF0zx5xSQ,Cni2l-VKG_pdospJ6xliXQ,"""Burger Bar""",The Strip,4
beKRDODZZ23S0n3-xM3Erw,Cni2l-VKG_pdospJ6xliXQ,"""Burger Bar""",The Strip,5
M_Yub9hR5pkPSIG0C0w41A,CCRgGKhzxSpl38w7yhqKUw,"""Noodles""",The Strip,5
XBuVbxfUWxZ8_OsGcA55Lg,Cni2l-VKG_pdospJ6xliXQ,"""Burger Bar""",The Strip,5
BeitdSC8JuthwhzjGrObwA,Cni2l-VKG_pdospJ6xliXQ,"""Burger Bar""",The Strip,3
1CM16eYXmlL6jy_ofsAQXQ,Cni2l-VKG_pdospJ6xliXQ,"""Burger Bar""",The Strip,5
-lLEwwXKARlLhAd05tfmVA,Cni2l-VKG_pdospJ6xliXQ,"""Burger Bar""",The Strip,4
ECKuwK4Xksrk2QPPlS3SPw,pKk7jCFIm96qDdk0laVT2w,"""StripSteak""",The Strip,4
zY3o5Z6Sc89aRqsG1RJxqA,pik4ebdFa0UcUhnNkivFcg,"""Carmine's Italian Restaurant - Las Vegas""",The Strip,4
l1r2bmdUo53PfajQGughPA,Cni2l-VKG_pdospJ6xliXQ,"""Burger Bar""",The Strip,3
rWraz-nBRdH_-hj2EkJPvw,pKk7jCFIm96qDdk0laVT2w,"""StripSteak""",The Strip,5
rWraz-nBRdH_-hj2EkJPvw,Cni2l-VKG_pdospJ6xliXQ,"""Burger Bar""",The Strip,3
7Pxx2FehELyKthPj0OY1sg,u-67zd1ImTv3EEr5kIdWrA,"""House of Blues - Music Venue""",The Strip,5
DMbtqxenbg-kJDqlw80VzQ,u-67zd1ImTv3EEr5kIdWrA,"""House of Blues - Music Venue""",The Strip,3
cl9PfbrH33h3k2WHxW5q-Q,7fxebHYUwIF6CakxSr70iQ,"""Carnevino""",The Strip,4
NYq-jUxmToO49MC1KLfdTA,7fxebHYUwIF6CakxSr70iQ,"""Carnevino""",The Strip,5
SNqEU9SodT4EAWgi_K34zA,u-67zd1ImTv3EEr5kIdWrA,"""House of Blues - Music Venue""",The Strip,4
opPpHVIp8SKHMJg3_y5Lew,7fxebHYUwIF6CakxSr70iQ,"""Carnevino""",The Strip,4
lyIwECTGiPb2SNrryJFPmg,Cni2l-VKG_pdospJ6xliXQ,"""Burger Bar""",The Strip,4
OSnUq7rcu5F3xx7dbMWKhg,Cni2l-VKG_pdospJ6xliXQ,"""Burger Bar""",The Strip,1
itWhVwev2lg8Ua-QXhFekQ,7fxebHYUwIF6CakxSr70iQ,"""Carnevino""",The Strip,2
WmxaofAkdU-YTp5hnqMUUQ,pKk7jCFIm96qDdk0laVT2w,"""StripSteak""",The Strip,1
xWmjwgwv2ycwZXX0-aPihQ,pik4ebdFa0UcUhnNkivFcg,"""Carmine's Italian Restaurant - Las Vegas""",The Strip,5
8wEUqJPpyKkSL4aEBdsICw,7fxebHYUwIF6CakxSr70iQ,"""Carnevino""",The Strip,1
KO7Kdddh0K-gbH_EiyWkPg,Cni2l-VKG_pdospJ6xliXQ,"""Burger Bar""",The Strip,3
52XZbIuZfVyOhg2YOmFDvA,CCRgGKhzxSpl38w7yhqKUw,"""Noodles""",The Strip,3
U2PfWdwWq9f8Y8DmHc4kfg,Cni2l-VKG_pdospJ6xliXQ,"""Burger Bar""",The Strip,2
PEdSKl6qpGCCleJuifAgPQ,Cni2l-VKG_pdospJ6xliXQ,"""Burger Bar""",The Strip,5
PTHCHcBhJbyNS3hMSQ2pYQ,pKk7jCFIm96qDdk0laVT2w,"""StripSteak""",The Strip,4
-QIXvyHSlaqiFMFCQ3WtXw,u-67zd1ImTv3EEr5kIdWrA,"""House of Blues - Music Venue""",The Strip,5
B7skna-owkgRf4VhJgXn2w,Cni2l-VKG_pdospJ6xliXQ,"""Burger Bar""",The Strip,4
wtzUy7QHlOW7xE7Wk18LQA,u-67zd1ImTv3EEr5kIdWrA,"""House of Blues - Music Venue""",The Strip,4
wtzUy7QHlOW7xE7Wk18LQA,Cni2l-VKG_pdospJ6xliXQ,"""Burger Bar""",The Strip,3
p7prH4a-V0GerBykOH6RQQ,Cni2l-VKG_pdospJ6xliXQ,"""Burger Bar""",The Strip,2
ALRot_rgv3j0Y_hbuAa5yw,pKk7jCFIm96qDdk0laVT2w,"""StripSteak""",The Strip,4
GtKYqRhg7nt5iPcT70Z88w,u-67zd1ImTv3EEr5kIdWrA,"""House of Blues - Music Venue""",The Strip,5
azxWx404F632mm6ueZINHw,u-67zd1ImTv3EEr5kIdWrA,"""House of Blues - Music Venue""",The Strip,4
SexUBjADmUj9yxkxO1gSVQ,Cni2l-VKG_pdospJ6xliXQ,"""Burger Bar""",The Strip,1
0B10zB9jP4NpPMgGDsCbkQ,7fxebHYUwIF6CakxSr70iQ,"""Carnevino""",The Strip,3
gz7fB5ifHctYK1GGjW--ng,pKk7jCFIm96qDdk0laVT2w,"""StripSteak""",The Strip,4
r8w6lzdOye_84x1p7NPHWg,u-67zd1ImTv3EEr5kIdWrA,"""House of Blues - Music Venue""",The Strip,1
r8w6lzdOye_84x1p7NPHWg,pKk7jCFIm96qDdk0laVT2w,"""StripSteak""",The Strip,3
r8w6lzdOye_84x1p7NPHWg,Cni2l-VKG_pdospJ6xliXQ,"""Burger Bar""",The Strip,5
bmCI268Q-mFASCmzbH76ug,pKk7jCFIm96qDdk0laVT2w,"""StripSteak""",The Strip,3
MtBXQcQmfR_IiPRNLItyKQ,7fxebHYUwIF6CakxSr70iQ,"""Carnevino""",The Strip,5
YRoQl0sf6sdG2UjRpjOYsA,pik4ebdFa0UcUhnNkivFcg,"""Carmine's Italian Restaurant - Las Vegas""",The Strip,5
PJjpm8Kb4u2DHvj8yBhn0w,Cni2l-VKG_pdospJ6xliXQ,"""Burger Bar""",The Strip,3
Q81bRUpSpiASqzBD9-T94A,7fxebHYUwIF6CakxSr70iQ,"""Carnevino""",The Strip,5
3yUV-EyGjktUAI3gb6hJEg,u-67zd1ImTv3EEr5kIdWrA,"""House of Blues - Music Venue""",The Strip,1
7vbVMWS-BerqsB11eWRwFA,Cni2l-VKG_pdospJ6xliXQ,"""Burger Bar""",The Strip,5
TzfA0OmYl4lXyETO0zrlLQ,7fxebHYUwIF6CakxSr70iQ,"""Carnevino""",The Strip,5
_dAS4V4iaGUXRxg4XOiCYQ,7fxebHYUwIF6CakxSr70iQ,"""Carnevino""",The Strip,4
cHd43XK6jZuVs3rNOdKGJg,Cni2l-VKG_pdospJ6xliXQ,"""Burger Bar""",The Strip,5
b2rRSQGvD7xG1iVXd_w-9w,Cni2l-VKG_pdospJ6xliXQ,"""Burger Bar""",The Strip,5
DlDGcxQZqGyzx5dLXiYXaA,Cni2l-VKG_pdospJ6xliXQ,"""Burger Bar""",The Strip,4
9qaJPwTOLw0Im-xntRgiww,Cni2l-VKG_pdospJ6xliXQ,"""Burger Bar""",The Strip,5
NH3jGPbfp6UDWMbcu9xuLw,u-67zd1ImTv3EEr5kIdWrA,"""House of Blues - Music Venue""",The Strip,1
dZe0ZjDHMkOcUK_c0gXTRA,7fxebHYUwIF6CakxSr70iQ,"""Carnevino""",The Strip,5
mLJ2DAkRjeQBP_y7kDAT0g,7fxebHYUwIF6CakxSr70iQ,"""Carnevino""",The Strip,4
8I7JON7a_VGK_mTSzbjhjA,CCRgGKhzxSpl38w7yhqKUw,"""Noodles""",The Strip,4
TgDZ1V1Y5WuQ9p8kr8TS7Q,pKk7jCFIm96qDdk0laVT2w,"""StripSteak""",The Strip,2
YfwBiRftj-mMTW5XZBNFmw,Cni2l-VKG_pdospJ6xliXQ,"""Burger Bar""",The Strip,4
ElEUh1-Ux6npfDs56sGPSw,Cni2l-VKG_pdospJ6xliXQ,"""Burger Bar""",The Strip,4
BfJtz6TZ_b7-CJsh_emgpw,Cni2l-VKG_pdospJ6xliXQ,"""Burger Bar""",The Strip,5
lIMA29eEeNsYWF5VaflG_g,7fxebHYUwIF6CakxSr70iQ,"""Carnevino""",The Strip,3
lIMA29eEeNsYWF5VaflG_g,u-67zd1ImTv3EEr5kIdWrA,"""House of Blues - Music Venue""",The Strip,4
kFtsYOf_EeBUJ9al435GJA,CCRgGKhzxSpl38w7yhqKUw,"""Noodles""",The Strip,3
6XYUrQVCKYCq0AKrm8sIvQ,pik4ebdFa0UcUhnNkivFcg,"""Carmine's Italian Restaurant - Las Vegas""",The Strip,4
-REM6LpgajtMimuHbs_SuA,CCRgGKhzxSpl38w7yhqKUw,"""Noodles""",The Strip,5
GPw7iCFBMga1pH6Eamrgpw,Cni2l-VKG_pdospJ6xliXQ,"""Burger Bar""",The Strip,4
sE1QQlWjgtCwF-oOv-_VQg,7fxebHYUwIF6CakxSr70iQ,"""Carnevino""",The Strip,1
jtg2cERtq7BV_meUmdf6ww,CCRgGKhzxSpl38w7yhqKUw,"""Noodles""",The Strip,5
fWNUOQdlYnFni-FMkPJzzg,7fxebHYUwIF6CakxSr70iQ,"""Carnevino""",The Strip,1
Z8nbPFTWCZYGgzSoGVpWvA,7fxebHYUwIF6CakxSr70iQ,"""Carnevino""",The Strip,5
J1S4J6qLk88gasVpkCHl1w,Cni2l-VKG_pdospJ6xliXQ,"""Burger Bar""",The Strip,5
cEDwvf1Fdt3g4yejBOqwvA,7fxebHYUwIF6CakxSr70iQ,"""Carnevino""",The Strip,4
V4_c5sIGrxHCc6SZzv9wUg,7fxebHYUwIF6CakxSr70iQ,"""Carnevino""",The Strip,5
2Q8Mm4ZMCV_fw-mWJ72ZQg,7fxebHYUwIF6CakxSr70iQ,"""Carnevino""",The Strip,4
1vRoyzTRcnTDbWXr9e5gsw,Cni2l-VKG_pdospJ6xliXQ,"""Burger Bar""",The Strip,3
Yqpp7p14hjQSgWPTlOcmGA,7fxebHYUwIF6CakxSr70iQ,"""Carnevino""",The Strip,2
G6abSS3WUO8EimkWUGSN8Q,CCRgGKhzxSpl38w7yhqKUw,"""Noodles""",The Strip,2
uDAkWQBAykimVv73MyMe_g,u-67zd1ImTv3EEr5kIdWrA,"""House of Blues - Music Venue""",The Strip,1
gEDopyPjitxHpSBB4VRYWg,7fxebHYUwIF6CakxSr70iQ,"""Carnevino""",The Strip,5
19TVLiPBBWaxczY_FFyG9w,u-67zd1ImTv3EEr5kIdWrA,"""House of Blues - Music Venue""",The Strip,3
5y-Q2-FbFLp8n3FgLidUhA,CCRgGKhzxSpl38w7yhqKUw,"""Noodles""",The Strip,2
t76Rs-fgL1uD422d77PL1g,7fxebHYUwIF6CakxSr70iQ,"""Carnevino""",The Strip,2
0Uw744fw39VWs7-cSjw4uw,7fxebHYUwIF6CakxSr70iQ,"""Carnevino""",The Strip,4
NT6gnnfZFD4kui1dwDPpsQ,7fxebHYUwIF6CakxSr70iQ,"""Carnevino""",The Strip,5
9L5UhQVwWHiEr0IAAopE1w,pik4ebdFa0UcUhnNkivFcg,"""Carmine's Italian Restaurant - Las Vegas""",The Strip,1
rYiR4-do5G_6J4XdToSAYA,Cni2l-VKG_pdospJ6xliXQ,"""Burger Bar""",The Strip,3
TH_9hdtJX67bGgOcGrJ1Fw,7fxebHYUwIF6CakxSr70iQ,"""Carnevino""",The Strip,3
TH_9hdtJX67bGgOcGrJ1Fw,Cni2l-VKG_pdospJ6xliXQ,"""Burger Bar""",The Strip,3
a_wPMdzeDLKfM0NUgo-rnA,CCRgGKhzxSpl38w7yhqKUw,"""Noodles""",The Strip,4
tZDaol0fu27pJNcok0x29Q,CCRgGKhzxSpl38w7yhqKUw,"""Noodles""",The Strip,4
5Wg5OanfZ4-2dCxEo-qjsw,u-67zd1ImTv3EEr5kIdWrA,"""House of Blues - Music Venue""",The Strip,4
RWB10T9xTL6whXoLBZHanQ,Cni2l-VKG_pdospJ6xliXQ,"""Burger Bar""",The Strip,2
ldqh2aWLTW6D2RHDCj_2TA,u-67zd1ImTv3EEr5kIdWrA,"""House of Blues - Music Venue""",The Strip,2
wmLBd6D7jFro03HfzTiPJw,CCRgGKhzxSpl38w7yhqKUw,"""Noodles""",The Strip,5
Q4jHgqTzFo8xTiDCKfamtA,CCRgGKhzxSpl38w7yhqKUw,"""Noodles""",The Strip,1
C0kGy1QWXvOd5gLDp3mMlw,CCRgGKhzxSpl38w7yhqKUw,"""Noodles""",The Strip,3
sXtYdtCP3Ew1gHfxJxk51w,7fxebHYUwIF6CakxSr70iQ,"""Carnevino""",The Strip,5
xoNId4Cwpm9BLddrpIjokw,u-67zd1ImTv3EEr5kIdWrA,"""House of Blues - Music Venue""",The Strip,1
tFKCrRGcvyXK9zo2ldR5rQ,Cni2l-VKG_pdospJ6xliXQ,"""Burger Bar""",The Strip,1
JA4Rw3qdKuGDCFbexnbN5w,CCRgGKhzxSpl38w7yhqKUw,"""Noodles""",The Strip,3
NHY4mU-Bz16YEsnAeu8pwA,Cni2l-VKG_pdospJ6xliXQ,"""Burger Bar""",The Strip,4
jUwcsxFnqXToqpANCpWJgg,CCRgGKhzxSpl38w7yhqKUw,"""Noodles""",The Strip,3
lXAIuBWT0fvt3uAw-shh8A,u-67zd1ImTv3EEr5kIdWrA,"""House of Blues - Music Venue""",The Strip,2
4jUN1yDXAf9MnKDgyGS6jA,pik4ebdFa0UcUhnNkivFcg,"""Carmine's Italian Restaurant - Las Vegas""",The Strip,5
zON1CU6JFzdfuApkO9UlpA,7fxebHYUwIF6CakxSr70iQ,"""Carnevino""",The Strip,1
o6FJhhkKfM4SHWxmKIkVwQ,Cni2l-VKG_pdospJ6xliXQ,"""Burger Bar""",The Strip,5
wWAJ5WEAs7kL7e20RT79kQ,7fxebHYUwIF6CakxSr70iQ,"""Carnevino""",The Strip,2
2t_dWhdm_ZDiseqtfv-p0w,CCRgGKhzxSpl38w7yhqKUw,"""Noodles""",The Strip,2
s5hki5onjeXwkOP5fdBdiw,7fxebHYUwIF6CakxSr70iQ,"""Carnevino""",The Strip,5
fXR2uY5yrZ6EGXa235mOmQ,Cni2l-VKG_pdospJ6xliXQ,"""Burger Bar""",The Strip,4
9c4lx9_THil3xY_HNljWfQ,Cni2l-VKG_pdospJ6xliXQ,"""Burger Bar""",The Strip,5
0_A8aFFKA8sgh11wDi4XBw,pik4ebdFa0UcUhnNkivFcg,"""Carmine's Italian Restaurant - Las Vegas""",The Strip,4
JtYJkFRKbrdKn9aZ7g7dXw,Cni2l-VKG_pdospJ6xliXQ,"""Burger Bar""",The Strip,4
tFy8QQLH9z9wspHBB1fRiQ,pKk7jCFIm96qDdk0laVT2w,"""StripSteak""",The Strip,4
IFSrqlLtdOHHycow2Zzw9Q,pik4ebdFa0UcUhnNkivFcg,"""Carmine's Italian Restaurant - Las Vegas""",The Strip,5
cf2-b2l2FDnBVRM4eSxorQ,Cni2l-VKG_pdospJ6xliXQ,"""Burger Bar""",The Strip,4
NCTPW4Noprdun4vscyY3vw,pKk7jCFIm96qDdk0laVT2w,"""StripSteak""",The Strip,5
pgDM0E9HCId1X_i3jwUylw,Cni2l-VKG_pdospJ6xliXQ,"""Burger Bar""",The Strip,4
nYIRjvzqsJKEI-Nk963Owg,7fxebHYUwIF6CakxSr70iQ,"""Carnevino""",The Strip,4
go6_sJR5aqCO1AcwrzOrUg,pKk7jCFIm96qDdk0laVT2w,"""StripSteak""",The Strip,3
CJv7lhfqN9aL5393iJjd0Q,CCRgGKhzxSpl38w7yhqKUw,"""Noodles""",The Strip,5
Gwu4-ZoDSwpJ91nUOKD0aA,7fxebHYUwIF6CakxSr70iQ,"""Carnevino""",The Strip,5
cMZIfrk-zg3f2fh0zFCjCA,pik4ebdFa0UcUhnNkivFcg,"""Carmine's Italian Restaurant - Las Vegas""",The Strip,5
jYxAiZximCmUX3wWk2Zylg,7fxebHYUwIF6CakxSr70iQ,"""Carnevino""",The Strip,5
4qYuZmlndclYBVy7o_xokg,Cni2l-VKG_pdospJ6xliXQ,"""Burger Bar""",The Strip,5
2I7agqwau43NEBIaYfnAXQ,7fxebHYUwIF6CakxSr70iQ,"""Carnevino""",The Strip,4
elob5ITM9UlFTi5uIGgNmg,7fxebHYUwIF6CakxSr70iQ,"""Carnevino""",The Strip,2
D_b4O9SOD_Cs2DtfLpHmQA,pKk7jCFIm96qDdk0laVT2w,"""StripSteak""",The Strip,4
TbBzINZU7mAZyJhjI0H0Zg,Cni2l-VKG_pdospJ6xliXQ,"""Burger Bar""",The Strip,4
PWDHo16BvvQCIA7GcZhaMw,7fxebHYUwIF6CakxSr70iQ,"""Carnevino""",The Strip,3
1dsB0A0zGi04_JHY54c8GQ,Cni2l-VKG_pdospJ6xliXQ,"""Burger Bar""",The Strip,4
-rNDXmeB2aqzK71qoM5QYQ,Cni2l-VKG_pdospJ6xliXQ,"""Burger Bar""",The Strip,3
nsnFc5dcAVliG3X1yS5Mdw,7fxebHYUwIF6CakxSr70iQ,"""Carnevino""",The Strip,3
tJdPluhO5VcRqhc-YGEMNg,pik4ebdFa0UcUhnNkivFcg,"""Carmine's Italian Restaurant - Las Vegas""",The Strip,1
0nkYjIAMO4MYPtE-rEuXfw,Cni2l-VKG_pdospJ6xliXQ,"""Burger Bar""",The Strip,4
Ii1PkdRpONUNwKC3lmhl1A,pKk7jCFIm96qDdk0laVT2w,"""StripSteak""",The Strip,4
Ii1PkdRpONUNwKC3lmhl1A,Cni2l-VKG_pdospJ6xliXQ,"""Burger Bar""",The Strip,1
yQ44W_VJchcAGkH4JYn5hg,pKk7jCFIm96qDdk0laVT2w,"""StripSteak""",The Strip,5
hDj-3_DipeK8Yy1xb5sX4A,Cni2l-VKG_pdospJ6xliXQ,"""Burger Bar""",The Strip,5
X0X3hiKv5CigUec1XYi_pg,Cni2l-VKG_pdospJ6xliXQ,"""Burger Bar""",The Strip,5
1WNCvBmjVckLNwCzihFSog,7fxebHYUwIF6CakxSr70iQ,"""Carnevino""",The Strip,1
Ucl1chtitDrJKod3cS_bEA,7fxebHYUwIF6CakxSr70iQ,"""Carnevino""",The Strip,4
iRgQyigYlPxikOGh-Fh20A,u-67zd1ImTv3EEr5kIdWrA,"""House of Blues - Music Venue""",The Strip,3
Od12Vlr4wlH7k8fBDMxVjg,pik4ebdFa0UcUhnNkivFcg,"""Carmine's Italian Restaurant - Las Vegas""",The Strip,3
UQB87Neb-M6xbxT6hi9rcw,u-67zd1ImTv3EEr5kIdWrA,"""House of Blues - Music Venue""",The Strip,5
CNaaizAUc2c4WIb1M3BBPw,Cni2l-VKG_pdospJ6xliXQ,"""Burger Bar""",The Strip,4
6PIqVJ_iUEi_OwvLS9TIeQ,pik4ebdFa0UcUhnNkivFcg,"""Carmine's Italian Restaurant - Las Vegas""",The Strip,5
DoPKKgC8Acr7ZvMznYhqZw,Cni2l-VKG_pdospJ6xliXQ,"""Burger Bar""",The Strip,4
jGNbi3TDTyUVRfBDdlZySw,Cni2l-VKG_pdospJ6xliXQ,"""Burger Bar""",The Strip,4
XCW5pJCDhvlW76XTSUEkIg,Cni2l-VKG_pdospJ6xliXQ,"""Burger Bar""",The Strip,5
XCW5pJCDhvlW76XTSUEkIg,u-67zd1ImTv3EEr5kIdWrA,"""House of Blues - Music Venue""",The Strip,4
GUnEdM8n5wmlJrUc0CxOqw,Cni2l-VKG_pdospJ6xliXQ,"""Burger Bar""",The Strip,5
Y3A5aF0d-rbWK8bk48h3Lw,pKk7jCFIm96qDdk0laVT2w,"""StripSteak""",The Strip,5
Y3A5aF0d-rbWK8bk48h3Lw,Cni2l-VKG_pdospJ6xliXQ,"""Burger Bar""",The Strip,4
Q79YNm3K5amSjG_jwsqGXQ,Cni2l-VKG_pdospJ6xliXQ,"""Burger Bar""",The Strip,3
FQCVWJV442bwSIbdUPPpDg,Cni2l-VKG_pdospJ6xliXQ,"""Burger Bar""",The Strip,5
OfkPK6FrtRYzVuRp2k92gA,Cni2l-VKG_pdospJ6xliXQ,"""Burger Bar""",The Strip,2
iGmccHBQtF8xRT4n9zxA6Q,Cni2l-VKG_pdospJ6xliXQ,"""Burger Bar""",The Strip,5
5mkpbkoS0fvpxS-I8iIf_g,Cni2l-VKG_pdospJ6xliXQ,"""Burger Bar""",The Strip,5
r1sLj85JPwZ_KM2eviuLVg,7fxebHYUwIF6CakxSr70iQ,"""Carnevino""",The Strip,4
C1yap_BgC4Vc0d_gOW-9HA,7fxebHYUwIF6CakxSr70iQ,"""Carnevino""",The Strip,4
k5vReReNBV6zoAbDSLsSSA,Cni2l-VKG_pdospJ6xliXQ,"""Burger Bar""",The Strip,2
wud3mpvvW5yoSB_ZjS-Oig,pik4ebdFa0UcUhnNkivFcg,"""Carmine's Italian Restaurant - Las Vegas""",The Strip,3
fdTuNLNTUGMCtBPhFTeEpQ,Cni2l-VKG_pdospJ6xliXQ,"""Burger Bar""",The Strip,2
U-IE7kuSjeAjDcwxhcE3_Q,u-67zd1ImTv3EEr5kIdWrA,"""House of Blues - Music Venue""",The Strip,5
QdozCqGxrpGIcqMq2ndWMw,Cni2l-VKG_pdospJ6xliXQ,"""Burger Bar""",The Strip,5
HmajgVWuJFudI4vdyzfLqg,CCRgGKhzxSpl38w7yhqKUw,"""Noodles""",The Strip,2
aYATgajrWIiL8be0Ty-CbQ,u-67zd1ImTv3EEr5kIdWrA,"""House of Blues - Music Venue""",The Strip,4
opPpHVIp8SKHMJg3_y5Lew,Cni2l-VKG_pdospJ6xliXQ,"""Burger Bar""",The Strip,3
mHfwu2pMsckH7385nvlKmg,7fxebHYUwIF6CakxSr70iQ,"""Carnevino""",The Strip,5
hpB3PqRaxyxbD-PoRNHaTw,Cni2l-VKG_pdospJ6xliXQ,"""Burger Bar""",The Strip,2
gUUbSRGwtaNPUQaWQqtd1A,pKk7jCFIm96qDdk0laVT2w,"""StripSteak""",The Strip,5
0SqNg4AciHSZY6jYQi5pcQ,pKk7jCFIm96qDdk0laVT2w,"""StripSteak""",The Strip,1
dtFz4E1ipa9SckoUQDJpBQ,pik4ebdFa0UcUhnNkivFcg,"""Carmine's Italian Restaurant - Las Vegas""",The Strip,5
-aKwlEg8blrtix87YQXZOw,Cni2l-VKG_pdospJ6xliXQ,"""Burger Bar""",The Strip,5
1vKfqPnc7-eNhYFouRY8eA,pKk7jCFIm96qDdk0laVT2w,"""StripSteak""",The Strip,5
vaONVd09sp0Locps-Vrjmg,pik4ebdFa0UcUhnNkivFcg,"""Carmine's Italian Restaurant - Las Vegas""",The Strip,1
ncw0hsfDucLgagoMK_ZATg,7fxebHYUwIF6CakxSr70iQ,"""Carnevino""",The Strip,1
_k7CkiTMd2CqVbwaeC9qEg,7fxebHYUwIF6CakxSr70iQ,"""Carnevino""",The Strip,5
HaPtQKTZmtIDjyKzjaCmqA,u-67zd1ImTv3EEr5kIdWrA,"""House of Blues - Music Venue""",The Strip,5
AnSsM0kmxxkx5KfwjRoNmw,Cni2l-VKG_pdospJ6xliXQ,"""Burger Bar""",The Strip,4
eiBy5C3FIRQFQFT6W0S4Bw,Cni2l-VKG_pdospJ6xliXQ,"""Burger Bar""",The Strip,5
9ATmpnRIUD-LwdDVLVsv6Q,Cni2l-VKG_pdospJ6xliXQ,"""Burger Bar""",The Strip,5
BmxqEeNmHW2b2nju1vMhmQ,Cni2l-VKG_pdospJ6xliXQ,"""Burger Bar""",The Strip,4
JW-BSmjAJilyzJzBgTUa5Q,CCRgGKhzxSpl38w7yhqKUw,"""Noodles""",The Strip,5
EOyCMCHE3g9QBEOQgLtPEw,pik4ebdFa0UcUhnNkivFcg,"""Carmine's Italian Restaurant - Las Vegas""",The Strip,3
EOyCMCHE3g9QBEOQgLtPEw,Cni2l-VKG_pdospJ6xliXQ,"""Burger Bar""",The Strip,5
GLjWC3oPZJlBUYUw4Hnr-g,Cni2l-VKG_pdospJ6xliXQ,"""Burger Bar""",The Strip,4
nEym5x1BmnIXrx5iP6Eavg,CCRgGKhzxSpl38w7yhqKUw,"""Noodles""",The Strip,2
ieRkjbk5qWRNZMpnMMeA1w,CCRgGKhzxSpl38w7yhqKUw,"""Noodles""",The Strip,5
ZGpwqAq1KXHOT9OP8AYqEw,7fxebHYUwIF6CakxSr70iQ,"""Carnevino""",The Strip,3
o3Lfg7Qsaqf71LAgHDobXw,CCRgGKhzxSpl38w7yhqKUw,"""Noodles""",The Strip,5
toYiosSHFj0aChSdGwE1Ow,Cni2l-VKG_pdospJ6xliXQ,"""Burger Bar""",The Strip,4
VhRCFW-wZH6N42jlYs2R4Q,pKk7jCFIm96qDdk0laVT2w,"""StripSteak""",The Strip,3
gXZYa0TsB9OWH22i-Xjqtw,pik4ebdFa0UcUhnNkivFcg,"""Carmine's Italian Restaurant - Las Vegas""",The Strip,5
q9A50xcX_ksPbtYVsAQgRA,Cni2l-VKG_pdospJ6xliXQ,"""Burger Bar""",The Strip,4
dpMOHaSm-R06Kk3KqujgMQ,Cni2l-VKG_pdospJ6xliXQ,"""Burger Bar""",The Strip,5
h_nErN5SHrDmjKPfplfs_g,Cni2l-VKG_pdospJ6xliXQ,"""Burger Bar""",The Strip,5
C9ItkhVD6iR0YrYg7-jVtw,Cni2l-VKG_pdospJ6xliXQ,"""Burger Bar""",The Strip,5
H7H0ht0bNzt1MWbyY8HXfg,CCRgGKhzxSpl38w7yhqKUw,"""Noodles""",The Strip,2
aYyn4vgYGN3wWr2bizKChw,Cni2l-VKG_pdospJ6xliXQ,"""Burger Bar""",The Strip,2
aJ2brygzlsuU8zVGNnwhAg,7fxebHYUwIF6CakxSr70iQ,"""Carnevino""",The Strip,4
WebTmOVNHQ6t5WhBb64fSQ,pKk7jCFIm96qDdk0laVT2w,"""StripSteak""",The Strip,5
lvMqodZ-wYlXiIgRHpri3g,u-67zd1ImTv3EEr5kIdWrA,"""House of Blues - Music Venue""",The Strip,5
TkizuJ0b5Zf3Yi2bxVamjA,Cni2l-VKG_pdospJ6xliXQ,"""Burger Bar""",The Strip,4
dhYpTcJUp0TFZ-BxA2gS5A,7fxebHYUwIF6CakxSr70iQ,"""Carnevino""",The Strip,5
yrLHntl46YacW8pxM5jxwA,7fxebHYUwIF6CakxSr70iQ,"""Carnevino""",The Strip,5
4TudtR0_22r6Xt01Qy-DmQ,Cni2l-VKG_pdospJ6xliXQ,"""Burger Bar""",The Strip,5
XragcCPF0959KlLQ1HqZVQ,pik4ebdFa0UcUhnNkivFcg,"""Carmine's Italian Restaurant - Las Vegas""",The Strip,4
bdmoKpVnNC1kP3J3Y1NcZg,Cni2l-VKG_pdospJ6xliXQ,"""Burger Bar""",The Strip,5
__05rytNjsye9MBhqB0DMA,pKk7jCFIm96qDdk0laVT2w,"""StripSteak""",The Strip,4
6IDewSf9xsvT58UMJEF_Mg,pik4ebdFa0UcUhnNkivFcg,"""Carmine's Italian Restaurant - Las Vegas""",The Strip,5
CsmimaBL2-ZVb7QPCkIkfg,pKk7jCFIm96qDdk0laVT2w,"""StripSteak""",The Strip,2
4fHi-x86JUwmNkScPkMOlw,7fxebHYUwIF6CakxSr70iQ,"""Carnevino""",The Strip,1
SO5vCEZYPUgEDcdwFcnaPA,pKk7jCFIm96qDdk0laVT2w,"""StripSteak""",The Strip,4
28GvL338IP1NZHmQMrK6gg,CCRgGKhzxSpl38w7yhqKUw,"""Noodles""",The Strip,3
C87Iu0Li_g2oY9wz2WX3RQ,CCRgGKhzxSpl38w7yhqKUw,"""Noodles""",The Strip,1
Ku5JnrVXRDDlKYmp3MoMmA,7fxebHYUwIF6CakxSr70iQ,"""Carnevino""",The Strip,2
6NPQ_jDbM7fHrkZHJnHHTA,Cni2l-VKG_pdospJ6xliXQ,"""Burger Bar""",The Strip,5
bbkq0pldloyGAKfpst8Jmg,Cni2l-VKG_pdospJ6xliXQ,"""Burger Bar""",The Strip,4
X8niKKANe_S4qjNUQiSvug,7fxebHYUwIF6CakxSr70iQ,"""Carnevino""",The Strip,5
6a2ynuHJV8LY6_DuR7vrwQ,CCRgGKhzxSpl38w7yhqKUw,"""Noodles""",The Strip,5
w_csxmLvuE17DOtMWrssDA,pKk7jCFIm96qDdk0laVT2w,"""StripSteak""",The Strip,5
LE_ISCv5wugN1uDIpCatjQ,7fxebHYUwIF6CakxSr70iQ,"""Carnevino""",The Strip,4
JsprdFm7IQrBYYCAKpi8zw,u-67zd1ImTv3EEr5kIdWrA,"""House of Blues - Music Venue""",The Strip,1
cDz4oSLdvlboJQ5Sk-z1yg,pKk7jCFIm96qDdk0laVT2w,"""StripSteak""",The Strip,5
C07dCRn1oTNlnA9zQ0GXzQ,pKk7jCFIm96qDdk0laVT2w,"""StripSteak""",The Strip,4
h4bkNeX8EsbxxzmA6bboNw,7fxebHYUwIF6CakxSr70iQ,"""Carnevino""",The Strip,3
WoE8rLUh8Pu76lWw8soohQ,7fxebHYUwIF6CakxSr70iQ,"""Carnevino""",The Strip,5
MpM-FBMnxxctnG3AQAjPhA,pik4ebdFa0UcUhnNkivFcg,"""Carmine's Italian Restaurant - Las Vegas""",The Strip,4
b5dJE4hr94gusvuL7Fey3Q,Cni2l-VKG_pdospJ6xliXQ,"""Burger Bar""",The Strip,5
0hadV8znzaRRpsSOrJmSVA,pik4ebdFa0UcUhnNkivFcg,"""Carmine's Italian Restaurant - Las Vegas""",The Strip,5
3NT5xD4ezI9ouENhH3RWbQ,Cni2l-VKG_pdospJ6xliXQ,"""Burger Bar""",The Strip,4
bqR8Yk0ZoT5asiMTcTgMcQ,u-67zd1ImTv3EEr5kIdWrA,"""House of Blues - Music Venue""",The Strip,2
HaRQLBBqG5VYeGqDiLG2hA,Cni2l-VKG_pdospJ6xliXQ,"""Burger Bar""",The Strip,5
V_BBb4_P6E1JxpULS19iCg,7fxebHYUwIF6CakxSr70iQ,"""Carnevino""",The Strip,5
xBSFz5aZMQ8TUv3KgGwthw,pKk7jCFIm96qDdk0laVT2w,"""StripSteak""",The Strip,5
VfAfrBGohcjD_CRCwuKz6Q,7fxebHYUwIF6CakxSr70iQ,"""Carnevino""",The Strip,3
Tuz89H5r8KTBGHo_gqT2yg,Cni2l-VKG_pdospJ6xliXQ,"""Burger Bar""",The Strip,5
W5_OS_FuMRWZ0KobEscPlQ,Cni2l-VKG_pdospJ6xliXQ,"""Burger Bar""",The Strip,4
oY7Rpkty_fmFKeLURsLs0Q,7fxebHYUwIF6CakxSr70iQ,"""Carnevino""",The Strip,3
oY7Rpkty_fmFKeLURsLs0Q,pKk7jCFIm96qDdk0laVT2w,"""StripSteak""",The Strip,4
oY7Rpkty_fmFKeLURsLs0Q,Cni2l-VKG_pdospJ6xliXQ,"""Burger Bar""",The Strip,3
_AKTTfyWlxYrS-zRWKky1A,Cni2l-VKG_pdospJ6xliXQ,"""Burger Bar""",The Strip,5
OHH18hww_n6etjhWmHrd7A,u-67zd1ImTv3EEr5kIdWrA,"""House of Blues - Music Venue""",The Strip,3
h_HfM0J7Xk3756oHGmMc9w,Cni2l-VKG_pdospJ6xliXQ,"""Burger Bar""",The Strip,4
PPYZQDoyQ4Wfg6oL80MVFQ,Cni2l-VKG_pdospJ6xliXQ,"""Burger Bar""",The Strip,5
coUj1-1sCSBXQOy8oBSuEw,Cni2l-VKG_pdospJ6xliXQ,"""Burger Bar""",The Strip,4
pGdhU7M5_0bsp6BaT7zh8g,CCRgGKhzxSpl38w7yhqKUw,"""Noodles""",The Strip,3
7AZwH142qByRsLlai-2OBw,Cni2l-VKG_pdospJ6xliXQ,"""Burger Bar""",The Strip,4
JYw4OmQhq33CijEojhK72A,Cni2l-VKG_pdospJ6xliXQ,"""Burger Bar""",The Strip,2
VgYsc8h2eQi4NfO4phZeKw,u-67zd1ImTv3EEr5kIdWrA,"""House of Blues - Music Venue""",The Strip,5
MVRjM7vzxvl6N-buX6WI2w,CCRgGKhzxSpl38w7yhqKUw,"""Noodles""",The Strip,4
RRtMl0kS2ntfoxcQPJcmZA,pKk7jCFIm96qDdk0laVT2w,"""StripSteak""",The Strip,3
-4-985rzvuxiwGo65ipN4Q,CCRgGKhzxSpl38w7yhqKUw,"""Noodles""",The Strip,5
bRwHE0RgJuIL4KBl3kuwkQ,Cni2l-VKG_pdospJ6xliXQ,"""Burger Bar""",The Strip,4
NPi15vfyZ-Xeqgr0BT_yOA,Cni2l-VKG_pdospJ6xliXQ,"""Burger Bar""",The Strip,4
_Fmfdw2VvTqcdDeff6_83Q,pKk7jCFIm96qDdk0laVT2w,"""StripSteak""",The Strip,4
AOFDB60pjiXby08lx5HHYQ,u-67zd1ImTv3EEr5kIdWrA,"""House of Blues - Music Venue""",The Strip,4
